#
# There is insufficient memory for the Java Runtime Environment to continue.
# Native memory allocation (malloc) failed to allocate 1022896 bytes. Error detail: Chunk::new
# Possible reasons:
#   The system is out of physical RAM or swap space
#   This process is running with CompressedOops enabled, and the Java Heap may be blocking the growth of the native heap
# Possible solutions:
#   Reduce memory load on the system
#   Increase physical memory or swap space
#   Check if swap backing store is full
#   Decrease Java heap size (-Xmx/-Xms)
#   Decrease number of Java threads
#   Decrease Java thread stack sizes (-Xss)
#   Set larger code cache with -XX:ReservedCodeCacheSize=
#   JVM is running with Unscaled Compressed Oops mode in which the Java heap is
#     placed in the first 4GB address space. The Java Heap base address is the
#     maximum limit for the native heap growth. Please use -XX:HeapBaseMinAddress
#     to set the Java Heap base and to place the Java Heap above 4GB virtual address.
# This output file may be truncated or incomplete.
#
#  Out of Memory Error (arena.cpp:191), pid=37348, tid=31912
#
# JRE version: OpenJDK Runtime Environment Temurin-17.0.19+10 (17.0.19+10) (build 17.0.19+10)
# Java VM: OpenJDK 64-Bit Server VM Temurin-17.0.19+10 (17.0.19+10, mixed mode, sharing, tiered, compressed oops, compressed class ptrs, g1 gc, windows-amd64)
# No core dump will be written. Minidumps are not enabled by default on client versions of Windows
#

---------------  S U M M A R Y ------------

Command Line: -XX:MaxMetaspaceSize=128m --add-opens=java.base/java.util=ALL-UNNAMED --add-opens=java.base/java.lang=ALL-UNNAMED --add-opens=java.base/java.lang.invoke=ALL-UNNAMED --add-opens=java.prefs/java.util.prefs=ALL-UNNAMED --add-opens=java.base/java.nio.charset=ALL-UNNAMED --add-opens=java.base/java.net=ALL-UNNAMED --add-opens=java.base/java.util.concurrent.atomic=ALL-UNNAMED -Xmx512m -Dfile.encoding=windows-1252 -Duser.country=FR -Duser.language=fr -Duser.variant org.gradle.launcher.daemon.bootstrap.GradleDaemon 8.0.1

Host: AMD Ryzen 7 5700U with Radeon Graphics         , 16 cores, 13G,  Windows 11 , 64 bit Build 26100 (10.0.26100.8521)
Time: Tue Jun  9 13:00:42 2026 Paris, Madrid (heure duild 26100 (10.0.26100.8521) elapsed time: 73.793227 seconds (0d 0h 1m 13s)

---------------  T H R E A D  ---------------

Current thread (0x00000196ac503aa0):  JavaThread "C2 CompilerThread2" daemon [_thread_in_native, id=31912, stack(0x0000001bcf500000,0x0000001bcf600000)]


Current CompileTask:
C2:73793 11332       4       org.gradle.internal.resource.transfer.ResourceOperation::logProcessedBytes (87 bytes)

Stack: [0x0000001bcf500000,0x0000001bcf600000]
Native frames: (J=compiled Java code, j=interpreted, Vv=VM code, C=native code)
V  [jvm.dll+0x684b29]
V  [jvm.dll+0x83a2d5]
V  [jvm.dll+0x83bd4e]
V  [jvm.dll+0x83c3d3]
V  [jvm.dll+0x24905f]
V  [jvm.dll+0xad536]
V  [jvm.dll+0xadbdc]
V  [jvm.dll+0x2b073f]
V  [jvm.dll+0x58aea5]
V  [jvm.dll+0x222fe4]
V  [jvm.dll+0x2233dd]
V  [jvm.dll+0x21c08b]
V  [jvm.dll+0x2191a2]
V  [jvm.dll+0x1a49f0]
V  [jvm.dll+0x2299fa]
V  [jvm.dll+0x227bab]
V  [jvm.dll+0x7f0a88]
V  [jvm.dll+0x7eaf1c]
V  [jvm.dll+0x6839f7]
C  [ucrtbase.dll+0x2cd30]
C  [KERNEL32.DLL+0x2e957]
C  [ntdll.dll+0x87c1c]


---------------  P R O C E S S  ---------------

Threads class SMR info:
_java_thread_list=0x00000196bbd48f60, length=246, elements={
0x0000019690cbdf50, 0x00000196ac353f50, 0x00000196ac354a20, 0x00000196ac373fc0,
0x00000196ac374890, 0x00000196ac375160, 0x00000196ac377a40, 0x00000196ac387780,
0x00000196ac38acc0, 0x00000196ac4e8080, 0x00000196ac6335e0, 0x00000196ac632bc0,
0x00000196ac635440, 0x00000196ac631c90, 0x00000196ac6330d0, 0x00000196ac634000,
0x00000196ac6321a0, 0x00000196ac633af0, 0x00000196ac634510, 0x00000196ac634a20,
0x00000196ac634f30, 0x00000196ba9955b0, 0x00000196ba993c60, 0x00000196ba993240,
0x00000196ba9964e0, 0x00000196ba995fd0, 0x00000196ba994b90, 0x00000196ba9950a0,
0x00000196ba993750, 0x00000196ba992d30, 0x00000196ba9969f0, 0x00000196ba996f00,
0x00000196ba997410, 0x00000196ba994680, 0x00000196ba99a1a0, 0x00000196ba998340,
0x00000196ba998850, 0x00000196ba998d60, 0x00000196ba999c90, 0x00000196ba99a6b0,
0x00000196bc9cbaa0, 0x00000196bc9cc4c0, 0x00000196bc9ccee0, 0x00000196bc9cc9d0,
0x00000196bc9cde10, 0x00000196bc9cbfb0, 0x00000196bc9ce830, 0x00000196bc9cd3f0,
0x00000196bc9cd900, 0x00000196bc9ce320, 0x00000196bc9ced40, 0x00000196bc9cb590,
0x00000196bc9d0690, 0x00000196bc9d1ad0, 0x00000196bc9d1fe0, 0x00000196bc9d24f0,
0x00000196bc9d15c0, 0x00000196bc9d2a00, 0x00000196bc9d10b0, 0x00000196bc9cf250,
0x00000196bc9cfc70, 0x00000196bc9d0180, 0x00000196bc9cf760, 0x00000196bc9d0ba0,
0x00000196bc9d2f10, 0x00000196ac6326b0, 0x00000196ac866700, 0x00000196ac8661f0,
0x00000196ac862f50, 0x00000196ac864db0, 0x00000196ac866c10, 0x00000196ac863460,
0x00000196ac867120, 0x00000196ac865ce0, 0x00000196ac863970, 0x00000196ac867630,
0x00000196ac8657d0, 0x00000196ac863e80, 0x00000196ac8652c0, 0x00000196ac869eb0,
0x00000196ac86a8d0, 0x00000196ac869490, 0x00000196ac8699a0, 0x00000196ac868a70,
0x00000196ac868f80, 0x00000196b963c0e0, 0x00000196b963c5f0, 0x00000196b963e450,
0x00000196b963e960, 0x00000196b963ee70, 0x00000196b963da30, 0x00000196b963cb00,
0x00000196b963b6c0, 0x00000196b963d010, 0x00000196b963d520, 0x00000196b963df40,
0x00000196b963bbd0, 0x00000196b9642b30, 0x00000196b9642110, 0x00000196b96416f0,
0x00000196b963f890, 0x00000196b963f380, 0x00000196b96407c0, 0x00000196b9641c00,
0x00000196b9643040, 0x00000196b963fda0, 0x00000196b9642620, 0x00000196b96402b0,
0x00000196b9640cd0, 0x00000196b96411e0, 0x00000196bbc39b00, 0x00000196bbc381b0,
0x00000196bbc3a010, 0x00000196bbc386c0, 0x00000196bbc390e0, 0x00000196bbc38bd0,
0x00000196bbc3a520, 0x00000196bbc395f0, 0x00000196bbc3aa30, 0x00000196bbc3af40,
0x00000196bbc3b450, 0x00000196bbc37ca0, 0x00000196bbc3ec00, 0x00000196bbc3c890,
0x00000196bbc3f110, 0x00000196bbc3cda0, 0x00000196bbc3f620, 0x00000196bbc3be70,
0x00000196bbc3dcd0, 0x00000196bbc3e1e0, 0x00000196ac505530, 0x00000196bbc3d2b0,
0x00000196bbc3d7c0, 0x00000196bbc3e6f0, 0x00000196bc9d5960, 0x00000196bc9d77c0,
0x00000196bc9d6890, 0x00000196bc9d5e70, 0x00000196bc9d72b0, 0x00000196bc9d4a30,
0x00000196bc9d6da0, 0x00000196bc9d7cd0, 0x00000196bc9d81e0, 0x00000196bc9d86f0,
0x00000196bc9d4f40, 0x00000196bc9d8c00, 0x00000196bc9d6380, 0x00000196bc9d5450,
0x00000196bc9db990, 0x00000196bc9daa60, 0x00000196bc9d9110, 0x00000196bc9dbea0,
0x00000196bc9da040, 0x00000196bc9da550, 0x00000196bc9dc3b0, 0x00000196bc9d9b30,
0x00000196bc9d9620, 0x00000196bc9daf70, 0x00000196bc9db480, 0x00000196bd3e5a20,
0x00000196bd3e6950, 0x00000196bd3e91d0, 0x00000196bd3e6e60, 0x00000196bd3e7370,
0x00000196bd3e7880, 0x00000196bd3e82a0, 0x00000196bd3e7d90, 0x00000196bd3e8cc0,
0x00000196bd3e96e0, 0x00000196bd3e87b0, 0x00000196bd3e5f30, 0x00000196bd3e9bf0,
0x00000196bd3e6440, 0x00000196bd3eba50, 0x00000196bd3ebf60, 0x00000196bd3eb030,
0x00000196bd3ec470, 0x00000196bd3eb540, 0x00000196bd3ec980, 0x00000196bd3ece90,
0x00000196bd3ea610, 0x00000196bd3eab20, 0x00000196bd3ed3a0, 0x00000196bd3ea100,
0x00000196bb28d850, 0x00000196bb28b4e0, 0x00000196bb28c410, 0x00000196bb28c920,
0x00000196bb28bf00, 0x00000196bb28afd0, 0x00000196bb28dd60, 0x00000196bb28ce30,
0x00000196bb28b9f0, 0x00000196bb28a5b0, 0x00000196bb28e270, 0x00000196bb28d340,
0x00000196bb28aac0, 0x00000196bb291510, 0x00000196bb28ec90, 0x00000196bb291a20,
0x00000196bb28f6b0, 0x00000196bb2905e0, 0x00000196bb291f30, 0x00000196bb28e780,
0x00000196bb28f1a0, 0x00000196bb28fbc0, 0x00000196bb2900d0, 0x00000196bb290af0,
0x00000196bb291000, 0x00000196b9c78d20, 0x00000196b9c78300, 0x00000196b9c778e0,
0x00000196b9c77df0, 0x00000196b9c75f90, 0x00000196b9c773d0, 0x00000196b9c78810,
0x00000196b9c764a0, 0x00000196b9c79230, 0x00000196b9c75a80, 0x00000196b9c79c50,
0x00000196b9c76ec0, 0x00000196b9c79740, 0x00000196b9c7a160, 0x00000196b9c769b0,
0x00000196b9c7bab0, 0x00000196b9c7b5a0, 0x00000196b9c7bfc0, 0x00000196b9c7b090,
0x00000196b9c7c4d0, 0x00000196b9c7a670, 0x00000196b9c7c9e0, 0x00000196b9c7d400,
0x00000196b9c7cef0, 0x00000196b9c7d910, 0x00000196b9c7de20, 0x00000196b9c7e330,
0x00000196b9c7ab80, 0x00000196b9c7fc80, 0x00000196b9c810c0, 0x00000196ac502ab0,
0x00000196ac501ac0, 0x00000196ac503ff0, 0x00000196ac503aa0, 0x00000196ac504540,
0x00000196ac501020, 0x00000196ac500ad0
}

Java Threads: ( => current thread )
  0x0000019690cbdf50 JavaThread "main" [_thread_blocked, id=36408, stack(0x0000001bbea00000,0x0000001bbeb00000)]
  0x00000196ac353f50 JavaThread "Reference Handler" daemon [_thread_blocked, id=39944, stack(0x0000001bbf100000,0x0000001bbf200000)]
  0x00000196ac354a20 JavaThread "Finalizer" daemon [_thread_blocked, id=24212, stack(0x0000001bbf200000,0x0000001bbf300000)]
  0x00000196ac373fc0 JavaThread "Signal Dispatcher" daemon [_thread_blocked, id=43792, stack(0x0000001bbf300000,0x0000001bbf400000)]
  0x00000196ac374890 JavaThread "Attach Listener" daemon [_thread_blocked, id=32832, stack(0x0000001bbf400000,0x0000001bbf500000)]
  0x00000196ac375160 JavaThread "Service Thread" daemon [_thread_blocked, id=40536, stack(0x0000001bbf500000,0x0000001bbf600000)]
  0x00000196ac377a40 JavaThread "Monitor Deflation Thread" daemon [_thread_blocked, id=45176, stack(0x0000001bbf600000,0x0000001bbf700000)]
  0x00000196ac387780 JavaThread "C2 CompilerThread0" daemon [_thread_in_native, id=21068, stack(0x0000001bbf700000,0x0000001bbf800000)]
  0x00000196ac38acc0 JavaThread "C1 CompilerThread0" daemon [_thread_blocked, id=43976, stack(0x0000001bbf800000,0x0000001bbf900000)]
  0x00000196ac4e8080 JavaThread "Sweeper thread" daemon [_thread_blocked, id=17332, stack(0x0000001bbf900000,0x0000001bbfa00000)]
  0x00000196ac6335e0 JavaThread "Common-Cleaner" daemon [_thread_blocked, id=39628, stack(0x0000001bbfc00000,0x0000001bbfd00000)]
  0x00000196ac632bc0 JavaThread "Notification Thread" daemon [_thread_blocked, id=35220, stack(0x0000001bbfd00000,0x0000001bbfe00000)]
  0x00000196ac635440 JavaThread "Daemon health stats" [_thread_blocked, id=39728, stack(0x0000001bc0600000,0x0000001bc0700000)]
  0x00000196ac631c90 JavaThread "Incoming local TCP Connector on port 60160" [_thread_in_native, id=37660, stack(0x0000001bc0000000,0x0000001bc0100000)]
  0x00000196ac6330d0 JavaThread "Daemon periodic checks" [_thread_blocked, id=45588, stack(0x0000001bc0700000,0x0000001bc0800000)]
  0x00000196ac634000 JavaThread "Daemon" [_thread_blocked, id=21208, stack(0x0000001bc0800000,0x0000001bc0900000)]
  0x00000196ac6321a0 JavaThread "Handler for socket connection from /127.0.0.1:60160 to /127.0.0.1:60161" [_thread_in_native, id=42864, stack(0x0000001bc0900000,0x0000001bc0a00000)]
  0x00000196ac633af0 JavaThread "Cancel handler" [_thread_blocked, id=42604, stack(0x0000001bc0a00000,0x0000001bc0b00000)]
  0x00000196ac634510 JavaThread "Daemon worker" [_thread_blocked, id=39172, stack(0x0000001bc0b00000,0x0000001bc0c00000)]
  0x00000196ac634a20 JavaThread "Asynchronous log dispatcher for DefaultDaemonConnection: socket connection from /127.0.0.1:60160 to /127.0.0.1:60161" [_thread_blocked, id=35828, stack(0x0000001bc0c00000,0x0000001bc0d00000)]
  0x00000196ac634f30 JavaThread "Stdin handler" [_thread_blocked, id=45224, stack(0x0000001bc0d00000,0x0000001bc0e00000)]
  0x00000196ba9955b0 JavaThread "Daemon client event forwarder" [_thread_blocked, id=43956, stack(0x0000001bc0e00000,0x0000001bc0f00000)]
  0x00000196ba993c60 JavaThread "Cache worker for journal cache (C:\Users\Albin\.gradle\caches\journal-1)" [_thread_blocked, id=43088, stack(0x0000001bc0f00000,0x0000001bc1000000)]
  0x00000196ba993240 JavaThread "File lock request listener" [_thread_in_native, id=33956, stack(0x0000001bc1000000,0x0000001bc1100000)]
  0x00000196ba9964e0 JavaThread "Cache worker for file hash cache (C:\Users\Albin\.gradle\caches\8.0.1\fileHashes)" [_thread_blocked, id=33140, stack(0x0000001bbff00000,0x0000001bc0000000)]
  0x00000196ba995fd0 JavaThread "File watcher server" daemon [_thread_in_native, id=41008, stack(0x0000001bc1300000,0x0000001bc1400000)]
  0x00000196ba994b90 JavaThread "File watcher consumer" daemon [_thread_blocked, id=42688, stack(0x0000001bc1400000,0x0000001bc1500000)]
  0x00000196ba9950a0 JavaThread "Cache worker for checksums cache (C:\Users\Albin\Documents\EPSI\E5\inexia-connect\mobile\android\.gradle\8.0.1\checksums)" [_thread_blocked, id=35984, stack(0x0000001bc1500000,0x0000001bc1600000)]
  0x00000196ba993750 JavaThread "Cache worker for cache directory md-rule (C:\Users\Albin\.gradle\caches\8.0.1\md-rule)" [_thread_blocked, id=25364, stack(0x0000001bc1600000,0x0000001bc1700000)]
  0x00000196ba992d30 JavaThread "Cache worker for file content cache (C:\Users\Albin\.gradle\caches\8.0.1\fileContent)" [_thread_blocked, id=45516, stack(0x0000001bc1700000,0x0000001bc1800000)]
  0x00000196ba9969f0 JavaThread "Cache worker for file hash cache (C:\Users\Albin\Documents\EPSI\E5\inexia-connect\mobile\android\.gradle\8.0.1\fileHashes)" [_thread_blocked, id=15476, stack(0x0000001bc2200000,0x0000001bc2300000)]
  0x00000196ba996f00 JavaThread "Cache worker for cache directory md-supplier (C:\Users\Albin\.gradle\caches\8.0.1\md-supplier)" [_thread_blocked, id=27548, stack(0x0000001bc2300000,0x0000001bc2400000)]
  0x00000196ba997410 JavaThread "Cache worker for execution history cache (C:\Users\Albin\.gradle\caches\8.0.1\executionHistory)" [_thread_blocked, id=42696, stack(0x0000001bc1100000,0x0000001bc1200000)]
  0x00000196ba994680 JavaThread "jar transforms" [_thread_blocked, id=41688, stack(0x0000001bc2900000,0x0000001bc2a00000)]
  0x00000196ba99a1a0 JavaThread "jar transforms Thread 2" [_thread_blocked, id=28540, stack(0x0000001bc2a00000,0x0000001bc2b00000)]
  0x00000196ba998340 JavaThread "jar transforms Thread 3" [_thread_blocked, id=11648, stack(0x0000001bc2600000,0x0000001bc2700000)]
  0x00000196ba998850 JavaThread "jar transforms Thread 4" [_thread_blocked, id=12588, stack(0x0000001bc2b00000,0x0000001bc2c00000)]
  0x00000196ba998d60 JavaThread "jar transforms Thread 5" [_thread_blocked, id=17420, stack(0x0000001bc2c00000,0x0000001bc2d00000)]
  0x00000196ba999c90 JavaThread "jar transforms Thread 6" [_thread_blocked, id=45356, stack(0x0000001bc2d00000,0x0000001bc2e00000)]
  0x00000196ba99a6b0 JavaThread "jar transforms Thread 7" [_thread_blocked, id=12196, stack(0x0000001bc0100000,0x0000001bc0200000)]
  0x00000196bc9cbaa0 JavaThread "jar transforms Thread 8" [_thread_blocked, id=44120, stack(0x0000001bc1200000,0x0000001bc1300000)]
  0x00000196bc9cc4c0 JavaThread "Cache worker for kotlin-dsl (C:\Users\Albin\.gradle\caches\8.0.1\kotlin-dsl)" [_thread_blocked, id=44936, stack(0x0000001bc2500000,0x0000001bc2600000)]
  0x00000196bc9ccee0 JavaThread "jar transforms Thread 9" [_thread_blocked, id=30120, stack(0x0000001bc3000000,0x0000001bc3100000)]
  0x00000196bc9cc9d0 JavaThread "jar transforms Thread 10" [_thread_blocked, id=45780, stack(0x0000001bc3100000,0x0000001bc3200000)]
  0x00000196bc9cde10 JavaThread "Cache worker for dependencies-accessors (C:\Users\Albin\Documents\EPSI\E5\inexia-connect\mobile\android\.gradle\8.0.1\dependencies-accessors)" [_thread_blocked, id=45080, stack(0x0000001bc3200000,0x0000001bc3300000)]
  0x00000196bc9cbfb0 JavaThread "Cache worker for Build Output Cleanup Cache (C:\Users\Albin\Documents\EPSI\E5\inexia-connect\mobile\node_modules\@react-native\gradle-plugin\.gradle\buildOutputCleanup)" [_thread_blocked, id=41232, stack(0x0000001bc3300000,0x0000001bc3400000)]
  0x00000196bc9ce830 JavaThread "jar transforms Thread 11" [_thread_blocked, id=43164, stack(0x0000001bc3400000,0x0000001bc3500000)]
  0x00000196bc9cd3f0 JavaThread "Unconstrained build operations" [_thread_blocked, id=20820, stack(0x0000001bc2e00000,0x0000001bc2f00000)]
  0x00000196bc9cd900 JavaThread "Unconstrained build operations Thread 2" [_thread_blocked, id=38144, stack(0x0000001bc2f00000,0x0000001bc3000000)]
  0x00000196bc9ce320 JavaThread "Unconstrained build operations Thread 3" [_thread_blocked, id=43184, stack(0x0000001bc3500000,0x0000001bc3600000)]
  0x00000196bc9ced40 JavaThread "Unconstrained build operations Thread 4" [_thread_blocked, id=43116, stack(0x0000001bc3600000,0x0000001bc3700000)]
  0x00000196bc9cb590 JavaThread "Unconstrained build operations Thread 5" [_thread_blocked, id=45136, stack(0x0000001bc3700000,0x0000001bc3800000)]
  0x00000196bc9d0690 JavaThread "Unconstrained build operations Thread 6" [_thread_blocked, id=42296, stack(0x0000001bc3800000,0x0000001bc3900000)]
  0x00000196bc9d1ad0 JavaThread "Unconstrained build operations Thread 7" [_thread_blocked, id=45140, stack(0x0000001bc3900000,0x0000001bc3a00000)]
  0x00000196bc9d1fe0 JavaThread "Unconstrained build operations Thread 8" [_thread_blocked, id=42168, stack(0x0000001bc3a00000,0x0000001bc3b00000)]
  0x00000196bc9d24f0 JavaThread "Unconstrained build operations Thread 9" [_thread_blocked, id=45256, stack(0x0000001bc3b00000,0x0000001bc3c00000)]
  0x00000196bc9d15c0 JavaThread "Unconstrained build operations Thread 10" [_thread_blocked, id=17356, stack(0x0000001bc3c00000,0x0000001bc3d00000)]
  0x00000196bc9d2a00 JavaThread "Unconstrained build operations Thread 11" [_thread_blocked, id=43756, stack(0x0000001bc3d00000,0x0000001bc3e00000)]
  0x00000196bc9d10b0 JavaThread "Unconstrained build operations Thread 12" [_thread_blocked, id=44072, stack(0x0000001bc3e00000,0x0000001bc3f00000)]
  0x00000196bc9cf250 JavaThread "Unconstrained build operations Thread 13" [_thread_blocked, id=45364, stack(0x0000001bc3f00000,0x0000001bc4000000)]
  0x00000196bc9cfc70 JavaThread "Unconstrained build operations Thread 14" [_thread_blocked, id=42772, stack(0x0000001bc4000000,0x0000001bc4100000)]
  0x00000196bc9d0180 JavaThread "Unconstrained build operations Thread 15" [_thread_blocked, id=43684, stack(0x0000001bc4100000,0x0000001bc4200000)]
  0x00000196bc9cf760 JavaThread "Unconstrained build operations Thread 16" [_thread_blocked, id=42508, stack(0x0000001bc4200000,0x0000001bc4300000)]
  0x00000196bc9d0ba0 JavaThread "Unconstrained build operations Thread 17" [_thread_blocked, id=45260, stack(0x0000001bc4300000,0x0000001bc4400000)]
  0x00000196bc9d2f10 JavaThread "Unconstrained build operations Thread 18" [_thread_blocked, id=17252, stack(0x0000001bc4400000,0x0000001bc4500000)]
  0x00000196ac6326b0 JavaThread "Unconstrained build operations Thread 19" [_thread_blocked, id=43680, stack(0x0000001bc4500000,0x0000001bc4600000)]
  0x00000196ac866700 JavaThread "Unconstrained build operations Thread 20" [_thread_blocked, id=15156, stack(0x0000001bc4600000,0x0000001bc4700000)]
  0x00000196ac8661f0 JavaThread "Unconstrained build operations Thread 21" [_thread_blocked, id=19168, stack(0x0000001bc4700000,0x0000001bc4800000)]
  0x00000196ac862f50 JavaThread "Unconstrained build operations Thread 22" [_thread_in_native, id=43480, stack(0x0000001bc4800000,0x0000001bc4900000)]
  0x00000196ac864db0 JavaThread "Unconstrained build operations Thread 23" [_thread_blocked, id=30784, stack(0x0000001bc4900000,0x0000001bc4a00000)]
  0x00000196ac866c10 JavaThread "Unconstrained build operations Thread 24" [_thread_blocked, id=44452, stack(0x0000001bc4a00000,0x0000001bc4b00000)]
  0x00000196ac863460 JavaThread "Unconstrained build operations Thread 25" [_thread_in_native, id=43600, stack(0x0000001bc4b00000,0x0000001bc4c00000)]
  0x00000196ac867120 JavaThread "Unconstrained build operations Thread 26" [_thread_blocked, id=45748, stack(0x0000001bc4c00000,0x0000001bc4d00000)]
  0x00000196ac865ce0 JavaThread "jar transforms Thread 12" [_thread_blocked, id=45544, stack(0x0000001bc4d00000,0x0000001bc4e00000)]
  0x00000196ac863970 JavaThread "jar transforms Thread 13" [_thread_blocked, id=17568, stack(0x0000001bc4e00000,0x0000001bc4f00000)]
  0x00000196ac867630 JavaThread "jar transforms Thread 14" [_thread_blocked, id=32924, stack(0x0000001bc4f00000,0x0000001bc5000000)]
  0x00000196ac8657d0 JavaThread "jar transforms Thread 15" [_thread_blocked, id=44252, stack(0x0000001bc5000000,0x0000001bc5100000)]
  0x00000196ac863e80 JavaThread "jar transforms Thread 16" [_thread_blocked, id=39240, stack(0x0000001bc5100000,0x0000001bc5200000)]
  0x00000196ac8652c0 JavaThread "Memory manager" [_thread_blocked, id=42248, stack(0x0000001bc5300000,0x0000001bc5400000)]
  0x00000196ac869eb0 JavaThread "Cache worker for Build Output Cleanup Cache (C:\Users\Albin\Documents\EPSI\E5\inexia-connect\mobile\android\.gradle\buildOutputCleanup)" [_thread_blocked, id=16012, stack(0x0000001bc5500000,0x0000001bc5600000)]
  0x00000196ac86a8d0 JavaThread "included builds" [_thread_blocked, id=40768, stack(0x0000001bc5700000,0x0000001bc5800000)]
  0x00000196ac869490 JavaThread "Execution worker" [_thread_blocked, id=20372, stack(0x0000001bc5800000,0x0000001bc5900000)]
  0x00000196ac8699a0 JavaThread "Execution worker Thread 2" [_thread_blocked, id=13108, stack(0x0000001bc5900000,0x0000001bc5a00000)]
  0x00000196ac868a70 JavaThread "Execution worker Thread 3" [_thread_blocked, id=3804, stack(0x0000001bc5a00000,0x0000001bc5b00000)]
  0x00000196ac868f80 JavaThread "Execution worker Thread 4" [_thread_blocked, id=44244, stack(0x0000001bc5b00000,0x0000001bc5c00000)]
  0x00000196b963c0e0 JavaThread "Execution worker Thread 5" [_thread_blocked, id=33732, stack(0x0000001bc5c00000,0x0000001bc5d00000)]
  0x00000196b963c5f0 JavaThread "Execution worker Thread 6" [_thread_blocked, id=11096, stack(0x0000001bc5d00000,0x0000001bc5e00000)]
  0x00000196b963e450 JavaThread "Execution worker Thread 7" [_thread_blocked, id=18972, stack(0x0000001bc5e00000,0x0000001bc5f00000)]
  0x00000196b963e960 JavaThread "Execution worker Thread 8" [_thread_blocked, id=10392, stack(0x0000001bc5f00000,0x0000001bc6000000)]
  0x00000196b963ee70 JavaThread "Execution worker Thread 9" [_thread_blocked, id=43264, stack(0x0000001bc6000000,0x0000001bc6100000)]
  0x00000196b963da30 JavaThread "Execution worker Thread 10" [_thread_blocked, id=43300, stack(0x0000001bc6100000,0x0000001bc6200000)]
  0x00000196b963cb00 JavaThread "Execution worker Thread 11" [_thread_blocked, id=2016, stack(0x0000001bc6200000,0x0000001bc6300000)]
  0x00000196b963b6c0 JavaThread "Execution worker Thread 12" [_thread_blocked, id=43176, stack(0x0000001bc6300000,0x0000001bc6400000)]
  0x00000196b963d010 JavaThread "Execution worker Thread 13" [_thread_blocked, id=43012, stack(0x0000001bc6400000,0x0000001bc6500000)]
  0x00000196b963d520 JavaThread "Execution worker Thread 14" [_thread_blocked, id=13516, stack(0x0000001bc6500000,0x0000001bc6600000)]
  0x00000196b963df40 JavaThread "Execution worker Thread 15" [_thread_blocked, id=32460, stack(0x0000001bc6600000,0x0000001bc6700000)]
  0x00000196b963bbd0 JavaThread "Cache worker for execution history cache (C:\Users\Albin\Documents\EPSI\E5\inexia-connect\mobile\node_modules\@react-native\gradle-plugin\.gradle\8.0.1\executionHistory)" [_thread_blocked, id=45696, stack(0x0000001bc6700000,0x0000001bc6800000)]
  0x00000196b9642b30 JavaThread "Unconstrained build operations Thread 27" [_thread_blocked, id=44880, stack(0x0000001bc6800000,0x0000001bc6900000)]
  0x00000196b9642110 JavaThread "Unconstrained build operations Thread 28" [_thread_blocked, id=37684, stack(0x0000001bc6900000,0x0000001bc6a00000)]
  0x00000196b96416f0 JavaThread "Unconstrained build operations Thread 29" [_thread_blocked, id=45740, stack(0x0000001bc6a00000,0x0000001bc6b00000)]
  0x00000196b963f890 JavaThread "Unconstrained build operations Thread 30" [_thread_blocked, id=21028, stack(0x0000001bc6b00000,0x0000001bc6c00000)]
  0x00000196b963f380 JavaThread "Unconstrained build operations Thread 31" [_thread_blocked, id=45284, stack(0x0000001bc6c00000,0x0000001bc6d00000)]
  0x00000196b96407c0 JavaThread "Unconstrained build operations Thread 32" [_thread_blocked, id=44200, stack(0x0000001bc6d00000,0x0000001bc6e00000)]
  0x00000196b9641c00 JavaThread "Unconstrained build operations Thread 33" [_thread_blocked, id=45752, stack(0x0000001bc6e00000,0x0000001bc6f00000)]
  0x00000196b9643040 JavaThread "Unconstrained build operations Thread 34" [_thread_blocked, id=43244, stack(0x0000001bc6f00000,0x0000001bc7000000)]
  0x00000196b963fda0 JavaThread "Unconstrained build operations Thread 35" [_thread_blocked, id=36964, stack(0x0000001bc7000000,0x0000001bc7100000)]
  0x00000196b9642620 JavaThread "Unconstrained build operations Thread 36" [_thread_blocked, id=43400, stack(0x0000001bc7100000,0x0000001bc7200000)]
  0x00000196b96402b0 JavaThread "Unconstrained build operations Thread 37" [_thread_blocked, id=10724, stack(0x0000001bc7200000,0x0000001bc7300000)]
  0x00000196b9640cd0 JavaThread "Unconstrained build operations Thread 38" [_thread_blocked, id=38956, stack(0x0000001bc7300000,0x0000001bc7400000)]
  0x00000196b96411e0 JavaThread "Unconstrained build operations Thread 39" [_thread_blocked, id=32904, stack(0x0000001bc7400000,0x0000001bc7500000)]
  0x00000196bbc39b00 JavaThread "Unconstrained build operations Thread 40" [_thread_blocked, id=45488, stack(0x0000001bc7500000,0x0000001bc7600000)]
  0x00000196bbc381b0 JavaThread "Unconstrained build operations Thread 41" [_thread_blocked, id=44780, stack(0x0000001bc7600000,0x0000001bc7700000)]
  0x00000196bbc3a010 JavaThread "Unconstrained build operations Thread 42" [_thread_blocked, id=45360, stack(0x0000001bc7700000,0x0000001bc7800000)]
  0x00000196bbc386c0 JavaThread "Unconstrained build operations Thread 43" [_thread_blocked, id=42984, stack(0x0000001bc7800000,0x0000001bc7900000)]
  0x00000196bbc390e0 JavaThread "Unconstrained build operations Thread 44" [_thread_blocked, id=46008, stack(0x0000001bc7900000,0x0000001bc7a00000)]
  0x00000196bbc38bd0 JavaThread "Unconstrained build operations Thread 45" [_thread_blocked, id=44848, stack(0x0000001bc7a00000,0x0000001bc7b00000)]
  0x00000196bbc3a520 JavaThread "Unconstrained build operations Thread 46" [_thread_blocked, id=38780, stack(0x0000001bc7b00000,0x0000001bc7c00000)]
  0x00000196bbc395f0 JavaThread "Unconstrained build operations Thread 47" [_thread_blocked, id=43564, stack(0x0000001bc7c00000,0x0000001bc7d00000)]
  0x00000196bbc3aa30 JavaThread "Unconstrained build operations Thread 48" [_thread_blocked, id=43852, stack(0x0000001bc7d00000,0x0000001bc7e00000)]
  0x00000196bbc3af40 JavaThread "Unconstrained build operations Thread 49" [_thread_blocked, id=8176, stack(0x0000001bc7e00000,0x0000001bc7f00000)]
  0x00000196bbc3b450 JavaThread "Unconstrained build operations Thread 50" [_thread_blocked, id=45328, stack(0x0000001bc7f00000,0x0000001bc8000000)]
  0x00000196bbc37ca0 JavaThread "Unconstrained build operations Thread 51" [_thread_blocked, id=45036, stack(0x0000001bc8000000,0x0000001bc8100000)]
  0x00000196bbc3ec00 JavaThread "Unconstrained build operations Thread 52" [_thread_blocked, id=25472, stack(0x0000001bc5400000,0x0000001bc5500000)]
  0x00000196bbc3c890 JavaThread "WorkerExecutor Queue" [_thread_blocked, id=43048, stack(0x0000001bc5200000,0x0000001bc5300000)]
  0x00000196bbc3f110 JavaThread "RMI Scheduler(0)" daemon [_thread_blocked, id=17132, stack(0x0000001bbfa00000,0x0000001bbfb00000)]
  0x00000196bbc3cda0 JavaThread "RMI GC Daemon" daemon [_thread_blocked, id=30584, stack(0x0000001bc2400000,0x0000001bc2500000)]
  0x00000196bbc3f620 JavaThread "RMI TCP Accept-0" daemon [_thread_in_native, id=42528, stack(0x0000001bc5600000,0x0000001bc5700000)]
  0x00000196bbc3be70 JavaThread "RMI Reaper" [_thread_blocked, id=42136, stack(0x0000001bc8100000,0x0000001bc8200000)]
  0x00000196bbc3dcd0 JavaThread "RMI TCP Connection(2)-127.0.0.1" daemon [_thread_in_native, id=40064, stack(0x0000001bc8200000,0x0000001bc8300000)]
  0x00000196bbc3e1e0 JavaThread "File lock release action executor" [_thread_blocked, id=33212, stack(0x0000001bc8500000,0x0000001bc8600000)]
  0x00000196ac505530 JavaThread "C1 CompilerThread1" daemon [_thread_blocked, id=33988, stack(0x0000001bbe800000,0x0000001bbe900000)]
  0x00000196bbc3d2b0 JavaThread "Unconstrained build operations Thread 53" [_thread_blocked, id=44844, stack(0x0000001bbe900000,0x0000001bbea00000)]
  0x00000196bbc3d7c0 JavaThread "Unconstrained build operations Thread 54" [_thread_blocked, id=32080, stack(0x0000001bbfb00000,0x0000001bbfc00000)]
  0x00000196bbc3e6f0 JavaThread "Unconstrained build operations Thread 55" [_thread_blocked, id=43172, stack(0x0000001bc8600000,0x0000001bc8700000)]
  0x00000196bc9d5960 JavaThread "Unconstrained build operations Thread 56" [_thread_blocked, id=34300, stack(0x0000001bc8700000,0x0000001bc8800000)]
  0x00000196bc9d77c0 JavaThread "Unconstrained build operations Thread 57" [_thread_blocked, id=34464, stack(0x0000001bc8800000,0x0000001bc8900000)]
  0x00000196bc9d6890 JavaThread "Unconstrained build operations Thread 58" [_thread_in_Java, id=27524, stack(0x0000001bc8900000,0x0000001bc8a00000)]
  0x00000196bc9d5e70 JavaThread "Unconstrained build operations Thread 59" [_thread_blocked, id=38248, stack(0x0000001bc8a00000,0x0000001bc8b00000)]
  0x00000196bc9d72b0 JavaThread "Unconstrained build operations Thread 60" [_thread_blocked, id=37740, stack(0x0000001bc8b00000,0x0000001bc8c00000)]
  0x00000196bc9d4a30 JavaThread "Unconstrained build operations Thread 61" [_thread_blocked, id=16608, stack(0x0000001bc8c00000,0x0000001bc8d00000)]
  0x00000196bc9d6da0 JavaThread "Unconstrained build operations Thread 62" [_thread_blocked, id=41696, stack(0x0000001bc8d00000,0x0000001bc8e00000)]
  0x00000196bc9d7cd0 JavaThread "Unconstrained build operations Thread 63" [_thread_blocked, id=6864, stack(0x0000001bc8e00000,0x0000001bc8f00000)]
  0x00000196bc9d81e0 JavaThread "Unconstrained build operations Thread 64" [_thread_in_native, id=45116, stack(0x0000001bc8f00000,0x0000001bc9000000)]
  0x00000196bc9d86f0 JavaThread "Unconstrained build operations Thread 65" [_thread_blocked, id=39216, stack(0x0000001bc9000000,0x0000001bc9100000)]
  0x00000196bc9d4f40 JavaThread "Unconstrained build operations Thread 66" [_thread_blocked, id=19892, stack(0x0000001bc9100000,0x0000001bc9200000)]
  0x00000196bc9d8c00 JavaThread "Unconstrained build operations Thread 67" [_thread_blocked, id=27436, stack(0x0000001bc9200000,0x0000001bc9300000)]
  0x00000196bc9d6380 JavaThread "Unconstrained build operations Thread 68" [_thread_blocked, id=19072, stack(0x0000001bc9300000,0x0000001bc9400000)]
  0x00000196bc9d5450 JavaThread "Unconstrained build operations Thread 69" [_thread_blocked, id=18268, stack(0x0000001bc9400000,0x0000001bc9500000)]
  0x00000196bc9db990 JavaThread "Unconstrained build operations Thread 70" [_thread_in_native, id=45196, stack(0x0000001bc9500000,0x0000001bc9600000)]
  0x00000196bc9daa60 JavaThread "Unconstrained build operations Thread 71" [_thread_in_native, id=17868, stack(0x0000001bc9600000,0x0000001bc9700000)]
  0x00000196bc9d9110 JavaThread "Unconstrained build operations Thread 72" [_thread_blocked, id=45476, stack(0x0000001bc9700000,0x0000001bc9800000)]
  0x00000196bc9dbea0 JavaThread "Unconstrained build operations Thread 73" [_thread_blocked, id=42236, stack(0x0000001bc9800000,0x0000001bc9900000)]
  0x00000196bc9da040 JavaThread "Unconstrained build operations Thread 74" [_thread_blocked, id=44612, stack(0x0000001bc9900000,0x0000001bc9a00000)]
  0x00000196bc9da550 JavaThread "Unconstrained build operations Thread 75" [_thread_blocked, id=43808, stack(0x0000001bc9a00000,0x0000001bc9b00000)]
  0x00000196bc9dc3b0 JavaThread "Unconstrained build operations Thread 76" [_thread_blocked, id=44628, stack(0x0000001bc9b00000,0x0000001bc9c00000)]
  0x00000196bc9d9b30 JavaThread "Unconstrained build operations Thread 77" [_thread_blocked, id=45212, stack(0x0000001bc9c00000,0x0000001bc9d00000)]
  0x00000196bc9d9620 JavaThread "Unconstrained build operations Thread 78" [_thread_blocked, id=45216, stack(0x0000001bc9d00000,0x0000001bc9e00000)]
  0x00000196bc9daf70 JavaThread "Unconstrained build operations Thread 79" [_thread_blocked, id=40736, stack(0x0000001bc9e00000,0x0000001bc9f00000)]
  0x00000196bc9db480 JavaThread "Unconstrained build operations Thread 80" [_thread_blocked, id=45220, stack(0x0000001bc9f00000,0x0000001bca000000)]
  0x00000196bd3e5a20 JavaThread "Unconstrained build operations Thread 81" [_thread_blocked, id=41016, stack(0x0000001bca000000,0x0000001bca100000)]
  0x00000196bd3e6950 JavaThread "Unconstrained build operations Thread 82" [_thread_blocked, id=42004, stack(0x0000001bca100000,0x0000001bca200000)]
  0x00000196bd3e91d0 JavaThread "Unconstrained build operations Thread 83" [_thread_in_native, id=45012, stack(0x0000001bca200000,0x0000001bca300000)]
  0x00000196bd3e6e60 JavaThread "Unconstrained build operations Thread 84" [_thread_blocked, id=19016, stack(0x0000001bca300000,0x0000001bca400000)]
  0x00000196bd3e7370 JavaThread "Unconstrained build operations Thread 85" [_thread_blocked, id=28864, stack(0x0000001bca400000,0x0000001bca500000)]
  0x00000196bd3e7880 JavaThread "Unconstrained build operations Thread 86" [_thread_blocked, id=36100, stack(0x0000001bca500000,0x0000001bca600000)]
  0x00000196bd3e82a0 JavaThread "Unconstrained build operations Thread 87" [_thread_blocked, id=29056, stack(0x0000001bca600000,0x0000001bca700000)]
  0x00000196bd3e7d90 JavaThread "Unconstrained build operations Thread 88" [_thread_blocked, id=32980, stack(0x0000001bca700000,0x0000001bca800000)]
  0x00000196bd3e8cc0 JavaThread "Unconstrained build operations Thread 89" [_thread_blocked, id=30684, stack(0x0000001bca800000,0x0000001bca900000)]
  0x00000196bd3e96e0 JavaThread "Unconstrained build operations Thread 90" [_thread_blocked, id=8196, stack(0x0000001bca900000,0x0000001bcaa00000)]
  0x00000196bd3e87b0 JavaThread "Unconstrained build operations Thread 91" [_thread_in_native, id=38464, stack(0x0000001bcaa00000,0x0000001bcab00000)]
  0x00000196bd3e5f30 JavaThread "Unconstrained build operations Thread 92" [_thread_blocked, id=33196, stack(0x0000001bcab00000,0x0000001bcac00000)]
  0x00000196bd3e9bf0 JavaThread "Unconstrained build operations Thread 93" [_thread_blocked, id=24132, stack(0x0000001bcac00000,0x0000001bcad00000)]
  0x00000196bd3e6440 JavaThread "Unconstrained build operations Thread 94" [_thread_blocked, id=17584, stack(0x0000001bcad00000,0x0000001bcae00000)]
  0x00000196bd3eba50 JavaThread "Unconstrained build operations Thread 95" [_thread_blocked, id=5940, stack(0x0000001bcae00000,0x0000001bcaf00000)]
  0x00000196bd3ebf60 JavaThread "Unconstrained build operations Thread 96" [_thread_blocked, id=41096, stack(0x0000001bcaf00000,0x0000001bcb000000)]
  0x00000196bd3eb030 JavaThread "Unconstrained build operations Thread 97" [_thread_blocked, id=2200, stack(0x0000001bcb000000,0x0000001bcb100000)]
  0x00000196bd3ec470 JavaThread "Unconstrained build operations Thread 98" [_thread_blocked, id=22688, stack(0x0000001bcb100000,0x0000001bcb200000)]
  0x00000196bd3eb540 JavaThread "Unconstrained build operations Thread 99" [_thread_blocked, id=8408, stack(0x0000001bcb200000,0x0000001bcb300000)]
  0x00000196bd3ec980 JavaThread "Unconstrained build operations Thread 100" [_thread_blocked, id=2816, stack(0x0000001bcb300000,0x0000001bcb400000)]
  0x00000196bd3ece90 JavaThread "Unconstrained build operations Thread 101" [_thread_in_native, id=38040, stack(0x0000001bcb400000,0x0000001bcb500000)]
  0x00000196bd3ea610 JavaThread "Unconstrained build operations Thread 102" [_thread_in_native, id=17392, stack(0x0000001bcb500000,0x0000001bcb600000)]
  0x00000196bd3eab20 JavaThread "Unconstrained build operations Thread 103" [_thread_blocked, id=34160, stack(0x0000001bcb600000,0x0000001bcb700000)]
  0x00000196bd3ed3a0 JavaThread "Unconstrained build operations Thread 104" [_thread_in_native, id=28752, stack(0x0000001bcb700000,0x0000001bcb800000)]
  0x00000196bd3ea100 JavaThread "Unconstrained build operations Thread 105" [_thread_blocked, id=9152, stack(0x0000001bcb800000,0x0000001bcb900000)]
  0x00000196bb28d850 JavaThread "Unconstrained build operations Thread 106" [_thread_blocked, id=23116, stack(0x0000001bcb900000,0x0000001bcba00000)]
  0x00000196bb28b4e0 JavaThread "Unconstrained build operations Thread 107" [_thread_blocked, id=19844, stack(0x0000001bcba00000,0x0000001bcbb00000)]
  0x00000196bb28c410 JavaThread "Unconstrained build operations Thread 108" [_thread_in_native, id=31816, stack(0x0000001bcbb00000,0x0000001bcbc00000)]
  0x00000196bb28c920 JavaThread "Unconstrained build operations Thread 109" [_thread_blocked, id=32036, stack(0x0000001bcbc00000,0x0000001bcbd00000)]
  0x00000196bb28bf00 JavaThread "Unconstrained build operations Thread 110" [_thread_blocked, id=45320, stack(0x0000001bcbd00000,0x0000001bcbe00000)]
  0x00000196bb28afd0 JavaThread "Unconstrained build operations Thread 111" [_thread_blocked, id=39772, stack(0x0000001bcbe00000,0x0000001bcbf00000)]
  0x00000196bb28dd60 JavaThread "Unconstrained build operations Thread 112" [_thread_blocked, id=18564, stack(0x0000001bcbf00000,0x0000001bcc000000)]
  0x00000196bb28ce30 JavaThread "Unconstrained build operations Thread 113" [_thread_blocked, id=40952, stack(0x0000001bcc000000,0x0000001bcc100000)]
  0x00000196bb28b9f0 JavaThread "Unconstrained build operations Thread 114" [_thread_blocked, id=31944, stack(0x0000001bcc100000,0x0000001bcc200000)]
  0x00000196bb28a5b0 JavaThread "Unconstrained build operations Thread 115" [_thread_blocked, id=4700, stack(0x0000001bcc200000,0x0000001bcc300000)]
  0x00000196bb28e270 JavaThread "Unconstrained build operations Thread 116" [_thread_in_native, id=41220, stack(0x0000001bcc300000,0x0000001bcc400000)]
  0x00000196bb28d340 JavaThread "Unconstrained build operations Thread 117" [_thread_blocked, id=37144, stack(0x0000001bcc400000,0x0000001bcc500000)]
  0x00000196bb28aac0 JavaThread "Unconstrained build operations Thread 118" [_thread_blocked, id=11024, stack(0x0000001bcc500000,0x0000001bcc600000)]
  0x00000196bb291510 JavaThread "Unconstrained build operations Thread 119" [_thread_blocked, id=41260, stack(0x0000001bcc600000,0x0000001bcc700000)]
  0x00000196bb28ec90 JavaThread "Unconstrained build operations Thread 120" [_thread_blocked, id=25360, stack(0x0000001bcc700000,0x0000001bcc800000)]
  0x00000196bb291a20 JavaThread "Unconstrained build operations Thread 121" [_thread_blocked, id=17264, stack(0x0000001bcc800000,0x0000001bcc900000)]
  0x00000196bb28f6b0 JavaThread "Unconstrained build operations Thread 122" [_thread_blocked, id=38204, stack(0x0000001bcc900000,0x0000001bcca00000)]
  0x00000196bb2905e0 JavaThread "Unconstrained build operations Thread 123" [_thread_blocked, id=19480, stack(0x0000001bcca00000,0x0000001bccb00000)]
  0x00000196bb291f30 JavaThread "Unconstrained build operations Thread 124" [_thread_blocked, id=8692, stack(0x0000001bccb00000,0x0000001bccc00000)]
  0x00000196bb28e780 JavaThread "Unconstrained build operations Thread 125" [_thread_blocked, id=17328, stack(0x0000001bccc00000,0x0000001bccd00000)]
  0x00000196bb28f1a0 JavaThread "Unconstrained build operations Thread 126" [_thread_blocked, id=3544, stack(0x0000001bccd00000,0x0000001bcce00000)]
  0x00000196bb28fbc0 JavaThread "Unconstrained build operations Thread 127" [_thread_blocked, id=12000, stack(0x0000001bcce00000,0x0000001bccf00000)]
  0x00000196bb2900d0 JavaThread "Unconstrained build operations Thread 128" [_thread_blocked, id=38548, stack(0x0000001bccf00000,0x0000001bcd000000)]
  0x00000196bb290af0 JavaThread "Unconstrained build operations Thread 129" [_thread_blocked, id=38472, stack(0x0000001bcd000000,0x0000001bcd100000)]
  0x00000196bb291000 JavaThread "Unconstrained build operations Thread 130" [_thread_blocked, id=5528, stack(0x0000001bcd100000,0x0000001bcd200000)]
  0x00000196b9c78d20 JavaThread "Unconstrained build operations Thread 131" [_thread_blocked, id=5316, stack(0x0000001bcd200000,0x0000001bcd300000)]
  0x00000196b9c78300 JavaThread "Unconstrained build operations Thread 132" [_thread_blocked, id=43020, stack(0x0000001bcd300000,0x0000001bcd400000)]
  0x00000196b9c778e0 JavaThread "Unconstrained build operations Thread 133" [_thread_blocked, id=33320, stack(0x0000001bcd400000,0x0000001bcd500000)]
  0x00000196b9c77df0 JavaThread "Unconstrained build operations Thread 134" [_thread_blocked, id=42332, stack(0x0000001bcd500000,0x0000001bcd600000)]
  0x00000196b9c75f90 JavaThread "Unconstrained build operations Thread 135" [_thread_blocked, id=39816, stack(0x0000001bcd600000,0x0000001bcd700000)]
  0x00000196b9c773d0 JavaThread "Unconstrained build operations Thread 136" [_thread_blocked, id=45556, stack(0x0000001bcd700000,0x0000001bcd800000)]
  0x00000196b9c78810 JavaThread "Unconstrained build operations Thread 137" [_thread_in_native, id=45440, stack(0x0000001bcd800000,0x0000001bcd900000)]
  0x00000196b9c764a0 JavaThread "Unconstrained build operations Thread 138" [_thread_blocked, id=31652, stack(0x0000001bcd900000,0x0000001bcda00000)]
  0x00000196b9c79230 JavaThread "Unconstrained build operations Thread 139" [_thread_blocked, id=4784, stack(0x0000001bcda00000,0x0000001bcdb00000)]
  0x00000196b9c75a80 JavaThread "Unconstrained build operations Thread 140" [_thread_blocked, id=12304, stack(0x0000001bcdb00000,0x0000001bcdc00000)]
  0x00000196b9c79c50 JavaThread "Unconstrained build operations Thread 141" [_thread_blocked, id=9880, stack(0x0000001bcdc00000,0x0000001bcdd00000)]
  0x00000196b9c76ec0 JavaThread "Unconstrained build operations Thread 142" [_thread_blocked, id=18496, stack(0x0000001bcdd00000,0x0000001bcde00000)]
  0x00000196b9c79740 JavaThread "Unconstrained build operations Thread 143" [_thread_blocked, id=41628, stack(0x0000001bcde00000,0x0000001bcdf00000)]
  0x00000196b9c7a160 JavaThread "Unconstrained build operations Thread 144" [_thread_blocked, id=42060, stack(0x0000001bcdf00000,0x0000001bce000000)]
  0x00000196b9c769b0 JavaThread "Unconstrained build operations Thread 145" [_thread_in_native, id=28792, stack(0x0000001bce000000,0x0000001bce100000)]
  0x00000196b9c7bab0 JavaThread "Unconstrained build operations Thread 146" [_thread_blocked, id=35040, stack(0x0000001bce100000,0x0000001bce200000)]
  0x00000196b9c7b5a0 JavaThread "Unconstrained build operations Thread 147" [_thread_blocked, id=41532, stack(0x0000001bce200000,0x0000001bce300000)]
  0x00000196b9c7bfc0 JavaThread "Unconstrained build operations Thread 148" [_thread_blocked, id=19044, stack(0x0000001bce300000,0x0000001bce400000)]
  0x00000196b9c7b090 JavaThread "Unconstrained build operations Thread 149" [_thread_blocked, id=32464, stack(0x0000001bce400000,0x0000001bce500000)]
  0x00000196b9c7c4d0 JavaThread "Unconstrained build operations Thread 150" [_thread_in_native, id=18132, stack(0x0000001bce500000,0x0000001bce600000)]
  0x00000196b9c7a670 JavaThread "Unconstrained build operations Thread 151" [_thread_blocked, id=25548, stack(0x0000001bce800000,0x0000001bce900000)]
  0x00000196b9c7c9e0 JavaThread "Unconstrained build operations Thread 152" [_thread_blocked, id=8968, stack(0x0000001bce900000,0x0000001bcea00000)]
  0x00000196b9c7d400 JavaThread "Unconstrained build operations Thread 153" [_thread_blocked, id=27792, stack(0x0000001bcea00000,0x0000001bceb00000)]
  0x00000196b9c7cef0 JavaThread "Unconstrained build operations Thread 154" [_thread_blocked, id=13060, stack(0x0000001bceb00000,0x0000001bcec00000)]
  0x00000196b9c7d910 JavaThread "Unconstrained build operations Thread 155" [_thread_blocked, id=19088, stack(0x0000001bcec00000,0x0000001bced00000)]
  0x00000196b9c7de20 JavaThread "Unconstrained build operations Thread 156" [_thread_blocked, id=29028, stack(0x0000001bced00000,0x0000001bcee00000)]
  0x00000196b9c7e330 JavaThread "Unconstrained build operations Thread 157" [_thread_blocked, id=6044, stack(0x0000001bcee00000,0x0000001bcef00000)]
  0x00000196b9c7ab80 JavaThread "Unconstrained build operations Thread 158" [_thread_blocked, id=35728, stack(0x0000001bcef00000,0x0000001bcf000000)]
  0x00000196b9c7fc80 JavaThread "Unconstrained build operations Thread 159" [_thread_blocked, id=42156, stack(0x0000001bcf000000,0x0000001bcf100000)]
  0x00000196b9c810c0 JavaThread "Unconstrained build operations Thread 160" [_thread_blocked, id=22380, stack(0x0000001bcf100000,0x0000001bcf200000)]
  0x00000196ac502ab0 JavaThread "C2 CompilerThread1" daemon [_thread_in_native, id=17828, stack(0x0000001bbe700000,0x0000001bbe800000)]
  0x00000196ac501ac0 JavaThread "C1 CompilerThread2" daemon [_thread_blocked, id=12732, stack(0x0000001bcf200000,0x0000001bcf300000)]
  0x00000196ac503ff0 JavaThread "C1 CompilerThread3" daemon [_thread_blocked, id=42264, stack(0x0000001bcf400000,0x0000001bcf500000)]
=>0x00000196ac503aa0 JavaThread "C2 CompilerThread2" daemon [_thread_in_native, id=31912, stack(0x0000001bcf500000,0x0000001bcf600000)]
  0x00000196ac504540 JavaThread "C2 CompilerThread3" daemon [_thread_in_native, id=32972, stack(0x0000001bcf600000,0x0000001bcf700000)]
  0x00000196ac501020 JavaThread "C2 CompilerThread4" daemon [_thread_in_native, id=26576, stack(0x0000001bcf700000,0x0000001bcf800000)]
  0x00000196ac500ad0 JavaThread "C2 CompilerThread5" daemon [_thread_in_native, id=12548, stack(0x0000001bcf800000,0x0000001bcf900000)]

Other Threads:
  0x00000196ac34fb30 VMThread "VM Thread" [stack: 0x0000001bbf000000,0x0000001bbf100000] [id=44000]
  0x00000196ac636060 WatcherThread [stack: 0x0000001bbfe00000,0x0000001bbff00000] [id=44460]
  0x0000019690ced1e0 GCTaskThread "GC Thread#0" [stack: 0x0000001bbeb00000,0x0000001bbec00000] [id=36148]
  0x00000196b9c195a0 GCTaskThread "GC Thread#1" [stack: 0x0000001bc0200000,0x0000001bc0300000] [id=18340]
  0x00000196b996ff00 GCTaskThread "GC Thread#2" [stack: 0x0000001bc0300000,0x0000001bc0400000] [id=46052]
  0x00000196ba017cd0 GCTaskThread "GC Thread#3" [stack: 0x0000001bc0400000,0x0000001bc0500000] [id=2544]
  0x00000196ba017f90 GCTaskThread "GC Thread#4" [stack: 0x0000001bc0500000,0x0000001bc0600000] [id=40032]
  0x00000196ba017490 GCTaskThread "GC Thread#5" [stack: 0x0000001bc1800000,0x0000001bc1900000] [id=32380]
  0x00000196ba017a10 GCTaskThread "GC Thread#6" [stack: 0x0000001bc1900000,0x0000001bc1a00000] [id=24140]
  0x00000196bb6b12d0 GCTaskThread "GC Thread#7" [stack: 0x0000001bc1a00000,0x0000001bc1b00000] [id=45672]
  0x00000196bb6b0d50 GCTaskThread "GC Thread#8" [stack: 0x0000001bc1b00000,0x0000001bc1c00000] [id=40892]
  0x00000196bb6b1010 GCTaskThread "GC Thread#9" [stack: 0x0000001bc1c00000,0x0000001bc1d00000] [id=9372]
  0x00000196bb6b2090 GCTaskThread "GC Thread#10" [stack: 0x0000001bc1d00000,0x0000001bc1e00000] [id=45528]
  0x00000196bb6b1850 GCTaskThread "GC Thread#11" [stack: 0x0000001bc1e00000,0x0000001bc1f00000] [id=36820]
  0x00000196bb6b1590 GCTaskThread "GC Thread#12" [stack: 0x0000001bc1f00000,0x0000001bc2000000] [id=14780]
  0x0000019690cf2040 ConcurrentGCThread "G1 Main Marker" [stack: 0x0000001bbec00000,0x0000001bbed00000] [id=43260]
  0x0000019690cf3640 ConcurrentGCThread "G1 Conc#0" [stack: 0x0000001bbed00000,0x0000001bbee00000] [id=45412]
  0x00000196bb6b2610 ConcurrentGCThread "G1 Conc#1" [stack: 0x0000001bc2000000,0x0000001bc2100000] [id=26992]
  0x00000196bb6b1b10 ConcurrentGCThread "G1 Conc#2" [stack: 0x0000001bc2100000,0x0000001bc2200000] [id=25708]
  0x00000196ac2181a0 ConcurrentGCThread "G1 Refine#0" [stack: 0x0000001bbee00000,0x0000001bbef00000] [id=8620]
  0x00000196babbfe10 ConcurrentGCThread "G1 Refine#1" [stack: 0x0000001bc2700000,0x0000001bc2800000] [id=42628]
  0x00000196ac86eac0 ConcurrentGCThread "G1 Refine#2" [stack: 0x0000001bc2800000,0x0000001bc2900000] [id=42608]
  0x00000196ac218980 ConcurrentGCThread "G1 Service" [stack: 0x0000001bbef00000,0x0000001bbf000000] [id=41132]

Threads with active compile tasks:
C2 CompilerThread0  73872 11395   !   4       sun.nio.ch.NioSocketImpl::tryRead (87 bytes)
C1 CompilerThread0  73872 11445   !   3       org.gradle.internal.resource.ExternalResourceName::getUri (92 bytes)
C2 CompilerThread1  73873 11330       4       org.gradle.internal.resource.transfer.AbstractProgressLoggingHandler$ProgressLoggingInputStream::read (27 bytes)
C2 CompilerThread2  73873 11332       4       org.gradle.internal.resource.transfer.ResourceOperation::logProcessedBytes (87 bytes)
C2 CompilerThread3  73873 11323   !   4       sun.security.ssl.SSLCipher$T13GcmReadCipherGenerator$GcmReadCipher::decrypt (524 bytes)
C2 CompilerThread4  73873 11433   !   4       sun.nio.ch.NioSocketImpl::implRead (220 bytes)
C2 CompilerThread5  73873 11429       4       sun.nio.ch.NioSocketImpl::timedRead (85 bytes)

VM state: not at safepoint (normal execution)

VM Mutex/Monitor currently owned by a thread: None

Heap address: 0x00000000e0000000, size: 512 MB, Compressed Oops mode: 32-bit

CDS archive(s) mapped at: [0x00000196ad000000-0x00000196adbb0000-0x00000196adbb0000), size 12255232, SharedBaseAddress: 0x00000196ad000000, ArchiveRelocationMode: 1.
Compressed class space mapped at: 0x00000196ae000000-0x00000196b5000000, reserved size: 117440512
Narrow klass base: 0x00000196ad000000, Narrow klass shift: 0, Narrow klass range: 0x100000000

GC Precious Log:
 CPUs: 16 total, 16 available
 Memory: 14181M
 Large Page Support: Disabled
 NUMA Support: Disabled
 Compressed Oops: Enabled (32-bit)
 Heap Region Size: 1M
 Heap Min Capacity: 8M
 Heap Initial Capacity: 222M
 Heap Max Capacity: 512M
 Pre-touch: Disabled
 Parallel Workers: 13
 Concurrent Workers: 3
 Concurrent Refinement Workers: 13
 Periodic GC: Disabled

Heap:
 garbage-first heap   total 119808K, used 74759K [0x00000000e0000000, 0x0000000100000000)
  region size 1024K, 9 young (9216K), 2 survivors (2048K)
 Metaspace       used 74399K, committed 75200K, reserved 180224K
  class space    used 10233K, committed 10624K, reserved 114688K

Heap Regions: E=young(eden), S=young(survivor), O=old, HS=humongous(starts), HC=humongous(continues), CS=collection set, F=free, OA=open archive, CA=closed archive, TAMS=top-at-mark-start (previous, next)
|   0|0x00000000e0000000, 0x00000000e0100000, 0x00000000e0100000|100%|HS|  |TAMS 0x00000000e0100000, 0x00000000e0000000| Complete 
|   1|0x00000000e0100000, 0x00000000e0200000, 0x00000000e0200000|100%|HC|  |TAMS 0x00000000e0200000, 0x00000000e0100000| Complete 
|   2|0x00000000e0200000, 0x00000000e0300000, 0x00000000e0300000|100%|HC|  |TAMS 0x00000000e0300000, 0x00000000e0200000| Complete 
|   3|0x00000000e0300000, 0x00000000e0400000, 0x00000000e0400000|100%|HC|  |TAMS 0x00000000e0400000, 0x00000000e0300000| Complete 
|   4|0x00000000e0400000, 0x00000000e0500000, 0x00000000e0500000|100%| O|  |TAMS 0x00000000e0500000, 0x00000000e0400000| Untracked 
|   5|0x00000000e0500000, 0x00000000e0600000, 0x00000000e0600000|100%| O|  |TAMS 0x00000000e0600000, 0x00000000e0500000| Untracked 
|   6|0x00000000e0600000, 0x00000000e0700000, 0x00000000e0700000|100%| O|  |TAMS 0x00000000e0700000, 0x00000000e0600000| Untracked 
|   7|0x00000000e0700000, 0x00000000e0800000, 0x00000000e0800000|100%| O|  |TAMS 0x00000000e0800000, 0x00000000e0700000| Untracked 
|   8|0x00000000e0800000, 0x00000000e0900000, 0x00000000e0900000|100%| O|  |TAMS 0x00000000e0900000, 0x00000000e0800000| Untracked 
|   9|0x00000000e0900000, 0x00000000e0a00000, 0x00000000e0a00000|100%| O|  |TAMS 0x00000000e0a00000, 0x00000000e0900000| Untracked 
|  10|0x00000000e0a00000, 0x00000000e0b00000, 0x00000000e0b00000|100%| O|  |TAMS 0x00000000e0b00000, 0x00000000e0a00000| Untracked 
|  11|0x00000000e0b00000, 0x00000000e0c00000, 0x00000000e0c00000|100%| O|  |TAMS 0x00000000e0c00000, 0x00000000e0b00000| Untracked 
|  12|0x00000000e0c00000, 0x00000000e0d00000, 0x00000000e0d00000|100%| O|  |TAMS 0x00000000e0d00000, 0x00000000e0c00000| Untracked 
|  13|0x00000000e0d00000, 0x00000000e0e00000, 0x00000000e0e00000|100%| O|  |TAMS 0x00000000e0e00000, 0x00000000e0d00000| Untracked 
|  14|0x00000000e0e00000, 0x00000000e0f00000, 0x00000000e0f00000|100%| O|  |TAMS 0x00000000e0f00000, 0x00000000e0e00000| Untracked 
|  15|0x00000000e0f00000, 0x00000000e1000000, 0x00000000e1000000|100%| O|  |TAMS 0x00000000e1000000, 0x00000000e0f00000| Untracked 
|  16|0x00000000e1000000, 0x00000000e1100000, 0x00000000e1100000|100%| O|  |TAMS 0x00000000e1100000, 0x00000000e1000000| Untracked 
|  17|0x00000000e1100000, 0x00000000e1200000, 0x00000000e1200000|100%| O|  |TAMS 0x00000000e1200000, 0x00000000e1100000| Untracked 
|  18|0x00000000e1200000, 0x00000000e1300000, 0x00000000e1300000|100%| O|  |TAMS 0x00000000e1300000, 0x00000000e1200000| Untracked 
|  19|0x00000000e1300000, 0x00000000e1400000, 0x00000000e1400000|100%| O|  |TAMS 0x00000000e1400000, 0x00000000e1300000| Untracked 
|  20|0x00000000e1400000, 0x00000000e1500000, 0x00000000e1500000|100%| O|  |TAMS 0x00000000e1500000, 0x00000000e1400000| Untracked 
|  21|0x00000000e1500000, 0x00000000e1600000, 0x00000000e1600000|100%| O|  |TAMS 0x00000000e1600000, 0x00000000e1500000| Untracked 
|  22|0x00000000e1600000, 0x00000000e1700000, 0x00000000e1700000|100%| O|  |TAMS 0x00000000e1700000, 0x00000000e1600000| Untracked 
|  23|0x00000000e1700000, 0x00000000e1800000, 0x00000000e1800000|100%| O|  |TAMS 0x00000000e1800000, 0x00000000e1700000| Untracked 
|  24|0x00000000e1800000, 0x00000000e1900000, 0x00000000e1900000|100%| O|  |TAMS 0x00000000e1900000, 0x00000000e1800000| Untracked 
|  25|0x00000000e1900000, 0x00000000e1a00000, 0x00000000e1a00000|100%| O|  |TAMS 0x00000000e1a00000, 0x00000000e1900000| Untracked 
|  26|0x00000000e1a00000, 0x00000000e1b00000, 0x00000000e1b00000|100%| O|  |TAMS 0x00000000e1b00000, 0x00000000e1a00000| Untracked 
|  27|0x00000000e1b00000, 0x00000000e1c00000, 0x00000000e1c00000|100%| O|  |TAMS 0x00000000e1c00000, 0x00000000e1b00000| Untracked 
|  28|0x00000000e1c00000, 0x00000000e1d00000, 0x00000000e1d00000|100%| O|  |TAMS 0x00000000e1d00000, 0x00000000e1c00000| Untracked 
|  29|0x00000000e1d00000, 0x00000000e1e00000, 0x00000000e1e00000|100%| O|  |TAMS 0x00000000e1e00000, 0x00000000e1d00000| Untracked 
|  30|0x00000000e1e00000, 0x00000000e1f00000, 0x00000000e1f00000|100%| O|  |TAMS 0x00000000e1f00000, 0x00000000e1e00000| Untracked 
|  31|0x00000000e1f00000, 0x00000000e2000000, 0x00000000e2000000|100%| O|  |TAMS 0x00000000e2000000, 0x00000000e1f00000| Untracked 
|  32|0x00000000e2000000, 0x00000000e2100000, 0x00000000e2100000|100%| O|  |TAMS 0x00000000e2100000, 0x00000000e2000000| Untracked 
|  33|0x00000000e2100000, 0x00000000e2200000, 0x00000000e2200000|100%|HS|  |TAMS 0x00000000e2200000, 0x00000000e2100000| Complete 
|  34|0x00000000e2200000, 0x00000000e2300000, 0x00000000e2300000|100%|HC|  |TAMS 0x00000000e2300000, 0x00000000e2200000| Complete 
|  35|0x00000000e2300000, 0x00000000e2400000, 0x00000000e2400000|100%| O|  |TAMS 0x00000000e2400000, 0x00000000e2300000| Untracked 
|  36|0x00000000e2400000, 0x00000000e2500000, 0x00000000e2500000|100%| O|  |TAMS 0x00000000e2500000, 0x00000000e2400000| Untracked 
|  37|0x00000000e2500000, 0x00000000e2600000, 0x00000000e2600000|100%|HS|  |TAMS 0x00000000e2600000, 0x00000000e2500000| Complete 
|  38|0x00000000e2600000, 0x00000000e2700000, 0x00000000e2700000|100%|HC|  |TAMS 0x00000000e2700000, 0x00000000e2600000| Complete 
|  39|0x00000000e2700000, 0x00000000e2800000, 0x00000000e2800000|100%|HC|  |TAMS 0x00000000e2800000, 0x00000000e2700000| Complete 
|  40|0x00000000e2800000, 0x00000000e2900000, 0x00000000e2900000|100%|HC|  |TAMS 0x00000000e2900000, 0x00000000e2800000| Complete 
|  41|0x00000000e2900000, 0x00000000e2a00000, 0x00000000e2a00000|100%| O|  |TAMS 0x00000000e2a00000, 0x00000000e2900000| Untracked 
|  42|0x00000000e2a00000, 0x00000000e2b00000, 0x00000000e2b00000|100%| O|  |TAMS 0x00000000e2b00000, 0x00000000e2a00000| Untracked 
|  43|0x00000000e2b00000, 0x00000000e2c00000, 0x00000000e2c00000|100%| O|  |TAMS 0x00000000e2c00000, 0x00000000e2b00000| Untracked 
|  44|0x00000000e2c00000, 0x00000000e2d00000, 0x00000000e2d00000|100%| O|  |TAMS 0x00000000e2d00000, 0x00000000e2c00000| Untracked 
|  45|0x00000000e2d00000, 0x00000000e2e00000, 0x00000000e2e00000|100%| O|  |TAMS 0x00000000e2e00000, 0x00000000e2d00000| Untracked 
|  46|0x00000000e2e00000, 0x00000000e2f00000, 0x00000000e2f00000|100%| O|  |TAMS 0x00000000e2f00000, 0x00000000e2e00000| Untracked 
|  47|0x00000000e2f00000, 0x00000000e3000000, 0x00000000e3000000|100%| O|  |TAMS 0x00000000e3000000, 0x00000000e2f00000| Untracked 
|  48|0x00000000e3000000, 0x00000000e3100000, 0x00000000e3100000|100%| O|  |TAMS 0x00000000e3100000, 0x00000000e3000000| Untracked 
|  49|0x00000000e3100000, 0x00000000e3200000, 0x00000000e3200000|100%| O|  |TAMS 0x00000000e3200000, 0x00000000e3100000| Untracked 
|  50|0x00000000e3200000, 0x00000000e3300000, 0x00000000e3300000|100%| O|  |TAMS 0x00000000e3300000, 0x00000000e3200000| Untracked 
|  51|0x00000000e3300000, 0x00000000e3400000, 0x00000000e3400000|100%| O|  |TAMS 0x00000000e3400000, 0x00000000e3300000| Untracked 
|  52|0x00000000e3400000, 0x00000000e3500000, 0x00000000e3500000|100%| O|  |TAMS 0x00000000e3500000, 0x00000000e3400000| Untracked 
|  53|0x00000000e3500000, 0x00000000e3600000, 0x00000000e3600000|100%| O|  |TAMS 0x00000000e3600000, 0x00000000e3500000| Untracked 
|  54|0x00000000e3600000, 0x00000000e3700000, 0x00000000e3700000|100%| O|  |TAMS 0x00000000e3700000, 0x00000000e3600000| Untracked 
|  55|0x00000000e3700000, 0x00000000e3800000, 0x00000000e3800000|100%| O|  |TAMS 0x00000000e3800000, 0x00000000e3700000| Untracked 
|  56|0x00000000e3800000, 0x00000000e3900000, 0x00000000e3900000|100%| O|  |TAMS 0x00000000e3900000, 0x00000000e3800000| Untracked 
|  57|0x00000000e3900000, 0x00000000e3a00000, 0x00000000e3a00000|100%| O|  |TAMS 0x00000000e3a00000, 0x00000000e3900000| Untracked 
|  58|0x00000000e3a00000, 0x00000000e3b00000, 0x00000000e3b00000|100%| O|  |TAMS 0x00000000e3b00000, 0x00000000e3a00000| Untracked 
|  59|0x00000000e3b00000, 0x00000000e3c00000, 0x00000000e3c00000|100%| O|  |TAMS 0x00000000e3c00000, 0x00000000e3b00000| Complete 
|  60|0x00000000e3c00000, 0x00000000e3d00000, 0x00000000e3d00000|100%| O|  |TAMS 0x00000000e3d00000, 0x00000000e3c00000| Untracked 
|  61|0x00000000e3d00000, 0x00000000e3e00000, 0x00000000e3e00000|100%| O|  |TAMS 0x00000000e3e00000, 0x00000000e3d00000| Untracked 
|  62|0x00000000e3e00000, 0x00000000e3f00000, 0x00000000e3f00000|100%| O|  |TAMS 0x00000000e3ea9e00, 0x00000000e3e00000| Untracked 
|  63|0x00000000e3f00000, 0x00000000e4000000, 0x00000000e4000000|100%| O|  |TAMS 0x00000000e3f00000, 0x00000000e3f00000| Untracked 
|  64|0x00000000e4000000, 0x00000000e4100000, 0x00000000e4100000|100%| O|  |TAMS 0x00000000e4000000, 0x00000000e4000000| Untracked 
|  65|0x00000000e4100000, 0x00000000e415e408, 0x00000000e4200000| 36%| O|  |TAMS 0x00000000e4100000, 0x00000000e4100000| Untracked 
|  66|0x00000000e4200000, 0x00000000e4200000, 0x00000000e4300000|  0%| F|  |TAMS 0x00000000e4200000, 0x00000000e4200000| Untracked 
|  67|0x00000000e4300000, 0x00000000e4300000, 0x00000000e4400000|  0%| F|  |TAMS 0x00000000e4300000, 0x00000000e4300000| Untracked 
|  68|0x00000000e4400000, 0x00000000e4400000, 0x00000000e4500000|  0%| F|  |TAMS 0x00000000e4400000, 0x00000000e4400000| Untracked 
|  69|0x00000000e4500000, 0x00000000e4500000, 0x00000000e4600000|  0%| F|  |TAMS 0x00000000e4500000, 0x00000000e4500000| Untracked 
|  70|0x00000000e4600000, 0x00000000e4600000, 0x00000000e4700000|  0%| F|  |TAMS 0x00000000e4600000, 0x00000000e4600000| Untracked 
|  71|0x00000000e4700000, 0x00000000e4700000, 0x00000000e4800000|  0%| F|  |TAMS 0x00000000e4700000, 0x00000000e4700000| Untracked 
|  72|0x00000000e4800000, 0x00000000e4800000, 0x00000000e4900000|  0%| F|  |TAMS 0x00000000e4800000, 0x00000000e4800000| Untracked 
|  73|0x00000000e4900000, 0x00000000e4900000, 0x00000000e4a00000|  0%| F|  |TAMS 0x00000000e4900000, 0x00000000e4900000| Untracked 
|  74|0x00000000e4a00000, 0x00000000e4a00000, 0x00000000e4b00000|  0%| F|  |TAMS 0x00000000e4a00000, 0x00000000e4a00000| Untracked 
|  75|0x00000000e4b00000, 0x00000000e4b00000, 0x00000000e4c00000|  0%| F|  |TAMS 0x00000000e4b00000, 0x00000000e4b00000| Untracked 
|  76|0x00000000e4c00000, 0x00000000e4c00000, 0x00000000e4d00000|  0%| F|  |TAMS 0x00000000e4c00000, 0x00000000e4c00000| Untracked 
|  77|0x00000000e4d00000, 0x00000000e4d00000, 0x00000000e4e00000|  0%| F|  |TAMS 0x00000000e4d00000, 0x00000000e4d00000| Untracked 
|  78|0x00000000e4e00000, 0x00000000e4e00000, 0x00000000e4f00000|  0%| F|  |TAMS 0x00000000e4e00000, 0x00000000e4e00000| Untracked 
|  79|0x00000000e4f00000, 0x00000000e4f00000, 0x00000000e5000000|  0%| F|  |TAMS 0x00000000e4f00000, 0x00000000e4f00000| Untracked 
|  80|0x00000000e5000000, 0x00000000e5000000, 0x00000000e5100000|  0%| F|  |TAMS 0x00000000e5000000, 0x00000000e5000000| Untracked 
|  81|0x00000000e5100000, 0x00000000e51a3a10, 0x00000000e5200000| 63%| S|CS|TAMS 0x00000000e5100000, 0x00000000e5100000| Complete 
|  82|0x00000000e5200000, 0x00000000e5300000, 0x00000000e5300000|100%| S|CS|TAMS 0x00000000e5200000, 0x00000000e5200000| Complete 
|  83|0x00000000e5300000, 0x00000000e5300000, 0x00000000e5400000|  0%| F|  |TAMS 0x00000000e5300000, 0x00000000e5300000| Untracked 
|  84|0x00000000e5400000, 0x00000000e5400000, 0x00000000e5500000|  0%| F|  |TAMS 0x00000000e5400000, 0x00000000e5400000| Untracked 
|  85|0x00000000e5500000, 0x00000000e5500000, 0x00000000e5600000|  0%| F|  |TAMS 0x00000000e5500000, 0x00000000e5500000| Untracked 
|  86|0x00000000e5600000, 0x00000000e5600000, 0x00000000e5700000|  0%| F|  |TAMS 0x00000000e5600000, 0x00000000e5600000| Untracked 
|  87|0x00000000e5700000, 0x00000000e5700000, 0x00000000e5800000|  0%| F|  |TAMS 0x00000000e5700000, 0x00000000e5700000| Untracked 
|  88|0x00000000e5800000, 0x00000000e5800000, 0x00000000e5900000|  0%| F|  |TAMS 0x00000000e5800000, 0x00000000e5800000| Untracked 
|  89|0x00000000e5900000, 0x00000000e5900000, 0x00000000e5a00000|  0%| F|  |TAMS 0x00000000e5900000, 0x00000000e5900000| Untracked 
|  90|0x00000000e5a00000, 0x00000000e5a00000, 0x00000000e5b00000|  0%| F|  |TAMS 0x00000000e5a00000, 0x00000000e5a00000| Untracked 
|  91|0x00000000e5b00000, 0x00000000e5b00000, 0x00000000e5c00000|  0%| F|  |TAMS 0x00000000e5b00000, 0x00000000e5b00000| Untracked 
|  92|0x00000000e5c00000, 0x00000000e5c00000, 0x00000000e5d00000|  0%| F|  |TAMS 0x00000000e5c00000, 0x00000000e5c00000| Untracked 
|  93|0x00000000e5d00000, 0x00000000e5d00000, 0x00000000e5e00000|  0%| F|  |TAMS 0x00000000e5d00000, 0x00000000e5d00000| Untracked 
|  94|0x00000000e5e00000, 0x00000000e5e00000, 0x00000000e5f00000|  0%| F|  |TAMS 0x00000000e5e00000, 0x00000000e5e00000| Untracked 
|  95|0x00000000e5f00000, 0x00000000e5f00000, 0x00000000e6000000|  0%| F|  |TAMS 0x00000000e5f00000, 0x00000000e5f00000| Untracked 
|  96|0x00000000e6000000, 0x00000000e6000000, 0x00000000e6100000|  0%| F|  |TAMS 0x00000000e6000000, 0x00000000e6000000| Untracked 
|  97|0x00000000e6100000, 0x00000000e6100000, 0x00000000e6200000|  0%| F|  |TAMS 0x00000000e6100000, 0x00000000e6100000| Untracked 
|  98|0x00000000e6200000, 0x00000000e6200000, 0x00000000e6300000|  0%| F|  |TAMS 0x00000000e6200000, 0x00000000e6200000| Untracked 
|  99|0x00000000e6300000, 0x00000000e6300000, 0x00000000e6400000|  0%| F|  |TAMS 0x00000000e6300000, 0x00000000e6300000| Untracked 
| 100|0x00000000e6400000, 0x00000000e6400000, 0x00000000e6500000|  0%| F|  |TAMS 0x00000000e6400000, 0x00000000e6400000| Untracked 
| 101|0x00000000e6500000, 0x00000000e6500000, 0x00000000e6600000|  0%| F|  |TAMS 0x00000000e6500000, 0x00000000e6500000| Untracked 
| 102|0x00000000e6600000, 0x00000000e6600000, 0x00000000e6700000|  0%| F|  |TAMS 0x00000000e6600000, 0x00000000e6600000| Untracked 
| 103|0x00000000e6700000, 0x00000000e6700000, 0x00000000e6800000|  0%| F|  |TAMS 0x00000000e6700000, 0x00000000e6700000| Untracked 
| 106|0x00000000e6a00000, 0x00000000e6a00000, 0x00000000e6b00000|  0%| F|  |TAMS 0x00000000e6a00000, 0x00000000e6a00000| Untracked 
| 107|0x00000000e6b00000, 0x00000000e6b00000, 0x00000000e6c00000|  0%| F|  |TAMS 0x00000000e6b00000, 0x00000000e6b00000| Untracked 
| 108|0x00000000e6c00000, 0x00000000e6c00000, 0x00000000e6d00000|  0%| F|  |TAMS 0x00000000e6c00000, 0x00000000e6c00000| Untracked 
| 109|0x00000000e6d00000, 0x00000000e6d00000, 0x00000000e6e00000|  0%| F|  |TAMS 0x00000000e6d00000, 0x00000000e6d00000| Untracked 
| 110|0x00000000e6e00000, 0x00000000e6e00000, 0x00000000e6f00000|  0%| F|  |TAMS 0x00000000e6e00000, 0x00000000e6e00000| Untracked 
| 111|0x00000000e6f00000, 0x00000000e6f00000, 0x00000000e7000000|  0%| F|  |TAMS 0x00000000e6f00000, 0x00000000e6f00000| Untracked 
| 112|0x00000000e7000000, 0x00000000e7096b38, 0x00000000e7100000| 58%| E|  |TAMS 0x00000000e7000000, 0x00000000e7000000| Complete 
| 113|0x00000000e7100000, 0x00000000e7200000, 0x00000000e7200000|100%| E|CS|TAMS 0x00000000e7100000, 0x00000000e7100000| Complete 
| 114|0x00000000e7200000, 0x00000000e7300000, 0x00000000e7300000|100%| E|CS|TAMS 0x00000000e7200000, 0x00000000e7200000| Complete 
| 115|0x00000000e7300000, 0x00000000e7400000, 0x00000000e7400000|100%| E|CS|TAMS 0x00000000e7300000, 0x00000000e7300000| Complete 
| 116|0x00000000e7400000, 0x00000000e7500000, 0x00000000e7500000|100%| E|CS|TAMS 0x00000000e7400000, 0x00000000e7400000| Complete 
| 117|0x00000000e7500000, 0x00000000e7600000, 0x00000000e7600000|100%| E|CS|TAMS 0x00000000e7500000, 0x00000000e7500000| Complete 
| 221|0x00000000edd00000, 0x00000000ede00000, 0x00000000ede00000|100%| E|CS|TAMS 0x00000000edd00000, 0x00000000edd00000| Complete 

Card table byte_map: [0x00000196a81c0000,0x00000196a82c0000] _byte_map_base: 0x00000196a7ac0000

Marking Bits (Prev, Next): (CMBitMap*) 0x0000019690ced710, (CMBitMap*) 0x0000019690ced750
 Prev Bits: [0x00000196a83c0000, 0x00000196a8bc0000)
 Next Bits: [0x00000196a8bc0000, 0x00000196a93c0000)

Polling page: 0x000001968ec10000

Metaspace:

Usage:
  Non-class:     62.66 MB used.
      Class:      9.99 MB used.
       Both:     72.66 MB used.

Virtual space:
  Non-class space:       64.00 MB reserved,      63.06 MB ( 99%) committed,  1 nodes.
      Class space:      112.00 MB reserved,      10.38 MB (  9%) committed,  1 nodes.
             Both:      176.00 MB reserved,      73.44 MB ( 42%) committed. 

Chunk freelists:
   Non-Class:  705.00 KB
       Class:  5.61 MB
        Both:  6.30 MB

MaxMetaspaceSize: 128.00 MB
CompressedClassSpaceSize: 112.00 MB
Initial GC threshold: 21.00 MB
Current GC threshold: 122.31 MB
CDS: on
MetaspaceReclaimPolicy: balanced
 - commit_granule_bytes: 65536.
 - commit_granule_words: 8192.
 - virtual_space_node_default_size: 8388608.
 - enlarge_chunks_in_place: 1.
 - new_chunks_are_fully_committed: 0.
 - uncommit_free_chunks: 1.
 - use_allocation_guard: 0.
 - handle_deallocations: 1.


Internal statistics:

num_allocs_failed_limit: 6.
num_arena_births: 1012.
num_arena_deaths: 0.
num_vsnodes_births: 2.
num_vsnodes_deaths: 0.
num_space_committed: 1175.
num_space_uncommitted: 0.
num_chunks_returned_to_freelist: 6.
num_chunks_taken_from_freelist: 3909.
num_chunk_merges: 6.
num_chunk_splits: 2554.
num_chunks_enlarged: 1603.
num_inconsistent_stats: 0.

CodeHeap 'non-profiled nmethods': size=119168Kb used=5323Kb max_used=5323Kb free=113844Kb
 bounds [0x00000196a03e0000, 0x00000196a0920000, 0x00000196a7840000]
CodeHeap 'profiled nmethods': size=119104Kb used=19604Kb max_used=19604Kb free=99499Kb
 bounds [0x0000019698840000, 0x0000019699b70000, 0x000001969fc90000]
CodeHeap 'non-nmethods': size=7488Kb used=4129Kb max_used=4190Kb free=3358Kb
 bounds [0x000001969fc90000, 0x00000196a0110000, 0x00000196a03e0000]
 total_blobs=11003 nmethods=10030 adapters=881
 compilation: enabled
              stopped_count=0, restarted_count=0
 full_count=0

Compilation events (20 events):
Event: 73.702 Thread 0x00000196ac503ff0 11414       2       sun.security.provider.DigestBase::engineUpdate (189 bytes)
Event: 73.703 Thread 0x00000196ac503ff0 nmethod 11414 0x0000019699b56310 code [0x0000019699b56520, 0x0000019699b56ad8]
Event: 73.724 Thread 0x00000196ac38acc0 11416       3       org.apache.http.params.BasicHttpParams::getParameter (11 bytes)
Event: 73.725 Thread 0x00000196ac38acc0 nmethod 11416 0x0000019699b56d10 code [0x0000019699b56ec0, 0x0000019699b57088]
Event: 73.729 Thread 0x00000196ac38acc0 11419       1       sun.security.ssl.SSLContextImpl::engineGetClientSessionContext (5 bytes)
Event: 73.729 Thread 0x00000196ac38acc0 nmethod 11419 0x00000196a08f5f90 code [0x00000196a08f6120, 0x00000196a08f61f8]
Event: 73.731 Thread 0x00000196ac38acc0 11420       3       java.lang.Long::parseLong (7 bytes)
Event: 73.731 Thread 0x00000196ac505530 11421       3       java.lang.Long::parseLong (272 bytes)
Event: 73.731 Thread 0x00000196ac38acc0 nmethod 11420 0x0000019699b57190 code [0x0000019699b57340, 0x0000019699b57468]
Event: 73.735 Thread 0x00000196ac505530 nmethod 11421 0x0000019699b57510 code [0x0000019699b579a0, 0x0000019699b598d8]
Event: 73.741 Thread 0x00000196ac500ad0 nmethod 11407 0x00000196a08f6290 code [0x00000196a08f64a0, 0x00000196a08f70f0]
Event: 73.741 Thread 0x00000196ac500ad0 11415       4       sun.security.provider.DigestBase::implCompressMultiBlock0 (23 bytes)
Event: 73.746 Thread 0x00000196ac500ad0 nmethod 11415 0x00000196a08f7910 code [0x00000196a08f7aa0, 0x00000196a08f7c38]
Event: 73.746 Thread 0x00000196ac500ad0 11409       4       sun.nio.ch.Util$BufferCache::get (164 bytes)
Event: 73.747 Thread 0x00000196ac503ff0 11422       1       org.gradle.internal.operations.DefaultBuildOperationRunner$CallableBuildOperationWorker::getReturnValue (5 bytes)
Event: 73.747 Thread 0x00000196ac503ff0 nmethod 11422 0x00000196a08f7e10 code [0x00000196a08f7fa0, 0x00000196a08f8078]
Event: 73.749 Thread 0x00000196ac503ff0 11423       3       org.gradle.internal.resource.transport.http.HttpClientResponse::getHeader (26 bytes)
Event: 73.750 Thread 0x00000196ac503ff0 nmethod 11423 0x0000019699b5a510 code [0x0000019699b5a6e0, 0x0000019699b5aa98]
Event: 73.751 Thread 0x00000196ac500ad0 nmethod 11409 0x00000196a08f8110 code [0x00000196a08f82a0, 0x00000196a08f8538]
Event: 73.751 Thread 0x00000196ac500ad0 11410       4       sun.nio.ch.Util::getTemporaryDirectBuffer (55 bytes)

GC Heap History (20 events):
Event: 25.774 GC heap before
{Heap before GC invocations=21 (full 0):
 garbage-first heap   total 89088K, used 67762K [0x00000000e0000000, 0x0000000100000000)
  region size 1024K, 22 young (22528K), 3 survivors (3072K)
 Metaspace       used 54786K, committed 55360K, reserved 180224K
  class space    used 7600K, committed 7872K, reserved 114688K
}
Event: 25.777 GC heap after
{Heap after GC invocations=22 (full 0):
 garbage-first heap   total 89088K, used 51246K [0x00000000e0000000, 0x0000000100000000)
  region size 1024K, 3 young (3072K), 3 survivors (3072K)
 Metaspace       used 54786K, committed 55360K, reserved 180224K
  class space    used 7600K, committed 7872K, reserved 114688K
}
Event: 26.393 GC heap before
{Heap before GC invocations=22 (full 0):
 garbage-first heap   total 89088K, used 71726K [0x00000000e0000000, 0x0000000100000000)
  region size 1024K, 24 young (24576K), 3 survivors (3072K)
 Metaspace       used 56879K, committed 57536K, reserved 180224K
  class space    used 7900K, committed 8192K, reserved 114688K
}
Event: 26.398 GC heap after
{Heap after GC invocations=23 (full 0):
 garbage-first heap   total 89088K, used 52201K [0x00000000e0000000, 0x0000000100000000)
  region size 1024K, 2 young (2048K), 2 survivors (2048K)
 Metaspace       used 56879K, committed 57536K, reserved 180224K
  class space    used 7900K, committed 8192K, reserved 114688K
}
Event: 26.794 GC heap before
{Heap before GC invocations=24 (full 0):
 garbage-first heap   total 91136K, used 72681K [0x00000000e0000000, 0x0000000100000000)
  region size 1024K, 22 young (22528K), 2 survivors (2048K)
 Metaspace       used 57957K, committed 58624K, reserved 180224K
  class space    used 8084K, committed 8384K, reserved 114688K
}
Event: 26.798 GC heap after
{Heap after GC invocations=25 (full 0):
 garbage-first heap   total 91136K, used 54037K [0x00000000e0000000, 0x0000000100000000)
  region size 1024K, 3 young (3072K), 3 survivors (3072K)
 Metaspace       used 57957K, committed 58624K, reserved 180224K
  class space    used 8084K, committed 8384K, reserved 114688K
}
Event: 27.581 GC heap before
{Heap before GC invocations=25 (full 0):
 garbage-first heap   total 91136K, used 75541K [0x00000000e0000000, 0x0000000100000000)
  region size 1024K, 24 young (24576K), 3 survivors (3072K)
 Metaspace       used 59397K, committed 60096K, reserved 180224K
  class space    used 8270K, committed 8576K, reserved 114688K
}
Event: 27.586 GC heap after
{Heap after GC invocations=26 (full 0):
 garbage-first heap   total 91136K, used 56047K [0x00000000e0000000, 0x0000000100000000)
  region size 1024K, 3 young (3072K), 3 survivors (3072K)
 Metaspace       used 59397K, committed 60096K, reserved 180224K
  class space    used 8270K, committed 8576K, reserved 114688K
}
Event: 28.294 GC heap before
{Heap before GC invocations=27 (full 0):
 garbage-first heap   total 97280K, used 74479K [0x00000000e0000000, 0x0000000100000000)
  region size 1024K, 21 young (21504K), 3 survivors (3072K)
 Metaspace       used 61045K, committed 61696K, reserved 180224K
  class space    used 8534K, committed 8832K, reserved 114688K
}
Event: 28.302 GC heap after
{Heap after GC invocations=28 (full 0):
 garbage-first heap   total 97280K, used 58215K [0x00000000e0000000, 0x0000000100000000)
  region size 1024K, 3 young (3072K), 3 survivors (3072K)
 Metaspace       used 61045K, committed 61696K, reserved 180224K
  class space    used 8534K, committed 8832K, reserved 114688K
}
Event: 28.973 GC heap before
{Heap before GC invocations=28 (full 0):
 garbage-first heap   total 97280K, used 77671K [0x00000000e0000000, 0x0000000100000000)
  region size 1024K, 23 young (23552K), 3 survivors (3072K)
 Metaspace       used 63213K, committed 63872K, reserved 180224K
  class space    used 8798K, committed 9088K, reserved 114688K
}
Event: 28.978 GC heap after
{Heap after GC invocations=29 (full 0):
 garbage-first heap   total 97280K, used 60836K [0x00000000e0000000, 0x0000000100000000)
  region size 1024K, 3 young (3072K), 3 survivors (3072K)
 Metaspace       used 63213K, committed 63872K, reserved 180224K
  class space    used 8798K, committed 9088K, reserved 114688K
}
Event: 70.420 GC heap before
{Heap before GC invocations=30 (full 0):
 garbage-first heap   total 104448K, used 78244K [0x00000000e0000000, 0x0000000100000000)
  region size 1024K, 21 young (21504K), 3 survivors (3072K)
 Metaspace       used 66046K, committed 66880K, reserved 180224K
  class space    used 9216K, committed 9600K, reserved 114688K
}
Event: 70.425 GC heap after
{Heap after GC invocations=31 (full 0):
 garbage-first heap   total 104448K, used 61923K [0x00000000e0000000, 0x0000000100000000)
  region size 1024K, 2 young (2048K), 2 survivors (2048K)
 Metaspace       used 66046K, committed 66880K, reserved 180224K
  class space    used 9216K, committed 9600K, reserved 114688K
}
Event: 71.503 GC heap before
{Heap before GC invocations=31 (full 0):
 garbage-first heap   total 104448K, used 83427K [0x00000000e0000000, 0x0000000100000000)
  region size 1024K, 24 young (24576K), 2 survivors (2048K)
 Metaspace       used 70141K, committed 70976K, reserved 180224K
  class space    used 9693K, committed 10112K, reserved 114688K
}
Event: 71.509 GC heap after
{Heap after GC invocations=32 (full 0):
 garbage-first heap   total 104448K, used 64233K [0x00000000e0000000, 0x0000000100000000)
  region size 1024K, 3 young (3072K), 3 survivors (3072K)
 Metaspace       used 70141K, committed 70976K, reserved 180224K
  class space    used 9693K, committed 10112K, reserved 114688K
}
Event: 72.524 GC heap before
{Heap before GC invocations=33 (full 0):
 garbage-first heap   total 112640K, used 84713K [0x00000000e0000000, 0x0000000100000000)
  region size 1024K, 24 young (24576K), 3 survivors (3072K)
 Metaspace       used 73642K, committed 74432K, reserved 180224K
  class space    used 10188K, committed 10560K, reserved 114688K
}
Event: 72.531 GC heap after
{Heap after GC invocations=34 (full 0):
 garbage-first heap   total 112640K, used 67137K [0x00000000e0000000, 0x0000000100000000)
  region size 1024K, 3 young (3072K), 3 survivors (3072K)
 Metaspace       used 73642K, committed 74432K, reserved 180224K
  class space    used 10188K, committed 10560K, reserved 114688K
}
Event: 73.358 GC heap before
{Heap before GC invocations=34 (full 0):
 garbage-first heap   total 112640K, used 91713K [0x00000000e0000000, 0x0000000100000000)
  region size 1024K, 27 young (27648K), 3 survivors (3072K)
 Metaspace       used 74304K, committed 75136K, reserved 180224K
  class space    used 10231K, committed 10624K, reserved 114688K
}
Event: 73.366 GC heap after
{Heap after GC invocations=35 (full 0):
 garbage-first heap   total 112640K, used 68615K [0x00000000e0000000, 0x0000000100000000)
  region size 1024K, 2 young (2048K), 2 survivors (2048K)
 Metaspace       used 74304K, committed 75136K, reserved 180224K
  class space    used 10231K, committed 10624K, reserved 114688K
}

Dll operation events (15 events):
Event: 0.020 Loaded shared library C:\Program Files\Eclipse Adoptium\jdk-17.0.19.10-hotspot\bin\java.dll
Event: 0.050 Loaded shared library C:\Program Files\Eclipse Adoptium\jdk-17.0.19.10-hotspot\bin\jsvml.dll
Event: 0.134 Loaded shared library C:\Program Files\Eclipse Adoptium\jdk-17.0.19.10-hotspot\bin\net.dll
Event: 0.140 Loaded shared library C:\Program Files\Eclipse Adoptium\jdk-17.0.19.10-hotspot\bin\nio.dll
Event: 0.153 Loaded shared library C:\Program Files\Eclipse Adoptium\jdk-17.0.19.10-hotspot\bin\zip.dll
Event: 0.611 Loaded shared library C:\Program Files\Eclipse Adoptium\jdk-17.0.19.10-hotspot\bin\jimage.dll
Event: 0.767 Loaded shared library C:\Program Files\Eclipse Adoptium\jdk-17.0.19.10-hotspot\bin\verify.dll
Event: 1.243 Loaded shared library C:\Users\Albin\.gradle\native\68d5fa5c4cc2d200863cafc0d521ce42e7d3e7ee720ec0a83991735586a16f82\windows-amd64\native-platform.dll
Event: 1.258 Loaded shared library C:\Users\Albin\.gradle\native\e376f236ea51e6404a007f0833ffe2c6e607c4080706a723a18a27aeea778392\windows-amd64\native-platform-file-events.dll
Event: 3.000 Loaded shared library C:\Program Files\Eclipse Adoptium\jdk-17.0.19.10-hotspot\bin\management.dll
Event: 3.005 Loaded shared library C:\Program Files\Eclipse Adoptium\jdk-17.0.19.10-hotspot\bin\management_ext.dll
Event: 3.460 Loaded shared library C:\Program Files\Eclipse Adoptium\jdk-17.0.19.10-hotspot\bin\extnet.dll
Event: 4.350 Loaded shared library C:\Program Files\Eclipse Adoptium\jdk-17.0.19.10-hotspot\bin\sunmscapi.dll
Event: 29.620 Loaded shared library C:\Users\Albin\AppData\Local\Temp\native-platform13344766097629965795dir\native-platform.dll
Event: 30.883 Loaded shared library C:\Program Files\Eclipse Adoptium\jdk-17.0.19.10-hotspot\bin\rmi.dll

Deoptimization events (20 events):
Event: 73.120 Thread 0x00000196bc9d86f0 DEOPT PACKING pc=0x0000019698b9e2f2 sp=0x0000001bc90fced0
Event: 73.120 Thread 0x00000196bc9d86f0 DEOPT UNPACKING pc=0x000001969fce7143 sp=0x0000001bc90fc348 mode 0
Event: 73.121 Thread 0x00000196bc9d86f0 DEOPT PACKING pc=0x0000019698b9e32b sp=0x0000001bc90fced0
Event: 73.121 Thread 0x00000196bc9d86f0 DEOPT UNPACKING pc=0x000001969fce7143 sp=0x0000001bc90fc348 mode 0
Event: 73.121 Thread 0x00000196bc9d86f0 DEOPT PACKING pc=0x0000019698b9e2f2 sp=0x0000001bc90fced0
Event: 73.121 Thread 0x00000196bc9d86f0 DEOPT UNPACKING pc=0x000001969fce7143 sp=0x0000001bc90fc348 mode 0
Event: 73.255 Thread 0x00000196bb2900d0 DEOPT PACKING pc=0x0000019699152eab sp=0x0000001bccffca60
Event: 73.256 Thread 0x00000196bb2900d0 DEOPT UNPACKING pc=0x000001969fce7143 sp=0x0000001bccffbf08 mode 0
Event: 73.367 Thread 0x00000196bd3e6440 Uncommon trap: trap_request=0xffffff45 fr.pc=0x00000196a08bfffc relative=0x00000000000000dc
Event: 73.367 Thread 0x00000196bd3e6440 Uncommon trap: reason=unstable_if action=reinterpret pc=0x00000196a08bfffc method=java.math.BigDecimal.precision()I @ 6 c2
Event: 73.367 Thread 0x00000196bd3e6440 DEOPT PACKING pc=0x00000196a08bfffc sp=0x0000001bcadfd370
Event: 73.367 Thread 0x00000196bd3e6440 DEOPT UNPACKING pc=0x000001969fce69a3 sp=0x0000001bcadfd2f0 mode 2
Event: 73.702 Thread 0x00000196b9c78d20 DEOPT PACKING pc=0x00000196990afb2f sp=0x0000001bcd2fd4a0
Event: 73.702 Thread 0x00000196b9c78d20 DEOPT UNPACKING pc=0x000001969fce7143 sp=0x0000001bcd2fc8c0 mode 0
Event: 73.705 Thread 0x00000196b9c78d20 DEOPT PACKING pc=0x00000196990aebcc sp=0x0000001bcd2fd470
Event: 73.705 Thread 0x00000196b9c78d20 DEOPT UNPACKING pc=0x000001969fce7143 sp=0x0000001bcd2fc908 mode 0
Event: 73.706 Thread 0x00000196b9c78d20 DEOPT PACKING pc=0x00000196990aebcc sp=0x0000001bcd2fd470
Event: 73.707 Thread 0x00000196b9c78d20 DEOPT UNPACKING pc=0x000001969fce7143 sp=0x0000001bcd2fc908 mode 0
Event: 73.708 Thread 0x00000196b9c78d20 DEOPT PACKING pc=0x00000196990aebcc sp=0x0000001bcd2fd470
Event: 73.709 Thread 0x00000196b9c78d20 DEOPT UNPACKING pc=0x000001969fce7143 sp=0x0000001bcd2fc908 mode 0

Classes loaded (20 events):
Event: 73.037 Loading class sun/security/ssl/PreSharedKeyExtension$PskIdentity
Event: 73.037 Loading class sun/security/ssl/PreSharedKeyExtension$PskIdentity done
Event: 73.037 Loading class sun/security/ssl/PreSharedKeyExtension$CHPreSharedKeySpec
Event: 73.038 Loading class sun/security/ssl/PreSharedKeyExtension$CHPreSharedKeySpec done
Event: 73.038 Loading class sun/security/ssl/PreSharedKeyExtension$PartialClientHelloMessage
Event: 73.038 Loading class sun/security/ssl/PreSharedKeyExtension$PartialClientHelloMessage done
Event: 73.039 Loading class sun/security/ssl/SSLEngineOutputRecord
Event: 73.040 Loading class sun/security/ssl/SSLEngineOutputRecord done
Event: 73.067 Loading class sun/security/ssl/SSLEngineOutputRecord$HandshakeFragment
Event: 73.071 Loading class sun/security/ssl/SSLEngineOutputRecord$HandshakeFragment done
Event: 73.071 Loading class sun/security/ssl/SSLEngineOutputRecord$HandshakeMemo
Event: 73.071 Loading class sun/security/ssl/SSLEngineOutputRecord$RecordMemo
Event: 73.071 Loading class sun/security/ssl/SSLEngineOutputRecord$RecordMemo done
Event: 73.071 Loading class sun/security/ssl/SSLEngineOutputRecord$HandshakeMemo done
Event: 73.115 Loading class sun/security/ssl/PreSharedKeyExtension$SHPreSharedKeySpec
Event: 73.115 Loading class sun/security/ssl/PreSharedKeyExtension$SHPreSharedKeySpec done
Event: 73.369 Loading class java/util/Collections$UnmodifiableSortedMap
Event: 73.369 Loading class java/util/Collections$UnmodifiableSortedMap done
Event: 73.370 Loading class sun/nio/cs/US_ASCII$Decoder
Event: 73.370 Loading class sun/nio/cs/US_ASCII$Decoder done

Classes unloaded (0 events):
No events

Classes redefined (0 events):
No events

Internal exceptions (20 events):
Event: 70.633 Thread 0x00000196ac86a8d0 Exception <a 'sun/nio/fs/WindowsException'{0x00000000e7483ab0}> (0x00000000e7483ab0) 
thrown [s\src\hotspot\share\prims\jni.cpp, line 516]
Event: 70.634 Thread 0x00000196ac86a8d0 Exception <a 'sun/nio/fs/WindowsException'{0x00000000e7486488}> (0x00000000e7486488) 
thrown [s\src\hotspot\share\prims\jni.cpp, line 516]
Event: 70.635 Thread 0x00000196ac86a8d0 Exception <a 'sun/nio/fs/WindowsException'{0x00000000e7338780}> (0x00000000e7338780) 
thrown [s\src\hotspot\share\prims\jni.cpp, line 516]
Event: 70.636 Thread 0x00000196ac86a8d0 Exception <a 'sun/nio/fs/WindowsException'{0x00000000e733ab58}> (0x00000000e733ab58) 
thrown [s\src\hotspot\share\prims\jni.cpp, line 516]
Event: 70.645 Thread 0x00000196b963d520 Exception <a 'sun/nio/fs/WindowsException'{0x00000000e7368dd0}> (0x00000000e7368dd0) 
thrown [s\src\hotspot\share\prims\jni.cpp, line 516]
Event: 70.971 Thread 0x00000196b963d520 Exception <a 'sun/nio/fs/WindowsException'{0x00000000e6e02d78}> (0x00000000e6e02d78) 
thrown [s\src\hotspot\share\prims\jni.cpp, line 516]
Event: 71.048 Thread 0x00000196bc9d5960 Implicit null exception at 0x00000196a05f766b to 0x00000196a05f7690
Event: 71.048 Thread 0x00000196bc9d6da0 Implicit null exception at 0x00000196a05f766b to 0x00000196a05f7690
Event: 71.048 Thread 0x00000196bc9da550 Implicit null exception at 0x00000196a05f766b to 0x00000196a05f7690
Event: 71.048 Thread 0x00000196bbc3d7c0 Implicit null exception at 0x00000196a05f766b to 0x00000196a05f7690
Event: 71.048 Thread 0x00000196bc9da040 Implicit null exception at 0x00000196a05f766b to 0x00000196a05f7690
Event: 71.049 Thread 0x00000196bc9d86f0 Implicit null exception at 0x00000196a05f766b to 0x00000196a05f7690
Event: 71.049 Thread 0x00000196bc9d8c00 Implicit null exception at 0x00000196a05f766b to 0x00000196a05f7690
Event: 71.049 Thread 0x00000196bc9d5e70 Implicit null exception at 0x00000196a05f766b to 0x00000196a05f7690
Event: 71.049 Thread 0x00000196bc9d4a30 Implicit null exception at 0x00000196a05f766b to 0x00000196a05f7690
Event: 71.049 Thread 0x00000196bbc3e6f0 Implicit null exception at 0x00000196a05f766b to 0x00000196a05f7690
Event: 71.049 Thread 0x00000196bc9d81e0 Implicit null exception at 0x00000196a05f766b to 0x00000196a05f7690
Event: 71.145 Thread 0x00000196b9c79c50 Exception <a 'sun/nio/fs/WindowsException'{0x00000000e5623860}> (0x00000000e5623860) 
thrown [s\src\hotspot\share\prims\jni.cpp, line 516]
Event: 72.380 Thread 0x00000196bc9d6da0 Implicit null exception at 0x00000196a062c7a5 to 0x00000196a062d874
Event: 72.380 Thread 0x00000196bc9d7cd0 Implicit null exception at 0x00000196a062c7a5 to 0x00000196a062d874

VM Operations (20 events):
Event: 72.509 Executing VM operation: ICBufferFull
Event: 72.510 Executing VM operation: ICBufferFull done
Event: 72.510 Executing VM operation: ICBufferFull
Event: 72.510 Executing VM operation: ICBufferFull done
Event: 72.510 Executing VM operation: ICBufferFull
Event: 72.510 Executing VM operation: ICBufferFull done
Event: 72.511 Executing VM operation: ICBufferFull
Event: 72.511 Executing VM operation: ICBufferFull done
Event: 72.512 Executing VM operation: ICBufferFull
Event: 72.512 Executing VM operation: ICBufferFull done
Event: 72.524 Executing VM operation: G1CollectForAllocation
Event: 72.531 Executing VM operation: G1CollectForAllocation done
Event: 73.043 Executing VM operation: HandshakeAllThreads
Event: 73.063 Executing VM operation: HandshakeAllThreads done
Event: 73.358 Executing VM operation: G1CollectForAllocation
Event: 73.366 Executing VM operation: G1CollectForAllocation done
Event: 73.430 Executing VM operation: G1PauseRemark
Event: 73.440 Executing VM operation: G1PauseRemark done
Event: 73.466 Executing VM operation: G1PauseCleanup
Event: 73.466 Executing VM operation: G1PauseCleanup done

Memory protections (0 events):
No events

Nmethod flushes (20 events):
Event: 71.146 Thread 0x00000196ac4e8080 flushing  nmethod 0x0000019699745b10
Event: 71.146 Thread 0x00000196ac4e8080 flushing  nmethod 0x0000019699761390
Event: 71.146 Thread 0x00000196ac4e8080 flushing  nmethod 0x0000019699766310
Event: 71.146 Thread 0x00000196ac4e8080 flushing  nmethod 0x000001969976e990
Event: 71.146 Thread 0x00000196ac4e8080 flushing  nmethod 0x0000019699774c90
Event: 71.147 Thread 0x00000196ac4e8080 flushing  nmethod 0x0000019699788790
Event: 71.147 Thread 0x00000196ac4e8080 flushing  nmethod 0x0000019699788c90
Event: 71.147 Thread 0x00000196ac4e8080 flushing  nmethod 0x0000019699790410
Event: 71.147 Thread 0x00000196ac4e8080 flushing  nmethod 0x00000196997b0010
Event: 71.147 Thread 0x00000196ac4e8080 flushing  nmethod 0x00000196997fcd10
Event: 71.147 Thread 0x00000196ac4e8080 flushing  nmethod 0x0000019699814510
Event: 71.147 Thread 0x00000196ac4e8080 flushing  nmethod 0x0000019699837890
Event: 71.147 Thread 0x00000196ac4e8080 flushing  nmethod 0x0000019699883490
Event: 71.150 Thread 0x00000196ac4e8080 flushing  nmethod 0x00000196998ea710
Event: 71.150 Thread 0x00000196ac4e8080 flushing  nmethod 0x0000019699927d10
Event: 71.151 Thread 0x00000196ac4e8080 flushing  nmethod 0x00000196999fbc90
Event: 71.151 Thread 0x00000196ac4e8080 flushing  nmethod 0x0000019699a1b610
Event: 71.151 Thread 0x00000196ac4e8080 flushing  nmethod 0x0000019699a1bc90
Event: 71.151 Thread 0x00000196ac4e8080 flushing  nmethod 0x0000019699a25410
Event: 71.151 Thread 0x00000196ac4e8080 flushing  nmethod 0x0000019699a30f90

Events (20 events):
Event: 71.072 Thread 0x00000196ac634510 Thread added: 0x00000196b9c7d400
Event: 71.073 Thread 0x00000196ac634510 Thread added: 0x00000196b9c7cef0
Event: 71.074 Thread 0x00000196ac634510 Thread added: 0x00000196b9c7d910
Event: 71.074 Thread 0x00000196ac634510 Thread added: 0x00000196b9c7de20
Event: 71.074 Thread 0x00000196ac634510 Thread added: 0x00000196b9c7e330
Event: 71.075 Thread 0x00000196ac634510 Thread added: 0x00000196b9c7ab80
Event: 71.075 Thread 0x00000196ac634510 Thread added: 0x00000196b9c7fc80
Event: 71.075 Thread 0x00000196ac634510 Thread added: 0x00000196b9c810c0
Event: 71.558 Thread 0x00000196ac38acc0 Thread added: 0x00000196ac504540
Event: 71.561 Thread 0x00000196ac38acc0 Thread added: 0x00000196ac500ad0
Event: 71.901 Thread 0x00000196ac500ad0 Thread exited: 0x00000196ac500ad0
Event: 71.902 Thread 0x00000196ac504540 Thread exited: 0x00000196ac504540
Event: 71.929 Thread 0x00000196ac501020 Thread exited: 0x00000196ac501020
Event: 71.960 Thread 0x00000196ac505530 Thread added: 0x00000196ac502ab0
Event: 72.045 Thread 0x00000196ac38acc0 Thread added: 0x00000196ac501ac0
Event: 72.045 Thread 0x00000196ac38acc0 Thread added: 0x00000196ac503ff0
Event: 72.076 Thread 0x00000196ac38acc0 Thread added: 0x00000196ac503aa0
Event: 72.080 Thread 0x00000196ac502ab0 Thread added: 0x00000196ac504540
Event: 72.081 Thread 0x00000196ac502ab0 Thread added: 0x00000196ac501020
Event: 72.081 Thread 0x00000196ac502ab0 Thread added: 0x00000196ac500ad0


Dynamic libraries:
0x00007ff72f8a0000 - 0x00007ff72f8ae000 	C:\Program Files\Eclipse Adoptium\jdk-17.0.19.10-hotspot\bin\java.exe
0x00007ffd713e0000 - 0x00007ffd71646000 	C:\WINDOWS\SYSTEM32\ntdll.dll
0x00007ffd70af0000 - 0x00007ffd70bb9000 	C:\WINDOWS\System32\KERNEL32.DLL
0x00007ffd6e940000 - 0x00007ffd6ed3a000 	C:\WINDOWS\System32\KERNELBASE.dll
0x00007ffd6e7f0000 - 0x00007ffd6e93c000 	C:\WINDOWS\System32\ucrtbase.dll
0x00007ffd55ba0000 - 0x00007ffd55bb8000 	C:\Program Files\Eclipse Adoptium\jdk-17.0.19.10-hotspot\bin\jli.dll
0x00007ffd5dea0000 - 0x00007ffd5debe000 	C:\Program Files\Eclipse Adoptium\jdk-17.0.19.10-hotspot\bin\VCRUNTIME140.dll
0x00007ffd6f1d0000 - 0x00007ffd6f397000 	C:\WINDOWS\System32\USER32.dll
0x00007ffd52c50000 - 0x00007ffd52ee2000 	C:\WINDOWS\WinSxS\amd64_microsoft.windows.common-controls_6595b64144ccf1df_6.0.26100.8521_none_3e08b75ce33403b3\COMCTL32.dll
0x00007ffd6eea0000 - 0x00007ffd6eec7000 	C:\WINDOWS\System32\win32u.dll
0x00007ffd6fcc0000 - 0x00007ffd6fd69000 	C:\WINDOWS\System32\msvcrt.dll
0x00007ffd6f3a0000 - 0x00007ffd6f3cb000 	C:\WINDOWS\System32\GDI32.dll
0x00007ffd6ef90000 - 0x00007ffd6f0bb000 	C:\WINDOWS\System32\gdi32full.dll
0x00007ffd6edf0000 - 0x00007ffd6ee93000 	C:\WINDOWS\System32\msvcp_win.dll
0x00007ffd703e0000 - 0x00007ffd70412000 	C:\WINDOWS\System32\IMM32.DLL
0x00007ffd5df80000 - 0x00007ffd5df8c000 	C:\Program Files\Eclipse Adoptium\jdk-17.0.19.10-hotspot\bin\vcruntime140_1.dll
0x00007ffd2e050000 - 0x00007ffd2e0dd000 	C:\Program Files\Eclipse Adoptium\jdk-17.0.19.10-hotspot\bin\msvcp140.dll
0x00007ffcdf030000 - 0x00007ffcdfc9c000 	C:\Program Files\Eclipse Adoptium\jdk-17.0.19.10-hotspot\bin\server\jvm.dll
0x00007ffd70bd0000 - 0x00007ffd70c86000 	C:\WINDOWS\System32\ADVAPI32.dll
0x00007ffd71280000 - 0x00007ffd7132a000 	C:\WINDOWS\System32\sechost.dll
0x00007ffd71160000 - 0x00007ffd71278000 	C:\WINDOWS\System32\RPCRT4.dll
0x00007ffd70590000 - 0x00007ffd70610000 	C:\WINDOWS\System32\WS2_32.dll
0x00007ffd6e4d0000 - 0x00007ffd6e52e000 	C:\WINDOWS\SYSTEM32\POWRPROF.dll
0x00007ffd65fd0000 - 0x00007ffd66006000 	C:\WINDOWS\SYSTEM32\WINMM.dll
0x00007ffd676e0000 - 0x00007ffd676eb000 	C:\WINDOWS\SYSTEM32\VERSION.dll
0x00007ffd6e4b0000 - 0x00007ffd6e4c4000 	C:\WINDOWS\SYSTEM32\UMPDC.dll
0x00007ffd6d400000 - 0x00007ffd6d41b000 	C:\WINDOWS\SYSTEM32\kernel.appcore.dll
0x00007ffd5de90000 - 0x00007ffd5de9a000 	C:\Program Files\Eclipse Adoptium\jdk-17.0.19.10-hotspot\bin\jimage.dll
0x00007ffd6ba30000 - 0x00007ffd6bc72000 	C:\WINDOWS\SYSTEM32\DBGHELP.DLL
0x00007ffd70620000 - 0x00007ffd709a3000 	C:\WINDOWS\System32\combase.dll
0x00007ffd70490000 - 0x00007ffd70569000 	C:\WINDOWS\System32\OLEAUT32.dll
0x00007ffd54200000 - 0x00007ffd5423b000 	C:\WINDOWS\SYSTEM32\dbgcore.DLL
0x00007ffd6ed40000 - 0x00007ffd6ede8000 	C:\WINDOWS\System32\bcryptPrimitives.dll
0x00007ffd4c680000 - 0x00007ffd4c6a5000 	C:\Program Files\Eclipse Adoptium\jdk-17.0.19.10-hotspot\bin\java.dll
0x00007ffd2cf00000 - 0x00007ffd2cfd7000 	C:\Program Files\Eclipse Adoptium\jdk-17.0.19.10-hotspot\bin\jsvml.dll
0x00007ffd6f3d0000 - 0x00007ffd6fb54000 	C:\WINDOWS\System32\SHELL32.dll
0x00007ffd6c230000 - 0x00007ffd6cab0000 	C:\WINDOWS\SYSTEM32\windows.storage.dll
0x00007ffd702e0000 - 0x00007ffd703d6000 	C:\WINDOWS\System32\SHCORE.dll
0x00007ffd70420000 - 0x00007ffd70487000 	C:\WINDOWS\System32\shlwapi.dll
0x00007ffd6e590000 - 0x00007ffd6e5b9000 	C:\WINDOWS\SYSTEM32\profapi.dll
0x00007ffd555b0000 - 0x00007ffd555ca000 	C:\Program Files\Eclipse Adoptium\jdk-17.0.19.10-hotspot\bin\net.dll
0x00007ffd661d0000 - 0x00007ffd662f9000 	C:\WINDOWS\SYSTEM32\WINHTTP.dll
0x00007ffd6d970000 - 0x00007ffd6d9dc000 	C:\WINDOWS\system32\mswsock.dll
0x00007ffd48c60000 - 0x00007ffd48c76000 	C:\Program Files\Eclipse Adoptium\jdk-17.0.19.10-hotspot\bin\nio.dll
0x00007ffd48920000 - 0x00007ffd48938000 	C:\Program Files\Eclipse Adoptium\jdk-17.0.19.10-hotspot\bin\zip.dll
0x00007ffd4fe00000 - 0x00007ffd4fe10000 	C:\Program Files\Eclipse Adoptium\jdk-17.0.19.10-hotspot\bin\verify.dll
0x00007ffd48180000 - 0x00007ffd481a7000 	C:\Users\Albin\.gradle\native\68d5fa5c4cc2d200863cafc0d521ce42e7d3e7ee720ec0a83991735586a16f82\windows-amd64\native-platform.dll
0x00007ffce4260000 - 0x00007ffce43a4000 	C:\Users\Albin\.gradle\native\e376f236ea51e6404a007f0833ffe2c6e607c4080706a723a18a27aeea778392\windows-amd64\native-platform-file-events.dll
0x00007ffd48c50000 - 0x00007ffd48c5a000 	C:\Program Files\Eclipse Adoptium\jdk-17.0.19.10-hotspot\bin\management.dll
0x00007ffd48af0000 - 0x00007ffd48afc000 	C:\Program Files\Eclipse Adoptium\jdk-17.0.19.10-hotspot\bin\management_ext.dll
0x00007ffd71330000 - 0x00007ffd71338000 	C:\WINDOWS\System32\PSAPI.DLL
0x00007ffd6dc50000 - 0x00007ffd6dc6b000 	C:\WINDOWS\SYSTEM32\CRYPTSP.dll
0x00007ffd6d360000 - 0x00007ffd6d399000 	C:\WINDOWS\system32\rsaenh.dll
0x00007ffd6da20000 - 0x00007ffd6da53000 	C:\WINDOWS\SYSTEM32\USERENV.dll
0x00007ffd6e560000 - 0x00007ffd6e58a000 	C:\WINDOWS\SYSTEM32\bcrypt.dll
0x00007ffd6dc70000 - 0x00007ffd6dc7c000 	C:\WINDOWS\SYSTEM32\CRYPTBASE.dll
0x00007ffd6cdd0000 - 0x00007ffd6ce03000 	C:\WINDOWS\SYSTEM32\IPHLPAPI.DLL
0x00007ffd70bc0000 - 0x00007ffd70bca000 	C:\WINDOWS\System32\NSI.dll
0x00007ffd666c0000 - 0x00007ffd666dd000 	C:\WINDOWS\SYSTEM32\dhcpcsvc6.DLL
0x00007ffd65fa0000 - 0x00007ffd65fc5000 	C:\WINDOWS\SYSTEM32\dhcpcsvc.DLL
0x00007ffd6ce10000 - 0x00007ffd6cf5a000 	C:\WINDOWS\SYSTEM32\DNSAPI.dll
0x00007ffd6d770000 - 0x00007ffd6d77d000 	C:\WINDOWS\SYSTEM32\DSPARSE.dll
0x00007ffd46e40000 - 0x00007ffd46e49000 	C:\Program Files\Eclipse Adoptium\jdk-17.0.19.10-hotspot\bin\extnet.dll
0x00007ffd45aa0000 - 0x00007ffd45aae000 	C:\Program Files\Eclipse Adoptium\jdk-17.0.19.10-hotspot\bin\sunmscapi.dll
0x00007ffd6e670000 - 0x00007ffd6e7e8000 	C:\WINDOWS\System32\CRYPT32.dll
0x00007ffd6de70000 - 0x00007ffd6dea0000 	C:\WINDOWS\SYSTEM32\ncrypt.dll
0x00007ffd6de20000 - 0x00007ffd6de5f000 	C:\WINDOWS\SYSTEM32\NTASN1.dll
0x00007ffd31af0000 - 0x00007ffd31af8000 	C:\WINDOWS\system32\wshunix.dll
0x00007ffd373f0000 - 0x00007ffd3740e000 	C:\Users\Albin\AppData\Local\Temp\native-platform13344766097629965795dir\native-platform.dll
0x00007ffd43e30000 - 0x00007ffd43e37000 	C:\Program Files\Eclipse Adoptium\jdk-17.0.19.10-hotspot\bin\rmi.dll
0x00007ffd67730000 - 0x00007ffd6773b000 	C:\Windows\System32\rasadhlp.dll
0x00007ffd633e0000 - 0x00007ffd63466000 	C:\WINDOWS\System32\fwpuclnt.dll

dbghelp: loaded successfully - version: 4.0.5 - missing functions: none
symbol engine: initialized successfully - sym options: 0x614 - pdb path: .;C:\Program Files\Eclipse Adoptium\jdk-17.0.19.10-hotspot\bin;C:\WINDOWS\SYSTEM32;C:\WINDOWS\WinSxS\amd64_microsoft.windows.common-controls_6595b64144ccf1df_6.0.26100.8521_none_3e08b75ce33403b3;C:\Program Files\Eclipse Adoptium\jdk-17.0.19.10-hotspot\bin\server;C:\Users\Albin\.gradle\native\68d5fa5c4cc2d200863cafc0d521ce42e7d3e7ee720ec0a83991735586a16f82\windows-amd64;C:\Users\Albin\.gradle\native\e376f236ea51e6404a007f0833ffe2c6e607c4080706a723a18a27aeea778392\windows-amd64;C:\Users\Albin\AppData\Local\Temp\native-platform13344766097629965795dir

VM Arguments:
jvm_args: -XX:MaxMetaspaceSize=128m --add-opens=java.base/java.util=ALL-UNNAMED --add-opens=java.base/java.lang=ALL-UNNAMED --add-opens=java.base/java.lang.invoke=ALL-UNNAMED --add-opens=java.prefs/java.util.prefs=ALL-UNNAMED --add-opens=java.base/java.nio.charset=ALL-UNNAMED --add-opens=java.base/java.net=ALL-UNNAMED --add-opens=java.base/java.util.concurrent.atomic=ALL-UNNAMED -Xmx512m -Dfile.encoding=windows-1252 -Duser.country=FR -Duser.language=fr -Duser.variant 
java_command: org.gradle.launcher.daemon.bootstrap.GradleDaemon 8.0.1
java_class_path (initial): C:\Users\Albin\.gradle\wrapper\dists\gradle-8.0.1-all\aro4hu1c3oeioove7l0i4i14o\gradle-8.0.1\lib\gradle-launcher-8.0.1.jar
Launcher Type: SUN_STANDARD

[Global flags]
     intx CICompilerCount                          = 12                                        {product} {ergonomic}
   size_t CompressedClassSpaceSize                 = 117440512                                 {product} {ergonomic}
     uint ConcGCThreads                            = 3                                         {product} {ergonomic}
     uint G1ConcRefinementThreads                  = 13                                        {product} {ergonomic}
   size_t G1HeapRegionSize                         = 1048576                                   {product} {ergonomic}
    uintx GCDrainStackTargetSize                   = 64                                        {product} {ergonomic}
   size_t InitialHeapSize                          = 232783872                                 {product} {ergonomic}
   size_t MarkStackSize                            = 4194304                                   {product} {ergonomic}
   size_t MaxHeapSize                              = 536870912                                 {product} {command line}
   size_t MaxMetaspaceSize                         = 134217728                                 {product} {command line}
   size_t MaxNewSize                               = 321912832                                 {product} {ergonomic}
   size_t MinHeapDeltaBytes                        = 1048576                                   {product} {ergonomic}
   size_t MinHeapSize                              = 8388608                                   {product} {ergonomic}
    uintx NonNMethodCodeHeapSize                   = 7602480                                {pd product} {ergonomic}
    uintx NonProfiledCodeHeapSize                  = 122027880                              {pd product} {ergonomic}
    uintx ProfiledCodeHeapSize                     = 122027880                              {pd product} {ergonomic}
    uintx ReservedCodeCacheSize                    = 251658240                              {pd product} {ergonomic}
     bool SegmentedCodeCache                       = true                                      {product} {ergonomic}
   size_t SoftMaxHeapSize                          = 536870912                              {manageable} {ergonomic}
     bool UseCompressedClassPointers               = true                           {product lp64_product} {ergonomic}
     bool UseCompressedOops                        = true                           {product lp64_product} {ergonomic}
     bool UseG1GC                                  = true                                      {product} {ergonomic}
     bool UseLargePagesIndividualAllocation        = false                                  {pd product} {ergonomic}

Logging:
Log output configuration:
 #0: stdout all=warning uptime,level,tags
 #1: stderr all=off uptime,level,tags

Environment Variables:
JAVA_HOME=C:\Program Files\Eclipse Adoptium\jdk-17.0.19.10-hotspot
CLASSPATH=C:\Users\Albin\Documents\EPSI\E5\inexia-connect\mobile\android\\gradle\wrapper\gradle-wrapper.jar
PATH=C:\Program Files\Eclipse Adoptium\jdk-17.0.19.10-hotspot\bin;C:\Program Files\Eclipse Adoptium\jdk-17.0.19.10-hotspot\bin;C:\Users\Albin\AppData\Local\cloud-code\installer\google-cloud-sdk\bin;c:\Users\Albin\AppData\Roaming\Code\User\globalStorage\github.copilot-chat\debugCommand;c:\Users\Albin\AppData\Roaming\Code\User\globalStorage\github.copilot-chat\copilotCli;C:\Program Files (x86)\VMware\VMware Workstation\bin\;C:\Python313\Scripts\;C:\Python313\;c:\Users\Albin\AppData\Local\Programs\cursor\resources\app\bin;C:\Users\Albin\AppData\Local\Programs\Opera;C:\Program Files\Eclipse Adoptium\jdk-21.0.4.7-hotspot\bin;C:\Windows\system32;C:\Windows;C:\Windows\System32\Wbem;C:\Windows\System32\WindowsPowerShell\v1.0\;C:\Windows\System32\OpenSSH\;C:\Program Files\dotnet\;C:\Program Files\Git\cmd;C:\Program Files (x86)\dotnet\;C:\Users\Albin\AppData\Local\Microsoft\WindowsApps;C:\Users\Albin\.dotnet\tools;C:\Program Files\JetBrains\PhpStorm 2024.2.3\bin;C:\Users\Albin\AppData\Local\GitHubDesktop\bin;C:\Program Files\nodejs\;C:\ProgramData\chocolatey\bin;C:\WINDOWS\system32;C:\WINDOWS;C:\WINDOWS\System32\Wbem;C:\WINDOWS\System32\WindowsPowerShell\v1.0\;C:\WINDOWS\System32\OpenSSH\;C:\Users\Albin\.platformio\penv\Scripts;;C:\Program Files\Docker\Docker\resources\bin;C:\Program Files\OpenSSL-Win64\bin;C:\Users\Albin\AppData\Local\Microsoft\WindowsApps;C:\Users\Albin\AppData\Local\Programs\Microsoft VS Code\bin;C:\Users\Albin\.dotnet\tools;C:\Program Files\JetBrains\PhpStorm 2024.2.3\bin;C:\Users\Albin\AppData\Local\GitHubDesktop\bin;C:\Users\Albin\AppData\Local\Programs\cursor\resources\app\bin;C:\Users\Albin\AppData\Roaming\npm;C:\Users\Albin\AppData\Local\JetBrains\Toolbox\scripts;C:\Users\Albin\.dotnet\tools;C:\src\flutter\bin;;C:\Users\Albin\AppData\Local\Microsoft\WindowsApps
USERNAME=Albin
LANG=en_US.UTF-8
OS=Windows_NT
PROCESSOR_IDENTIFIER=AMD64 Family 23 Model 104 Stepping 1, AuthenticAMD
TMP=C:\Users\Albin\AppData\Local\Temp
TEMP=C:\Users\Albin\AppData\Local\Temp



Periodic native trim disabled


---------------  S Y S T E M  ---------------

OS:
 Windows 11 , 64 bit Build 26100 (10.0.26100.8521)
OS uptime: 5 days 7:40 hours
Hyper-V role detected

CPU: total 16 (initial active 16) (16 cores per cpu, 2 threads per core) family 23 model 104 stepping 1 microcode 0x8608103, cx8, cmov, fxsr, ht, mmx, 3dnowpref, sse, sse2, sse3, ssse3, sse4a, sse4.1, sse4.2, popcnt, lzcnt, tsc, tscinvbit, avx, avx2, aes, clmul, bmi1, bmi2, adx, sha, fma, vzeroupper, clflush, clflushopt, hv
Processor Information for all 16 processors :
  Max Mhz: 1801, Current Mhz: 1801, Mhz Limit: 1801

Memory: 4k page, system-wide physical 14181M (1210M free)
TotalPageFile size 41493M (AvailPageFile size 55M)
current process WorkingSet (physical memory assigned to process): 390M, peak: 396M
current process commit charge ("private bytes"): 449M, peak: 455M

vm_info: OpenJDK 64-Bit Server VM (17.0.19+10) for windows-amd64 JRE (17.0.19+10), built on Apr 25 2026 08:04:44 by "admin" with MS VC++ 17.12 (VS2022)

END.
