#
# There is insufficient memory for the Java Runtime Environment to continue.
# Native memory allocation (mmap) failed to map 65536 bytes. Error detail: Failed to commit metaspace.
# Possible reasons:
#   The system is out of physical RAM or swap space
#   This process is running with CompressedOops enabled, and the Java Heap may be blocking the growth of the native heap
# Possible solutions:
#   Reduce memory load on the system
#   Increase physical memory or swap space
#   Check if swap backing store is full
#   Decrease Java heap size (-Xmx/-Xms)
#   Decrease number of Java threads
#   Decrease Java thread stack sizes (-Xss)
#   Set larger code cache with -XX:ReservedCodeCacheSize=
#   JVM is running with Unscaled Compressed Oops mode in which the Java heap is
#     placed in the first 4GB address space. The Java Heap base address is the
#     maximum limit for the native heap growth. Please use -XX:HeapBaseMinAddress
#     to set the Java Heap base and to place the Java Heap above 4GB virtual address.
# This output file may be truncated or incomplete.
#
#  Out of Memory Error (virtualSpaceNode.cpp:110), pid=17476, tid=45452
#
# JRE version: OpenJDK Runtime Environment Temurin-17.0.19+10 (17.0.19+10) (build 17.0.19+10)
# Java VM: OpenJDK 64-Bit Server VM Temurin-17.0.19+10 (17.0.19+10, mixed mode, sharing, tiered, compressed oops, compressed class ptrs, g1 gc, windows-amd64)
# No core dump will be written. Minidumps are not enabled by default on client versions of Windows
#

---------------  S U M M A R Y ------------

Command Line: -Xmx64m -Xms64m -Dorg.gradle.appname=gradlew org.gradle.wrapper.GradleWrapperMain --stop

Host: AMD Ryzen 7 5700U with Radeon Graphics         , 16 cores, 13G,  Windows 11 , 64 bit Build 26100 (10.0.26100.8521)
Time: Tue Jun  9 12:57:43 2026 Paris, Madrid (heure duild 26100 (10.0.26100.8521) elapsed time: 0.993970 seconds (0d 0h 0m 0s)

---------------  T H R E A D  ---------------

Current thread (0x000001863c9c9780):  JavaThread "main" [_thread_in_vm, id=45452, stack(0x00000066e1a00000,0x00000066e1b00000)]

Stack: [0x00000066e1a00000,0x00000066e1b00000]
Native frames: (J=compiled Java code, j=interpreted, Vv=VM code, C=native code)
V  [jvm.dll+0x684b29]
V  [jvm.dll+0x83a2d5]
V  [jvm.dll+0x83bd4e]
V  [jvm.dll+0x83c3d3]
V  [jvm.dll+0x24905f]
V  [jvm.dll+0x8360bd]
V  [jvm.dll+0x62941d]
V  [jvm.dll+0x1c07e0]
V  [jvm.dll+0x62bd92]
V  [jvm.dll+0x629dd6]
V  [jvm.dll+0x370e68]
V  [jvm.dll+0x1e261b]
V  [jvm.dll+0x5482f3]
V  [jvm.dll+0x7b4f98]
V  [jvm.dll+0x7b5094]
V  [jvm.dll+0x414d34]
V  [jvm.dll+0x41b799]
C  [java.dll+0x17ec]

Java frames: (J=compiled Java code, j=interpreted, Vv=VM code)
J 668  java.lang.ClassLoader.defineClass1(Ljava/lang/ClassLoader;Ljava/lang/String;[BIILjava/security/ProtectionDomain;Ljava/lang/String;)Ljava/lang/Class; java.base@17.0.19 (0 bytes) @ 0x000001864c129f83 [0x000001864c129ec0+0x00000000000000c3]
j  java.lang.ClassLoader.defineClass(Ljava/lang/String;[BIILjava/security/ProtectionDomain;)Ljava/lang/Class;+27 java.base@17.0.19
j  java.security.SecureClassLoader.defineClass(Ljava/lang/String;[BIILjava/security/CodeSource;)Ljava/lang/Class;+12 java.base@17.0.19
j  java.net.URLClassLoader.defineClass(Ljava/lang/String;Ljdk/internal/loader/Resource;)Ljava/lang/Class;+220 java.base@17.0.19
J 761 c1 java.net.URLClassLoader$1.run()Ljava/lang/Class; java.base@17.0.19 (81 bytes) @ 0x00000186446a7b7c [0x00000186446a6f40+0x0000000000000c3c]
J 760 c1 java.net.URLClassLoader$1.run()Ljava/lang/Object; java.base@17.0.19 (5 bytes) @ 0x00000186446a5b44 [0x00000186446a5ac0+0x0000000000000084]
J 635 c1 java.security.AccessController.doPrivileged(Ljava/security/PrivilegedExceptionAction;Ljava/security/AccessControlContext;)Ljava/lang/Object; java.base@17.0.19 (26 bytes) @ 0x000001864465ca74 [0x000001864465c8a0+0x00000000000001d4]
J 758 c1 java.net.URLClassLoader.findClass(Ljava/lang/String;)Ljava/lang/Class; java.base@17.0.19 (47 bytes) @ 0x00000186446a649c [0x00000186446a6300+0x000000000000019c]
J 670 c1 java.lang.ClassLoader.loadClass(Ljava/lang/String;Z)Ljava/lang/Class; java.base@17.0.19 (121 bytes) @ 0x000001864466ec4c [0x000001864466e6c0+0x000000000000058c]
J 642 c1 java.lang.ClassLoader.loadClass(Ljava/lang/String;)Ljava/lang/Class; java.base@17.0.19 (7 bytes) @ 0x000001864465ef4c [0x000001864465ee40+0x000000000000010c]
v  ~StubRoutines::call_stub
j  java.lang.Class.forName0(Ljava/lang/String;ZLjava/lang/ClassLoader;Ljava/lang/Class;)Ljava/lang/Class;+0 java.base@17.0.19
j  java.lang.Class.forName(Ljava/lang/String;)Ljava/lang/Class;+11 java.base@17.0.19
j  org.gradle.internal.service.DefaultServiceMethodFactory.getOptimalServiceMethodFactory()Lorg/gradle/internal/service/ServiceMethodFactory;+2
j  org.gradle.internal.service.DefaultServiceMethodFactory.<init>()V+6
j  org.gradle.internal.service.RelevantMethods.<clinit>()V+14
v  ~StubRoutines::call_stub
j  org.gradle.internal.service.DefaultServiceRegistry.findProviderMethods(Ljava/lang/Object;)V+6
j  org.gradle.internal.service.DefaultServiceRegistry.<init>(Ljava/lang/String;[Lorg/gradle/internal/service/ServiceRegistry;)V+149
j  org.gradle.internal.service.DefaultServiceRegistry.<init>()V+5
j  org.gradle.internal.logging.services.LoggingServiceRegistry.<init>()V+1
j  org.gradle.internal.logging.services.LoggingServiceRegistry$CommandLineLogging.<init>()V+1
j  org.gradle.internal.logging.services.LoggingServiceRegistry$CommandLineLogging.<init>(Lorg/gradle/internal/logging/services/LoggingServiceRegistry$1;)V+1
j  org.gradle.internal.logging.services.LoggingServiceRegistry.newCommandLineProcessLogging()Lorg/gradle/internal/logging/services/LoggingServiceRegistry;+5
j  org.gradle.launcher.cli.DefaultCommandLineActionFactory.createLoggingServices()Lorg/gradle/internal/service/ServiceRegistry;+0
j  org.gradle.launcher.cli.DefaultCommandLineActionFactory.convert(Ljava/util/List;)Lorg/gradle/launcher/bootstrap/CommandLineActionFactory$CommandLineExecution;+1
j  org.gradle.launcher.Main.doAction([Ljava/lang/String;Lorg/gradle/launcher/bootstrap/ExecutionListener;)V+8
j  org.gradle.launcher.bootstrap.EntryPoint.run([Ljava/lang/String;)V+12
v  ~StubRoutines::call_stub
j  jdk.internal.reflect.NativeMethodAccessorImpl.invoke0(Ljava/lang/reflect/Method;Ljava/lang/Object;[Ljava/lang/Object;)Ljava/lang/Object;+0 java.base@17.0.19
j  jdk.internal.reflect.NativeMethodAccessorImpl.invoke(Ljava/lang/Object;[Ljava/lang/Object;)Ljava/lang/Object;+133 java.base@17.0.19
j  jdk.internal.reflect.DelegatingMethodAccessorImpl.invoke(Ljava/lang/Object;[Ljava/lang/Object;)Ljava/lang/Object;+6 java.base@17.0.19
j  java.lang.reflect.Method.invoke(Ljava/lang/Object;[Ljava/lang/Object;)Ljava/lang/Object;+59 java.base@17.0.19
j  org.gradle.launcher.bootstrap.ProcessBootstrap.runNoExit(Ljava/lang/String;[Ljava/lang/String;)V+159
j  org.gradle.launcher.bootstrap.ProcessBootstrap.run(Ljava/lang/String;[Ljava/lang/String;)V+2
v  ~StubRoutines::call_stub
j  jdk.internal.reflect.NativeMethodAccessorImpl.invoke0(Ljava/lang/reflect/Method;Ljava/lang/Object;[Ljava/lang/Object;)Ljava/lang/Object;+0 java.base@17.0.19
j  jdk.internal.reflect.NativeMethodAccessorImpl.invoke(Ljava/lang/Object;[Ljava/lang/Object;)Ljava/lang/Object;+133 java.base@17.0.19
j  jdk.internal.reflect.DelegatingMethodAccessorImpl.invoke(Ljava/lang/Object;[Ljava/lang/Object;)Ljava/lang/Object;+6 java.base@17.0.19
j  java.lang.reflect.Method.invoke(Ljava/lang/Object;[Ljava/lang/Object;)Ljava/lang/Object;+59 java.base@17.0.19
j  org.gradle.launcher.GradleMain.main([Ljava/lang/String;)V+100
v  ~StubRoutines::call_stub
j  jdk.internal.reflect.NativeMethodAccessorImpl.invoke0(Ljava/lang/reflect/Method;Ljava/lang/Object;[Ljava/lang/Object;)Ljava/lang/Object;+0 java.base@17.0.19
j  jdk.internal.reflect.NativeMethodAccessorImpl.invoke(Ljava/lang/Object;[Ljava/lang/Object;)Ljava/lang/Object;+133 java.base@17.0.19
j  jdk.internal.reflect.DelegatingMethodAccessorImpl.invoke(Ljava/lang/Object;[Ljava/lang/Object;)Ljava/lang/Object;+6 java.base@17.0.19
j  java.lang.reflect.Method.invoke(Ljava/lang/Object;[Ljava/lang/Object;)Ljava/lang/Object;+59 java.base@17.0.19
j  org.gradle.wrapper.BootstrapMainStarter.start([Ljava/lang/String;Ljava/io/File;)V+105
j  org.gradle.wrapper.WrapperExecutor.execute([Ljava/lang/String;Lorg/gradle/wrapper/Install;Lorg/gradle/wrapper/BootstrapMainStarter;)V+14
j  org.gradle.wrapper.GradleWrapperMain.main([Ljava/lang/String;)V+190
v  ~StubRoutines::call_stub

Compiled method (n/a) 1017  668     n 0       java.lang.ClassLoader::defineClass1 (native)
 total in heap  [0x000001864c129d10,0x000001864c12a210] = 1280
 relocation     [0x000001864c129e70,0x000001864c129ea8] = 56
 main code      [0x000001864c129ec0,0x000001864c12a210] = 848

[Constant Pool (empty)]

[MachCode]
[Entry Point]
  # {method} {0x0000018657010f18} 'defineClass1' '(Ljava/lang/ClassLoader;Ljava/lang/String;[BIILjava/security/ProtectionDomain;Ljava/lang/String;)Ljava/lang/Class;' in 'java/lang/ClassLoader'
  # parm0:    rdx:rdx   = 'java/lang/ClassLoader'
  # parm1:    r8:r8     = 'java/lang/String'
  # parm2:    r9:r9     = '[B'
  # parm3:    rdi       = int
  # parm4:    rsi       = int
  # parm5:    rcx:rcx   = 'java/security/ProtectionDomain'
  # parm6:    [sp+0xa0]   = 'java/lang/String'  (sp of caller)
  0x000001864c129ec0: 448b 5208 | 49bb 0000 | 0057 8601 | 0000 4d03 | d349 3bc2 | 0f84 0600 

  0x000001864c129ed8: ;   {runtime_call ic_miss_stub}
  0x000001864c129ed8: 0000 e9a1 | 718c ff90 
[Verified Entry Point]
  0x000001864c129ee0: 8984 2400 | 90ff ff55 | 488b ec48 | 81ec 9000 | 0000 4881 | 7d10 0000 | 0000 488d | 4510 480f 
  0x000001864c129f00: 4445 1048 | 8944 2440 | 4889 4c24 | 7048 83f9 | 0048 8d44 | 2470 480f | 4444 2470 | 4889 4424 
  0x000001864c129f20: 3848 8974 | 2430 4889 | 7c24 284c | 894c 2458 | 4983 f900 | 488d 4424 | 5848 0f44 | 4424 5848 
  0x000001864c129f40: 8944 2420 | 4c89 4424 | 5049 83f8 | 004c 8d4c | 2450 4c0f | 444c 2450 | 4889 5424 | 4848 83fa 
  0x000001864c129f60: 004c 8d44 | 2448 4c0f | 4444 2448 

  0x000001864c129f6c: ;   {oop(a 'java/lang/Class'{0x00000000fff013f8} = 'java/lang/ClassLoader')}
  0x000001864c129f6c: 49be f813 | f0ff 0000 | 0000 4c89 | 7424 784c | 8d74 2478 | 498b d6c5 

  0x000001864c129f84: ;   {internal_word}
  0x000001864c129f84: f877 49ba | 839f 124c | 8601 0000 | 4d89 97a0 | 0200 0049 | 89a7 9802 

  0x000001864c129f9c: ;   {external_word}
  0x000001864c129f9c: 0000 49ba | d5d6 18d3 | fc7f 0000 | 4180 3a00 | 0f84 5200 | 0000 5241 

  0x000001864c129fb4: ;   {metadata({method} {0x0000018657010f18} 'defineClass1' '(Ljava/lang/ClassLoader;Ljava/lang/String;[BIILjava/security/ProtectionDomain;Ljava/lang/String;)Ljava/lang/Class;' in 'java/lang/ClassLoader')}
  0x000001864c129fb4: 5041 5148 | ba10 0f01 | 5786 0100 | 0049 8bcf | 4883 ec20 | f7c4 0f00 | 0000 0f84 | 1a00 0000 
  0x000001864c129fd4: 4883 ec08 

  0x000001864c129fd8: ;   {runtime_call}
  0x000001864c129fd8: 49ba 80a4 | ced2 fc7f | 0000 41ff | d248 83c4 | 08e9 0d00 

  0x000001864c129fec: ;   {runtime_call}
  0x000001864c129fec: 0000 49ba | 80a4 ced2 | fc7f 0000 | 41ff d248 | 83c4 2041 | 5941 585a | 498d 8fb8 | 0200 0041 
  0x000001864c12a00c: c787 4003 | 0000 0400 

  0x000001864c12a014: ;   {runtime_call}
  0x000001864c12a014: 0000 49ba | ac16 1238 | fd7f 0000 | 41ff d2c5 | f877 41c7 | 8740 0300 | 0005 0000 | 00f0 8344 
  0x000001864c12a034: 24c0 0049 | 3baf 4803 | 0000 0f87 | 1100 0000 | 4181 bf30 | 0300 0000 | 0000 000f | 842c 0000 
  0x000001864c12a054: 00c5 f877 | 4889 45f8 | 498b cf4c | 8be4 4883 | ec20 4883 

  0x000001864c12a068: ;   {runtime_call}
  0x000001864c12a068: e4f0 49ba | d0b3 ded2 | fc7f 0000 | 41ff d249 | 8be4 4d33 | e448 8b45 | f841 c787 | 4003 0000 
  0x000001864c12a088: 0800 0000 | 4181 bfb0 | 0300 0002 | 0000 000f | 843f 0100 

  0x000001864c12a09c: ;   {external_word}
  0x000001864c12a09c: 0049 bad5 | d618 d3fc | 7f00 0041 | 803a 000f | 8450 0000 | 0048 8945 

  0x000001864c12a0b4: ;   {metadata({method} {0x0000018657010f18} 'defineClass1' '(Ljava/lang/ClassLoader;Ljava/lang/String;[BIILjava/security/ProtectionDomain;Ljava/lang/String;)Ljava/lang/Class;' in 'java/lang/ClassLoader')}
  0x000001864c12a0b4: f848 ba10 | 0f01 5786 | 0100 0049 | 8bcf 4883 | ec20 f7c4 | 0f00 0000 | 0f84 1a00 | 0000 4883 
  0x000001864c12a0d4: ;   {runtime_call}
  0x000001864c12a0d4: ec08 49ba | 80a4 ced2 | fc7f 0000 | 41ff d248 | 83c4 08e9 | 0d00 0000 

  0x000001864c12a0ec: ;   {runtime_call}
  0x000001864c12a0ec: 49ba 80a4 | ced2 fc7f | 0000 41ff | d248 83c4 | 2048 8b45 | f849 c787 | 9802 0000 | 0000 0000 
  0x000001864c12a10c: 49c7 87a0 | 0200 0000 | 0000 00c5 | f877 4885 | c00f 8493 | 0000 0048 | f7c0 0100 | 0000 0f84 
  0x000001864c12a12c: 8300 0000 | 488b 40ff | 4180 7f38 | 000f 846f | 0000 0048 | 83f8 000f | 8465 0000 | 0049 8b4f 
  0x000001864c12a14c: 2048 83f9 | 000f 8414 | 0000 0048 | 83e9 0849 | 894f 2049 | 034f 3048 | 8901 e943 | 0000 0050 
  0x000001864c12a16c: 498b d748 | 8bc8 4883 | ec20 f7c4 | 0f00 0000 | 0f84 1a00 | 0000 4883 

  0x000001864c12a184: ;   {runtime_call}
  0x000001864c12a184: ec08 49ba | 706b 8dd2 | fc7f 0000 | 41ff d248 | 83c4 08e9 | 0d00 0000 

  0x000001864c12a19c: ;   {runtime_call}
  0x000001864c12a19c: 49ba 706b | 8dd2 fc7f | 0000 41ff | d248 83c4 | 2058 e903 | 0000 0048 | 8b00 498b | 8fd8 0000 
  0x000001864c12a1bc: 00c7 8100 | 0100 0000 | 0000 00c9 | 4981 7f08 | 0000 0000 | 0f85 0100 

  0x000001864c12a1d4: ;   {runtime_call StubRoutines (1)}
  0x000001864c12a1d4: 0000 c3e9 | 246d 87ff | c5f8 7748 | 8945 f84c | 8be4 4883 | ec20 4883 

  0x000001864c12a1ec: ;   {runtime_call}
  0x000001864c12a1ec: e4f0 49ba | 70d5 ced2 | fc7f 0000 | 41ff d249 | 8be4 4d33 | e448 8b45 | f8e9 93fe | ffff f4f4 
  0x000001864c12a20c: f4f4 f4f4 
[/MachCode]


Compiled method (c1) 1047  761   !   3       java.net.URLClassLoader$1::run (81 bytes)
 total in heap  [0x00000186446a6b90,0x00000186446a8cc0] = 8496
 relocation     [0x00000186446a6cf0,0x00000186446a6f28] = 568
 main code      [0x00000186446a6f40,0x00000186446a8380] = 5184
 stub code      [0x00000186446a8380,0x00000186446a8488] = 264
 oops           [0x00000186446a8488,0x00000186446a8490] = 8
 metadata       [0x00000186446a8490,0x00000186446a8518] = 136
 scopes data    [0x00000186446a8518,0x00000186446a88b0] = 920
 scopes pcs     [0x00000186446a88b0,0x00000186446a8c20] = 880
 dependencies   [0x00000186446a8c20,0x00000186446a8c30] = 16
 handler table  [0x00000186446a8c30,0x00000186446a8c78] = 72
 nul chk table  [0x00000186446a8c78,0x00000186446a8cc0] = 72

[Constant Pool (empty)]

[MachCode]
[Entry Point]
  # {method} {0x00000186980fc818} 'run' '()Ljava/lang/Class;' in 'java/net/URLClassLoader$1'
  #           [sp+0x130]  (sp of caller)
  0x00000186446a6f40: 448b 5208 | 49bb 0000 | 0057 8601 | 0000 4d03 | d34c 3bd0 

  0x00000186446a6f54: ;   {runtime_call ic_miss_stub}
  0x00000186446a6f54: 0f85 26a1 | 3407 660f | 1f44 0000 
[Verified Entry Point]
  0x00000186446a6f60: 8984 2400 | 90ff ff55 | 4881 ec20 | 0100 0048 | 8994 24b8 

  0x00000186446a6f74: ;   {metadata(method data for {method} {0x00000186980fc818} 'run' '()Ljava/lang/Class;' in 'java/net/URLClassLoader$1')}
  0x00000186446a6f74: 0000 0049 | b808 bd19 | 9886 0100 | 0045 8b88 | cc00 0000 | 4183 c102 | 4589 88cc | 0000 0041 
  0x00000186446a6f94: 81e1 fe07 | 0000 4183 | f900 0f84 | 9d0f 0000 | 8b72 0c48 | 3b06 4c8b 

  0x00000186446a6fac: ;   {metadata(method data for {method} {0x00000186980fc818} 'run' '()Ljava/lang/Class;' in 'java/net/URLClassLoader$1')}
  0x00000186446a6fac: c649 b908 | bd19 9886 | 0100 0049 | 8381 1001 | 0000 0141 | b82e 0000 | 0041 b92f | 0000 0048 
  0x00000186446a6fcc: ;   {optimized virtual_call}
  0x00000186446a6fcc: 8bd6 90e8 

  0x00000186446a6fd0: ; ImmutableOopMap {[184]=Oop }
                      ;*invokevirtual replace {reexecute=0 rethrow=0 return_oop=0}
                      ; - java.net.URLClassLoader$1::run@8 (line 423)
  0x00000186446a6fd0: 2c0c f3ff 

  0x00000186446a6fd4: ; implicit exception: dispatches to 0x00000186446a7f67
  0x00000186446a6fd4: 483b 0048 

  0x00000186446a6fd8: ;   {metadata(method data for {method} {0x00000186980fc818} 'run' '()Ljava/lang/Class;' in 'java/net/URLClassLoader$1')}
  0x00000186446a6fd8: 8bd0 48be | 08bd 1998 | 8601 0000 | 4883 8648 | 0100 0001 

  0x00000186446a6fec: ;   {metadata(method data for {method} {0x000001865742a2a0} 'concat' '(Ljava/lang/String;)Ljava/lang/String;' in 'java/lang/String')}
  0x00000186446a6fec: 48ba 0869 | 1598 8601 | 0000 8bb2 | cc00 0000 | 83c6 0289 | b2cc 0000 | 0081 e6fe | ff1f 0083 
  0x00000186446a700c: fe00 0f84 | 580f 0000 

  0x00000186446a7014: ;   {oop(".class"{0x00000000ffe1a2d0})}
  0x00000186446a7014: 48ba d0a2 | e1ff 0000 

  0x00000186446a701c: ;   {metadata(method data for {method} {0x000001865742a2a0} 'concat' '(Ljava/lang/String;)Ljava/lang/String;' in 'java/lang/String')}
  0x00000186446a701c: 0000 48be | 0869 1598 | 8601 0000 | 4883 8610 | 0100 0001 

  0x00000186446a7030: ;   {metadata(method data for {method} {0x0000018657427240} 'isEmpty' '()Z' in 'java/lang/String')}
  0x00000186446a7030: 48ba 4817 | 0298 8601 | 0000 8bb2 | cc00 0000 | 83c6 0289 | b2cc 0000 | 0081 e6fe | ff1f 0083 
  0x00000186446a7050: fe00 0f84 | 350f 0000 

  0x00000186446a7058: ;   {metadata(method data for {method} {0x0000018657427240} 'isEmpty' '()Z' in 'java/lang/String')}
  0x00000186446a7058: 48ba 4817 | 0298 8601 | 0000 ff82 | 1001 0000 

  0x00000186446a7068: ;   {metadata(method data for {method} {0x000001865742a2a0} 'concat' '(Ljava/lang/String;)Ljava/lang/String;' in 'java/lang/String')}
  0x00000186446a7068: 48ba 0869 | 1598 8601 | 0000 ff82 | 4801 0000 

  0x00000186446a7078: ;   {metadata(method data for {method} {0x000001865742a2a0} 'concat' '(Ljava/lang/String;)Ljava/lang/String;' in 'java/lang/String')}
  0x00000186446a7078: 48ba 0869 | 1598 8601 | 0000 4883 | 8268 0100 

  0x00000186446a7088: ;   {metadata(method data for {method} {0x0000018657405c70} 'simpleConcat' '(Ljava/lang/Object;Ljava/lang/Object;)Ljava/lang/String;' in 'java/lang/StringConcatHelper')}
  0x00000186446a7088: 0001 48ba | c86a 1598 | 8601 0000 | 8bb2 cc00 | 0000 83c6 | 0289 b2cc | 0000 0081 | e6fe ff1f 
  0x00000186446a70a8: 0083 fe00 | 0f84 fc0e 

  0x00000186446a70b0: ;   {metadata(method data for {method} {0x0000018657405c70} 'simpleConcat' '(Ljava/lang/Object;Ljava/lang/Object;)Ljava/lang/String;' in 'java/lang/StringConcatHelper')}
  0x00000186446a70b0: 0000 48ba | c86a 1598 | 8601 0000 | 4883 8210 | 0100 0001 

  0x00000186446a70c4: ;   {metadata(method data for {method} {0x0000018657406458} 'stringOf' '(Ljava/lang/Object;)Ljava/lang/String;' in 'java/lang/StringConcatHelper')}
  0x00000186446a70c4: 48ba 70bf | 0498 8601 | 0000 8bb2 | cc00 0000 | 83c6 0289 | b2cc 0000 | 0081 e6fe | ff1f 0083 
  0x00000186446a70e4: fe00 0f84 | e30e 0000 | 4883 f800 

  0x00000186446a70f0: ;   {metadata(method data for {method} {0x0000018657406458} 'stringOf' '(Ljava/lang/Object;)Ljava/lang/String;' in 'java/lang/StringConcatHelper')}
  0x00000186446a70f0: 48ba 70bf | 0498 8601 | 0000 48c7 | c610 0100 | 000f 8407 | 0000 0048 | c7c6 2001 | 0000 488b 
  0x00000186446a7110: 3c32 488d | 7f01 4889 | 3c32 0f84 | 7100 0000 

  0x00000186446a7120: ;   {metadata(method data for {method} {0x0000018657406458} 'stringOf' '(Ljava/lang/Object;)Ljava/lang/String;' in 'java/lang/StringConcatHelper')}
  0x00000186446a7120: 488b d048 | be70 bf04 | 9886 0100 | 0048 8386 | 3001 0000 

  0x00000186446a7134: ;   {metadata(method data for {method} {0x0000018657427b70} 'toString' '()Ljava/lang/String;' in 'java/lang/String')}
  0x00000186446a7134: 0148 ba98 | 7904 9886 | 0100 008b | b2cc 0000 | 0083 c602 | 89b2 cc00 | 0000 81e6 | feff 1f00 
  0x00000186446a7154: 83fe 000f | 8493 0e00 | 0048 83f8 

  0x00000186446a7160: ;   {metadata(method data for {method} {0x0000018657406458} 'stringOf' '(Ljava/lang/Object;)Ljava/lang/String;' in 'java/lang/StringConcatHelper')}
  0x00000186446a7160: 0048 ba70 | bf04 9886 | 0100 0048 | c7c6 6801 | 0000 0f85 | 0700 0000 | 48c7 c678 | 0100 0048 
  0x00000186446a7180: 8b3c 3248 | 8d7f 0148 | 893c 320f | 851a 0000 

  0x00000186446a7190: ;   {metadata(method data for {method} {0x0000018657406458} 'stringOf' '(Ljava/lang/Object;)Ljava/lang/String;' in 'java/lang/StringConcatHelper')}
  0x00000186446a7190: 0048 ba70 | bf04 9886 | 0100 00ff | 8288 0100 

  0x00000186446a71a0: ;   {oop("null"{0x00000000fff07da8})}
  0x00000186446a71a0: 0048 b8a8 | 7df0 ff00 

  0x00000186446a71a8: ;   {metadata(method data for {method} {0x0000018657405c70} 'simpleConcat' '(Ljava/lang/Object;Ljava/lang/Object;)Ljava/lang/String;' in 'java/lang/StringConcatHelper')}
  0x00000186446a71a8: 0000 0048 | bac8 6a15 | 9886 0100 | 0048 8382 | 2001 0000 

  0x00000186446a71bc: ;   {metadata(method data for {method} {0x0000018657406458} 'stringOf' '(Ljava/lang/Object;)Ljava/lang/String;' in 'java/lang/StringConcatHelper')}
  0x00000186446a71bc: 0148 ba70 | bf04 9886 | 0100 008b | b2cc 0000 | 0083 c602 | 89b2 cc00 | 0000 81e6 | feff 1f00 
  0x00000186446a71dc: 83fe 000f | 842c 0e00 

  0x00000186446a71e4: ;   {metadata(method data for {method} {0x0000018657406458} 'stringOf' '(Ljava/lang/Object;)Ljava/lang/String;' in 'java/lang/StringConcatHelper')}
  0x00000186446a71e4: 0048 ba70 | bf04 9886 | 0100 00ff | 8220 0100 

  0x00000186446a71f4: ;   {oop(".class"{0x00000000ffe1a2d0})}
  0x00000186446a71f4: 0048 bad0 | a2e1 ff00 

  0x00000186446a71fc: ;   {metadata(method data for {method} {0x0000018657406458} 'stringOf' '(Ljava/lang/Object;)Ljava/lang/String;' in 'java/lang/StringConcatHelper')}
  0x00000186446a71fc: 0000 0048 | be70 bf04 | 9886 0100 | 0048 8386 | 3001 0000 

  0x00000186446a7210: ;   {metadata(method data for {method} {0x0000018657427b70} 'toString' '()Ljava/lang/String;' in 'java/lang/String')}
  0x00000186446a7210: 0148 ba98 | 7904 9886 | 0100 008b | b2cc 0000 | 0083 c602 | 89b2 cc00 | 0000 81e6 | feff 1f00 
  0x00000186446a7230: 83fe 000f | 84f9 0d00 

  0x00000186446a7238: ;   {metadata(method data for {method} {0x0000018657406458} 'stringOf' '(Ljava/lang/Object;)Ljava/lang/String;' in 'java/lang/StringConcatHelper')}
  0x00000186446a7238: 0048 ba70 | bf04 9886 | 0100 00ff | 8268 0100 | 0048 3b00 

  0x00000186446a724c: ;   {metadata(method data for {method} {0x0000018657405c70} 'simpleConcat' '(Ljava/lang/Object;Ljava/lang/Object;)Ljava/lang/String;' in 'java/lang/StringConcatHelper')}
  0x00000186446a724c: 488b d048 | bec8 6a15 | 9886 0100 | 0048 8386 | 3001 0000 

  0x00000186446a7260: ;   {metadata(method data for {method} {0x0000018657427240} 'isEmpty' '()Z' in 'java/lang/String')}
  0x00000186446a7260: 0148 ba48 | 1702 9886 | 0100 008b | b2cc 0000 | 0083 c602 | 89b2 cc00 | 0000 81e6 | feff 1f00 
  0x00000186446a7280: 83fe 000f | 84cf 0d00 | 008b 5014 

  0x00000186446a728c: ; implicit exception: dispatches to 0x00000186446a8079
  0x00000186446a728c: 8b72 0c83 

  0x00000186446a7290: ;   {metadata(method data for {method} {0x0000018657427240} 'isEmpty' '()Z' in 'java/lang/String')}
  0x00000186446a7290: fe00 48ba | 4817 0298 | 8601 0000 | 48c7 c710 | 0100 000f | 8507 0000 | 0048 c7c7 | 2001 0000 
  0x00000186446a72b0: 488b 0c3a | 488d 4901 | 4889 0c3a | 0f85 1a00 

  0x00000186446a72c0: ;   {metadata(method data for {method} {0x0000018657427240} 'isEmpty' '()Z' in 'java/lang/String')}
  0x00000186446a72c0: 0000 48ba | 4817 0298 | 8601 0000 | ff82 3001 | 0000 ba01 | 0000 00e9 | 0500 0000 | ba00 0000 
  0x00000186446a72e0: 0083 e201 

  0x00000186446a72e4: ;   {metadata(method data for {method} {0x0000018657405c70} 'simpleConcat' '(Ljava/lang/Object;Ljava/lang/Object;)Ljava/lang/String;' in 'java/lang/StringConcatHelper')}
  0x00000186446a72e4: 83fa 0048 | bac8 6a15 | 9886 0100 | 0048 c7c7 | 6801 0000 | 0f84 0700 | 0000 48c7 | c778 0100 
  0x00000186446a7304: 0048 8b0c | 3a48 8d49 | 0148 890c | 3a0f 8492 

  0x00000186446a7314: ;   {metadata('java/lang/String')}
  0x00000186446a7314: 0000 0048 | bae0 e900 | 5786 0100 | 0049 8b87 | 0801 0000 | 488d 7818 | 493b bf18 | 0100 000f 
  0x00000186446a7334: 8745 0d00 | 0049 89bf | 0801 0000 | 48c7 0001 | 0000 0048 | 8bca 49ba | 0000 0057 | 8601 0000 
  0x00000186446a7354: 492b ca89 | 4808 4833 | c989 480c | 4833 c948 | 8948 104c 

  0x00000186446a7368: ;   {metadata(method data for {method} {0x0000018657405c70} 'simpleConcat' '(Ljava/lang/Object;Ljava/lang/Object;)Ljava/lang/String;' in 'java/lang/StringConcatHelper')}
  0x00000186446a7368: 8bc0 48ba | c86a 1598 | 8601 0000 | 4883 8288 | 0100 0001 

  0x00000186446a737c: ;   {oop(".class"{0x00000000ffe1a2d0})}
  0x00000186446a737c: 49b8 d0a2 | e1ff 0000 | 0000 488b | d048 8984 | 24c0 0000 | 0066 0f1f 

  0x00000186446a7394: ;   {optimized virtual_call}
  0x00000186446a7394: 4400 00e8 

  0x00000186446a7398: ; ImmutableOopMap {[184]=Oop [192]=Oop }
                      ;*invokespecial <init> {reexecute=0 rethrow=0 return_oop=0}
                      ; - java.lang.StringConcatHelper::simpleConcat@22 (line 411)
                      ; - java.lang.String::concat@11 (line 2774)
                      ; - java.net.URLClassLoader$1::run@13 (line 423)
  0x00000186446a7398: e49f 3407 | 488b 8424 | c000 0000 | e913 0700 

  0x00000186446a73a8: ;   {oop(".class"{0x00000000ffe1a2d0})}
  0x00000186446a73a8: 0048 b9d0 | a2e1 ff00 

  0x00000186446a73b0: ;   {metadata(method data for {method} {0x0000018657405c70} 'simpleConcat' '(Ljava/lang/Object;Ljava/lang/Object;)Ljava/lang/String;' in 'java/lang/StringConcatHelper')}
  0x00000186446a73b0: 0000 0049 | b8c8 6a15 | 9886 0100 | 0049 8380 | 9801 0000 

  0x00000186446a73c4: ;   {metadata(method data for {method} {0x0000018657427240} 'isEmpty' '()Z' in 'java/lang/String')}
  0x00000186446a73c4: 0148 b948 | 1702 9886 | 0100 0044 | 8b81 cc00 | 0000 4183 | c002 4489 | 81cc 0000 | 0041 81e0 
  0x00000186446a73e4: feff 1f00 | 4183 f800 | 0f84 990c 

  0x00000186446a73f0: ;   {metadata(method data for {method} {0x0000018657427240} 'isEmpty' '()Z' in 'java/lang/String')}
  0x00000186446a73f0: 0000 48b9 | 4817 0298 | 8601 0000 | ff81 1001 

  0x00000186446a7400: ;   {metadata(method data for {method} {0x0000018657405c70} 'simpleConcat' '(Ljava/lang/Object;Ljava/lang/Object;)Ljava/lang/String;' in 'java/lang/StringConcatHelper')}
  0x00000186446a7400: 0000 48b9 | c86a 1598 | 8601 0000 | ff81 d001 

  0x00000186446a7410: ;   {metadata(method data for {method} {0x0000018657405c70} 'simpleConcat' '(Ljava/lang/Object;Ljava/lang/Object;)Ljava/lang/String;' in 'java/lang/StringConcatHelper')}
  0x00000186446a7410: 0000 48b9 | c86a 1598 | 8601 0000 | 4883 8100 | 0200 0001 

  0x00000186446a7424: ;   {metadata(method data for {method} {0x0000018657405d20} 'initialCoder' '()J' in 'java/lang/StringConcatHelper')}
  0x00000186446a7424: 48b9 28e1 | 1498 8601 | 0000 448b | 81cc 0000 | 0041 83c0 | 0244 8981 | cc00 0000 | 4181 e0fe 
  0x00000186446a7444: ff1f 0041 | 83f8 000f | 845b 0c00 

  0x00000186446a7450: ;   {metadata(method data for {method} {0x0000018657405d20} 'initialCoder' '()J' in 'java/lang/StringConcatHelper')}
  0x00000186446a7450: 0048 b928 | e114 9886 | 0100 00ff | 8120 0100 

  0x00000186446a7460: ;   {metadata(method data for {method} {0x0000018657405d20} 'initialCoder' '()J' in 'java/lang/StringConcatHelper')}
  0x00000186446a7460: 0048 b928 | e114 9886 | 0100 00ff | 8130 0100 

  0x00000186446a7470: ;   {metadata(method data for {method} {0x0000018657405c70} 'simpleConcat' '(Ljava/lang/Object;Ljava/lang/Object;)Ljava/lang/String;' in 'java/lang/StringConcatHelper')}
  0x00000186446a7470: 0048 b9c8 | 6a15 9886 | 0100 0048 | 8381 1002 

  0x00000186446a7480: ;   {metadata(method data for {method} {0x0000018657405dd0} 'mix' '(JLjava/lang/String;)J' in 'java/lang/StringConcatHelper')}
  0x00000186446a7480: 0000 0148 | b950 c104 | 9886 0100 | 0044 8b81 | cc00 0000 | 4183 c002 | 4489 81cc | 0000 0041 
  0x00000186446a74a0: 81e0 feff | 1f00 4183 | f800 0f84 | 1d0c 0000 

  0x00000186446a74b0: ;   {metadata(method data for {method} {0x0000018657405dd0} 'mix' '(JLjava/lang/String;)J' in 'java/lang/StringConcatHelper')}
  0x00000186446a74b0: 488b c849 | b850 c104 | 9886 0100 | 0049 8380 | 1001 0000 

  0x00000186446a74c4: ;   {metadata(method data for {method} {0x00000186574272f0} 'length' '()I' in 'java/lang/String')}
  0x00000186446a74c4: 0148 b978 | f800 9886 | 0100 0044 | 8b81 cc00 | 0000 4183 | c002 4489 | 81cc 0000 | 0041 81e0 
  0x00000186446a74e4: feff 1f00 | 4183 f800 | 0f84 fc0b | 0000 488b 

  0x00000186446a74f4: ;   {metadata(method data for {method} {0x00000186574272f0} 'length' '()I' in 'java/lang/String')}
  0x00000186446a74f4: c849 b878 | f800 9886 | 0100 0049 | 8380 1001 

  0x00000186446a7504: ;   {metadata(method data for {method} {0x00000186574281f8} 'coder' '()B' in 'java/lang/String')}
  0x00000186446a7504: 0000 0148 | b988 f100 | 9886 0100 | 0044 8b81 | cc00 0000 | 4183 c002 | 4489 81cc | 0000 0041 
  0x00000186446a7524: 81e0 feff | 1f00 4183 | f800 0f84 | db0b 0000 

  0x00000186446a7534: ;   {metadata(method data for {method} {0x00000186574281f8} 'coder' '()B' in 'java/lang/String')}
  0x00000186446a7534: 48b9 88f1 | 0098 8601 | 0000 ff81 | 2001 0000 | 0fbe 4810 

  0x00000186446a7548: ;   {metadata(method data for {method} {0x00000186574281f8} 'coder' '()B' in 'java/lang/String')}
  0x00000186446a7548: 49b8 88f1 | 0098 8601 | 0000 41ff | 8030 0100 | 00c1 e118 | 4c8b c141 | c1f8 1849 | 8bc8 d3fe 
  0x00000186446a7568: 4863 f648 

  0x00000186446a756c: ;   {metadata(method data for {method} {0x0000018657405dd0} 'mix' '(JLjava/lang/String;)J' in 'java/lang/StringConcatHelper')}
  0x00000186446a756c: 8bc8 49b9 | 50c1 0498 | 8601 0000 | 4983 8148 | 0100 0001 

  0x00000186446a7580: ;   {metadata(method data for {method} {0x00000186574281f8} 'coder' '()B' in 'java/lang/String')}
  0x00000186446a7580: 48b9 88f1 | 0098 8601 | 0000 448b | 89cc 0000 | 0041 83c1 | 0244 8989 | cc00 0000 | 4181 e1fe 
  0x00000186446a75a0: ff1f 0041 | 83f9 000f | 8483 0b00 

  0x00000186446a75ac: ;   {metadata(method data for {method} {0x00000186574281f8} 'coder' '()B' in 'java/lang/String')}
  0x00000186446a75ac: 0048 b988 | f100 9886 | 0100 00ff | 8120 0100 

  0x00000186446a75bc: ;   {metadata(method data for {method} {0x00000186574281f8} 'coder' '()B' in 'java/lang/String')}
  0x00000186446a75bc: 0048 b988 | f100 9886 | 0100 00ff | 8130 0100 | 0041 83f8 

  0x00000186446a75d0: ;   {metadata(method data for {method} {0x0000018657405dd0} 'mix' '(JLjava/lang/String;)J' in 'java/lang/StringConcatHelper')}
  0x00000186446a75d0: 0148 b950 | c104 9886 | 0100 0049 | c7c0 8001 | 0000 0f85 | 0700 0000 | 49c7 c090 | 0100 004e 
  0x00000186446a75f0: 8b0c 014d | 8d49 014e | 890c 010f | 850d 0000 | 0049 ba00 | 0000 0001 | 0000 0049 

  0x00000186446a760c: ;   {metadata(method data for {method} {0x0000018657405dd0} 'mix' '(JLjava/lang/String;)J' in 'java/lang/StringConcatHelper')}
  0x00000186446a760c: 0bf2 48b9 | 50c1 0498 | 8601 0000 | 4883 81a0 | 0100 0001 

  0x00000186446a7620: ;   {metadata(method data for {method} {0x0000018657405fe0} 'checkOverflow' '(J)J' in 'java/lang/StringConcatHelper')}
  0x00000186446a7620: 48b9 f8bd | 0498 8601 | 0000 448b | 81cc 0000 | 0041 83c0 | 0244 8981 | cc00 0000 | 4181 e0fe 
  0x00000186446a7640: ff1f 0041 | 83f8 000f | 8404 0b00 | 008b ce83 

  0x00000186446a7650: ;   {metadata(method data for {method} {0x0000018657405fe0} 'checkOverflow' '(J)J' in 'java/lang/StringConcatHelper')}
  0x00000186446a7650: f900 48b9 | f8bd 0498 | 8601 0000 | 49c7 c010 | 0100 000f | 8c07 0000 | 0049 c7c0 | 2001 0000 
  0x00000186446a7670: 4e8b 0c01 | 4d8d 4901 | 4e89 0c01 | 0f8c 5f07 

  0x00000186446a7680: ;   {metadata(method data for {method} {0x0000018657405c70} 'simpleConcat' '(Ljava/lang/Object;Ljava/lang/Object;)Ljava/lang/String;' in 'java/lang/StringConcatHelper')}
  0x00000186446a7680: 0000 48b9 | c86a 1598 | 8601 0000 | 4883 8120 | 0200 0001 

  0x00000186446a7694: ;   {metadata(method data for {method} {0x0000018657405dd0} 'mix' '(JLjava/lang/String;)J' in 'java/lang/StringConcatHelper')}
  0x00000186446a7694: 48b9 50c1 | 0498 8601 | 0000 448b | 81cc 0000 | 0041 83c0 | 0244 8981 | cc00 0000 | 4181 e0fe 
  0x00000186446a76b4: ff1f 0041 | 83f8 000f | 84b1 0a00 

  0x00000186446a76c0: ;   {oop(".class"{0x00000000ffe1a2d0})}
  0x00000186446a76c0: 0048 b9d0 | a2e1 ff00 | 0000 004c 

  0x00000186446a76cc: ;   {metadata(method data for {method} {0x0000018657405dd0} 'mix' '(JLjava/lang/String;)J' in 'java/lang/StringConcatHelper')}
  0x00000186446a76cc: 8bc1 49b9 | 50c1 0498 | 8601 0000 | 4983 8110 | 0100 0001 

  0x00000186446a76e0: ;   {metadata(method data for {method} {0x00000186574272f0} 'length' '()I' in 'java/lang/String')}
  0x00000186446a76e0: 49b8 78f8 | 0098 8601 | 0000 458b | 88cc 0000 | 0041 83c1 | 0245 8988 | cc00 0000 | 4181 e1fe 
  0x00000186446a7700: ff1f 0041 | 83f9 000f | 8486 0a00 

  0x00000186446a770c: ;   {metadata(method data for {method} {0x00000186574272f0} 'length' '()I' in 'java/lang/String')}
  0x00000186446a770c: 0049 b878 | f800 9886 | 0100 0049 | 8380 1001 

  0x00000186446a771c: ;   {metadata(method data for {method} {0x00000186574281f8} 'coder' '()B' in 'java/lang/String')}
  0x00000186446a771c: 0000 0148 | b988 f100 | 9886 0100 | 0044 8b81 | cc00 0000 | 4183 c002 | 4489 81cc | 0000 0041 
  0x00000186446a773c: 81e0 feff | 1f00 4183 | f800 0f84 | 680a 0000 

  0x00000186446a774c: ;   {metadata(method data for {method} {0x00000186574281f8} 'coder' '()B' in 'java/lang/String')}
  0x00000186446a774c: 48b9 88f1 | 0098 8601 | 0000 ff81 | 2001 0000 

  0x00000186446a775c: ;   {metadata(method data for {method} {0x00000186574281f8} 'coder' '()B' in 'java/lang/String')}
  0x00000186446a775c: 48b9 88f1 | 0098 8601 | 0000 ff81 | 3001 0000 | 49c7 c206 | 0000 0049 | 03f2 4889 | b424 c800 
  0x00000186446a777c: ;   {oop(".class"{0x00000000ffe1a2d0})}
  0x00000186446a777c: 0000 48b9 | d0a2 e1ff | 0000 0000 

  0x00000186446a7788: ;   {metadata(method data for {method} {0x0000018657405dd0} 'mix' '(JLjava/lang/String;)J' in 'java/lang/StringConcatHelper')}
  0x00000186446a7788: 49b8 50c1 | 0498 8601 | 0000 4983 | 8048 0100 

  0x00000186446a7798: ;   {metadata(method data for {method} {0x00000186574281f8} 'coder' '()B' in 'java/lang/String')}
  0x00000186446a7798: 0001 48b9 | 88f1 0098 | 8601 0000 | 448b 81cc | 0000 0041 | 83c0 0244 | 8981 cc00 | 0000 4181 
  0x00000186446a77b8: e0fe ff1f | 0041 83f8 | 000f 840e 

  0x00000186446a77c4: ;   {metadata(method data for {method} {0x00000186574281f8} 'coder' '()B' in 'java/lang/String')}
  0x00000186446a77c4: 0a00 0048 | b988 f100 | 9886 0100 | 00ff 8120 

  0x00000186446a77d4: ;   {metadata(method data for {method} {0x00000186574281f8} 'coder' '()B' in 'java/lang/String')}
  0x00000186446a77d4: 0100 0048 | b988 f100 | 9886 0100 | 00ff 8130 

  0x00000186446a77e4: ;   {metadata(method data for {method} {0x0000018657405dd0} 'mix' '(JLjava/lang/String;)J' in 'java/lang/StringConcatHelper')}
  0x00000186446a77e4: 0100 0048 | b950 c104 | 9886 0100 | 00ff 8180 

  0x00000186446a77f4: ;   {metadata(method data for {method} {0x0000018657405dd0} 'mix' '(JLjava/lang/String;)J' in 'java/lang/StringConcatHelper')}
  0x00000186446a77f4: 0100 0048 | b950 c104 | 9886 0100 | 0048 8381 | a001 0000 

  0x00000186446a7808: ;   {metadata(method data for {method} {0x0000018657405fe0} 'checkOverflow' '(J)J' in 'java/lang/StringConcatHelper')}
  0x00000186446a7808: 0148 b9f8 | bd04 9886 | 0100 0044 | 8b81 cc00 | 0000 4183 | c002 4489 | 81cc 0000 | 0041 81e0 
  0x00000186446a7828: feff 1f00 | 4183 f800 | 0f84 c009 | 0000 448b | c641 83f8 

  0x00000186446a783c: ;   {metadata(method data for {method} {0x0000018657405fe0} 'checkOverflow' '(J)J' in 'java/lang/StringConcatHelper')}
  0x00000186446a783c: 0048 b9f8 | bd04 9886 | 0100 0049 | c7c1 1001 | 0000 0f8c | 0700 0000 | 49c7 c120 | 0100 004a 
  0x00000186446a785c: 8b14 0948 | 8d52 014a | 8914 090f | 8ccc 0400 

  0x00000186446a786c: ;   {metadata(method data for {method} {0x0000018657405c70} 'simpleConcat' '(Ljava/lang/Object;Ljava/lang/Object;)Ljava/lang/String;' in 'java/lang/StringConcatHelper')}
  0x00000186446a786c: 0048 b9c8 | 6a15 9886 | 0100 0048 | 8381 3002 

  0x00000186446a787c: ;   {metadata(method data for {method} {0x0000018657405bc0} 'newArray' '(J)[B' in 'java/lang/StringConcatHelper')}
  0x00000186446a787c: 0000 0148 | b930 f40a | 9886 0100 | 0044 8b89 | cc00 0000 | 4183 c102 | 4489 89cc | 0000 0041 
  0x00000186446a789c: 81e1 feff | 1f00 4183 | f900 0f84 | 6b09 0000 | b920 0000 | 004c 8bce | 49d3 f945 | 8bc9 450f 
  0x00000186446a78bc: bec9 498b | c94d 8bc8 | 41d3 e141 

  0x00000186446a78c8: ;   {metadata(method data for {method} {0x0000018657405bc0} 'newArray' '(J)[B' in 'java/lang/StringConcatHelper')}
  0x00000186446a78c8: 83f9 0049 | b830 f40a | 9886 0100 | 0048 c7c2 | 2001 0000 | 0f8c 0700 | 0000 48c7 | c210 0100 
  0x00000186446a78e8: 0049 8b3c | 1048 8d7f | 0149 893c | 1048 8984 | 24d0 0000 | 000f 8c96 

  0x00000186446a7900: ;   {oop(a 'jdk/internal/misc/Unsafe'{0x00000000fff0c8f0})}
  0x00000186446a7900: 0300 0048 | baf0 c8f0 | ff00 0000 | 004c 8bc2 

  0x00000186446a7910: ;   {metadata(method data for {method} {0x0000018657405bc0} 'newArray' '(J)[B' in 'java/lang/StringConcatHelper')}
  0x00000186446a7910: 48bf 30f4 | 0a98 8601 | 0000 4883 | 8740 0100 

  0x00000186446a7920: ;   {oop(a 'java/lang/Class'{0x00000000fff003f8} = byte)}
  0x00000186446a7920: 0001 49b8 | f803 f0ff | 0000 0000 

  0x00000186446a792c: ;   {optimized virtual_call}
  0x00000186446a792c: 6666 90e8 

  0x00000186446a7930: ; ImmutableOopMap {[184]=Oop [208]=Oop }
                      ;*invokevirtual allocateUninitializedArray {reexecute=0 rethrow=0 return_oop=0}
                      ; - java.lang.StringConcatHelper::newArray@33 (line 497)
                      ; - java.lang.StringConcatHelper::simpleConcat@61 (line 421)
                      ; - java.lang.String::concat@11 (line 2774)
                      ; - java.net.URLClassLoader$1::run@13 (line 423)
  0x00000186446a7930: 6cb4 eeff | 4883 f800 

  0x00000186446a7938: ;   {metadata(method data for {method} {0x0000018657405bc0} 'newArray' '(J)[B' in 'java/lang/StringConcatHelper')}
  0x00000186446a7938: 7517 49b8 | 30f4 0a98 | 8601 0000 | 4180 8871 | 0100 0001 | e9d5 0000 

  0x00000186446a7950: ;   {metadata({type array byte})}
  0x00000186446a7950: 0049 b928 | 6700 5786 | 0100 0044 | 8b40 0849 | ba00 0000 | 5786 0100 | 004d 03c2 | 4d3b 4838 
  0x00000186446a7970: 0f85 9400 

  0x00000186446a7974: ;   {metadata(method data for {method} {0x0000018657405bc0} 'newArray' '(J)[B' in 'java/lang/StringConcatHelper')}
  0x00000186446a7974: 0000 49b8 | 30f4 0a98 | 8601 0000 | 448b 4808 | 49ba 0000 | 0057 8601 | 0000 4d03 | ca4d 3b88 
  0x00000186446a7994: 8801 0000 | 750d 4983 | 8090 0100 | 0001 e97f | 0000 004d | 3b88 9801 | 0000 750d | 4983 80a0 
  0x00000186446a79b4: 0100 0001 | e969 0000 | 0049 81b8 | 8801 0000 | 0000 0000 | 7517 4d89 | 8888 0100 | 0049 c780 
  0x00000186446a79d4: 9001 0000 | 0100 0000 | e945 0000 | 0049 81b8 | 9801 0000 | 0000 0000 | 7517 4d89 | 8898 0100 
  0x00000186446a79f4: 0049 c780 | a001 0000 | 0100 0000 | e921 0000 | 00e9 1c00 

  0x00000186446a7a08: ;   {metadata(method data for {method} {0x0000018657405bc0} 'newArray' '(J)[B' in 'java/lang/StringConcatHelper')}
  0x00000186446a7a08: 0000 49b8 | 30f4 0a98 | 8601 0000 | 4983 a878 | 0100 0001 | e917 0800 | 00e9 0000 | 0000 488b 
  0x00000186446a7a28: ;   {metadata(method data for {method} {0x0000018657405c70} 'simpleConcat' '(Ljava/lang/Object;Ljava/lang/Object;)Ljava/lang/String;' in 'java/lang/StringConcatHelper')}
  0x00000186446a7a28: f048 bac8 | 6a15 9886 | 0100 0048 | 8382 4002 

  0x00000186446a7a38: ;   {oop(".class"{0x00000000ffe1a2d0})}
  0x00000186446a7a38: 0000 0149 | b9d0 a2e1 | ff00 0000 | 0048 8b94 | 24c8 0000 | 004c 8bc6 | 4889 b424 | d800 0000 
  0x00000186446a7a58: 0f1f 8000 

  0x00000186446a7a5c: ;   {static_call}
  0x00000186446a7a5c: 0000 00e8 

  0x00000186446a7a60: ; ImmutableOopMap {[184]=Oop [208]=Oop [216]=Oop }
                      ;*invokestatic prepend {reexecute=0 rethrow=0 return_oop=0}
                      ; - java.lang.StringConcatHelper::simpleConcat@71 (line 424)
                      ; - java.lang.String::concat@11 (line 2774)
                      ; - java.net.URLClassLoader$1::run@13 (line 423)
  0x00000186446a7a60: 7c76 edff 

  0x00000186446a7a64: ;   {metadata(method data for {method} {0x0000018657405c70} 'simpleConcat' '(Ljava/lang/Object;Ljava/lang/Object;)Ljava/lang/String;' in 'java/lang/StringConcatHelper')}
  0x00000186446a7a64: 48ba c86a | 1598 8601 | 0000 4883 | 8250 0200 | 0001 488b | d04c 8b84 | 24d8 0000 | 004c 8b8c 
  0x00000186446a7a84: 24d0 0000 | 0066 0f1f 

  0x00000186446a7a8c: ;   {static_call}
  0x00000186446a7a8c: 4400 00e8 

  0x00000186446a7a90: ; ImmutableOopMap {[184]=Oop [216]=Oop }
                      ;*invokestatic prepend {reexecute=0 rethrow=0 return_oop=0}
                      ; - java.lang.StringConcatHelper::simpleConcat@81 (line 425)
                      ; - java.lang.String::concat@11 (line 2774)
                      ; - java.net.URLClassLoader$1::run@13 (line 423)
  0x00000186446a7a90: 4c76 edff 

  0x00000186446a7a94: ;   {metadata(method data for {method} {0x0000018657405c70} 'simpleConcat' '(Ljava/lang/Object;Ljava/lang/Object;)Ljava/lang/String;' in 'java/lang/StringConcatHelper')}
  0x00000186446a7a94: 48ba c86a | 1598 8601 | 0000 4883 | 8260 0200 | 0001 488b | 9424 d800 | 0000 4c8b | c066 0f1f 
  0x00000186446a7ab4: ;   {static_call}
  0x00000186446a7ab4: 4400 00e8 

  0x00000186446a7ab8: ; ImmutableOopMap {[184]=Oop }
                      ;*invokestatic newString {reexecute=0 rethrow=0 return_oop=0}
                      ; - java.lang.StringConcatHelper::simpleConcat@90 (line 426)
                      ; - java.lang.String::concat@11 (line 2774)
                      ; - java.net.URLClassLoader$1::run@13 (line 423)
  0x00000186446a7ab8: e462 faff | 488b 9424 | b800 0000 | 448b 4210 

  0x00000186446a7ac8: ; implicit exception: dispatches to 0x00000186446a8241
  0x00000186446a7ac8: 418b 7054 

  0x00000186446a7acc: ; implicit exception: dispatches to 0x00000186446a8246
  0x00000186446a7acc: 483b 064c 

  0x00000186446a7ad0: ;   {metadata(method data for {method} {0x00000186980fc818} 'run' '()Ljava/lang/Class;' in 'java/net/URLClassLoader$1')}
  0x00000186446a7ad0: 8bc6 49b9 | 08bd 1998 | 8601 0000 

  0x00000186446a7adc: ;   {metadata('jdk/internal/loader/URLClassPath')}
  0x00000186446a7adc: 49ba f041 | 1857 8601 | 0000 4d89 | 9190 0100 | 0049 8381 | 9801 0000 | 014c 8bc0 | 41b9 0000 
  0x00000186446a7afc: 0000 488b | d666 0f1f 

  0x00000186446a7b04: ;   {optimized virtual_call}
  0x00000186446a7b04: 4400 00e8 

  0x00000186446a7b08: ; ImmutableOopMap {[184]=Oop }
                      ;*invokevirtual getResource {reexecute=0 rethrow=0 return_oop=0}
                      ; - java.net.URLClassLoader$1::run@26 (line 424)
  0x00000186446a7b08: f406 ffff | 4883 f800 

  0x00000186446a7b10: ;   {metadata(method data for {method} {0x00000186980fc818} 'run' '()Ljava/lang/Class;' in 'java/net/URLClassLoader$1')}
  0x00000186446a7b10: 49b8 08bd | 1998 8601 | 0000 49c7 | c1b8 0100 | 000f 8407 | 0000 0049 | c7c1 c801 | 0000 4b8b 
  0x00000186446a7b30: 1408 488d | 5201 4b89 | 1408 0f84 | e900 0000 | 488b 9424 | b800 0000 | 8b72 1044 | 8b42 0c48 
  0x00000186446a7b50: 3b06 4c8b 

  0x00000186446a7b54: ;   {metadata(method data for {method} {0x00000186980fc818} 'run' '()Ljava/lang/Class;' in 'java/net/URLClassLoader$1')}
  0x00000186446a7b54: ce48 bf08 | bd19 9886 | 0100 0048 | 8387 d801 | 0000 014c | 8bc8 488b | d648 8984 | 24e0 0000 
  0x00000186446a7b74: ;   {optimized virtual_call}
  0x00000186446a7b74: 0066 90e8 

  0x00000186446a7b78: ; ImmutableOopMap {[184]=Oop [224]=Oop }
                      ;*invokevirtual defineClass {reexecute=0 rethrow=0 return_oop=0}
                      ; - java.net.URLClassLoader$1::run@43 (line 427)
  0x00000186446a7b78: 7908 0000 | 4881 c420 | 0100 005d 

  0x00000186446a7b84: ;   {poll_return}
  0x00000186446a7b84: 493b a748 | 0300 000f | 87bf 0600 | 00c3 498b | 87d8 0300 | 004d 33d2 | 4d89 97d8 | 0300 004d 
  0x00000186446a7ba4: 33d2 4d89 | 97e0 0300 | 0049 3b00 

  0x00000186446a7bb0: ;   {metadata(method data for {method} {0x00000186980fc818} 'run' '()Ljava/lang/Class;' in 'java/net/URLClassLoader$1')}
  0x00000186446a7bb0: 498b d048 | be08 bd19 | 9886 0100 

  0x00000186446a7bbc: ;   {metadata('jdk/internal/loader/URLClassPath$JarLoader$2')}
  0x00000186446a7bbc: 0049 ba60 | 5219 5786 | 0100 004c | 8996 3002 | 0000 4883 | 8638 0200 | 0001 418b | 5010 4883 
  0x00000186446a7bdc: ;   {metadata(method data for {method} {0x00000186980fc818} 'run' '()Ljava/lang/Class;' in 'java/net/URLClassLoader$1')}
  0x00000186446a7bdc: fa00 48be | 08bd 1998 | 8601 0000 | 48c7 c758 | 0200 000f | 8407 0000 | 0048 c7c7 | 6802 0000 
  0x00000186446a7bfc: 488b 1c3e | 488d 5b01 | 4889 1c3e | 0f84 8600 | 0000 e936 | 0000 0048 | 81c4 2001 

  0x00000186446a7c18: ;   {poll_return}
  0x00000186446a7c18: 0000 5d49 | 3ba7 4803 | 0000 0f87 | 4306 0000 

  0x00000186446a7c28: ;   {oop(NULL)}
  0x00000186446a7c28: c348 b800 | 0000 0000 | 0000 0048 | 81c4 2001 

  0x00000186446a7c38: ;   {poll_return}
  0x00000186446a7c38: 0000 5d49 | 3ba7 4803 | 0000 0f87 | 3906 0000 

  0x00000186446a7c48: ;   {metadata(method data for {method} {0x00000186980fc818} 'run' '()Ljava/lang/Class;' in 'java/net/URLClassLoader$1')}
  0x00000186446a7c48: c348 be08 | bd19 9886 

  0x00000186446a7c50: ;   {metadata('jdk/internal/loader/URLClassPath$JarLoader$2')}
  0x00000186446a7c50: 0100 0049 | ba60 5219 | 5786 0100 | 004c 8996 | 8802 0000 | 4883 8690 | 0200 0001 | 4c8b c248 
  0x00000186446a7c70: 8bd0 4889 | 8424 e800 | 0000 6666 | 9048 b8ff | ffff ffff 

  0x00000186446a7c84: ;   {virtual_call}
  0x00000186446a7c84: ffff ffe8 

  0x00000186446a7c88: ; ImmutableOopMap {[232]=Oop }
                      ;*invokevirtual addSuppressed {reexecute=0 rethrow=0 return_oop=0}
                      ; - java.net.URLClassLoader$1::run@74 (line 432)
  0x00000186446a7c88: f499 3407 | 488b 8424 | e800 0000 | e9ca 0600 | 000f 1f80 | 0000 0000 

  0x00000186446a7ca0: ;   {no_reloc}
  0x00000186446a7ca0: e901 0600 | 0000 0000 | 0000 498b | 8708 0100 | 0048 8d78 | 2849 3bbf | 1801 0000 | 0f87 ee05 
  0x00000186446a7cc0: 0000 4989 | bf08 0100 | 0048 c700 | 0100 0000 | 488b ca49 | ba00 0000 | 5786 0100 | 0049 2bca 
  0x00000186446a7ce0: 8948 0848 | 33c9 8948 | 0c48 33c9 | 4889 4810 | 4889 4818 | 4889 4820 

  0x00000186446a7cf8: ;   {metadata(method data for {method} {0x0000018657405bc0} 'newArray' '(J)[B' in 'java/lang/StringConcatHelper')}
  0x00000186446a7cf8: 4c8b c048 | ba30 f40a | 9886 0100 | 0048 8382 | 3001 0000 

  0x00000186446a7d0c: ;   {oop("Overflow: String length out of range"{0x00000000ffeeb888})}
  0x00000186446a7d0c: 0149 b888 | b8ee ff00 | 0000 0048 | 8bd0 4889 | 8424 f000 | 0000 0f1f 

  0x00000186446a7d24: ;   {optimized virtual_call}
  0x00000186446a7d24: 4400 00e8 

  0x00000186446a7d28: ; ImmutableOopMap {[208]=Oop [184]=Oop [240]=Oop }
                      ;*invokespecial <init> {reexecute=0 rethrow=0 return_oop=0}
                      ; - java.lang.StringConcatHelper::newArray@22 (line 495)
                      ; - java.lang.StringConcatHelper::simpleConcat@61 (line 421)
                      ; - java.lang.String::concat@11 (line 2774)
                      ; - java.net.URLClassLoader$1::run@13 (line 423)
  0x00000186446a7d28: 5496 3407 | 488b 8424 | f000 0000 | e92a 0600 | 0048 8984 | 24d0 0000 | 000f 1f80 | 0000 0000 
  0x00000186446a7d48: ;   {no_reloc}
  0x00000186446a7d48: e97f 0500 | 0000 0000 | 0000 498b | 8708 0100 | 0048 8d78 | 2849 3bbf | 1801 0000 | 0f87 6c05 
  0x00000186446a7d68: 0000 4989 | bf08 0100 | 0048 c700 | 0100 0000 | 488b ca49 | ba00 0000 | 5786 0100 | 0049 2bca 
  0x00000186446a7d88: 8948 0848 | 33c9 8948 | 0c48 33c9 | 4889 4810 | 4889 4818 | 4889 4820 

  0x00000186446a7da0: ;   {metadata(method data for {method} {0x0000018657405fe0} 'checkOverflow' '(J)J' in 'java/lang/StringConcatHelper')}
  0x00000186446a7da0: 4c8b c048 | baf8 bd04 | 9886 0100 | 0048 8382 | 3001 0000 

  0x00000186446a7db4: ;   {oop("Overflow: String length out of range"{0x00000000ffeeb888})}
  0x00000186446a7db4: 0149 b888 | b8ee ff00 | 0000 0048 | 8bd0 4889 | 8424 f800 | 0000 0f1f 

  0x00000186446a7dcc: ;   {optimized virtual_call}
  0x00000186446a7dcc: 4400 00e8 

  0x00000186446a7dd0: ; ImmutableOopMap {[184]=Oop [208]=Oop [248]=Oop }
                      ;*invokespecial <init> {reexecute=0 rethrow=0 return_oop=0}
                      ; - java.lang.StringConcatHelper::checkOverflow@13 (line 57)
                      ; - java.lang.StringConcatHelper::mix@23 (line 138)
                      ; - java.lang.StringConcatHelper::simpleConcat@54 (line 420)
                      ; - java.lang.String::concat@11 (line 2774)
                      ; - java.net.URLClassLoader$1::run@13 (line 423)
  0x00000186446a7dd0: ac95 3407 | 488b 8424 | f800 0000 | e982 0500 | 0048 8984 | 24d0 0000 | 000f 1f80 | 0000 0000 
  0x00000186446a7df0: ;   {no_reloc}
  0x00000186446a7df0: e9fd 0400 | 0000 0000 | 0000 498b | 8708 0100 | 0048 8d78 | 2849 3bbf | 1801 0000 | 0f87 ea04 
  0x00000186446a7e10: 0000 4989 | bf08 0100 | 0048 c700 | 0100 0000 | 488b ca49 | ba00 0000 | 5786 0100 | 0049 2bca 
  0x00000186446a7e30: 8948 0848 | 33c9 8948 | 0c48 33c9 | 4889 4810 | 4889 4818 | 4889 4820 

  0x00000186446a7e48: ;   {metadata(method data for {method} {0x0000018657405fe0} 'checkOverflow' '(J)J' in 'java/lang/StringConcatHelper')}
  0x00000186446a7e48: 4c8b c048 | baf8 bd04 | 9886 0100 | 0048 8382 | 3001 0000 

  0x00000186446a7e5c: ;   {oop("Overflow: String length out of range"{0x00000000ffeeb888})}
  0x00000186446a7e5c: 0149 b888 | b8ee ff00 | 0000 0048 | 8bd0 4889 | 8424 0001 | 0000 0f1f 

  0x00000186446a7e74: ;   {optimized virtual_call}
  0x00000186446a7e74: 4400 00e8 

  0x00000186446a7e78: ; ImmutableOopMap {[184]=Oop [256]=Oop [208]=Oop }
                      ;*invokespecial <init> {reexecute=0 rethrow=0 return_oop=0}
                      ; - java.lang.StringConcatHelper::checkOverflow@13 (line 57)
                      ; - java.lang.StringConcatHelper::mix@23 (line 138)
                      ; - java.lang.StringConcatHelper::simpleConcat@46 (line 419)
                      ; - java.lang.String::concat@11 (line 2774)
                      ; - java.net.URLClassLoader$1::run@13 (line 423)
  0x00000186446a7e78: 0495 3407 | 488b 8424 | 0001 0000 | e9da 0400 | 004c 8b84 | 24b8 0000 | 0049 8b87 | d803 0000 
  0x00000186446a7e98: 4d33 d24d | 8997 d803 | 0000 4d33 | d24d 8997 | e003 0000 | 4c8b c890 

  0x00000186446a7eb0: ;   {no_reloc}
  0x00000186446a7eb0: e963 0400 | 0000 0000 | 0000 498b | 8708 0100 | 0048 8d78 | 2849 3bbf | 1801 0000 | 0f87 5004 
  0x00000186446a7ed0: 0000 4989 | bf08 0100 | 0048 c700 | 0100 0000 | 488b ca49 | ba00 0000 | 5786 0100 | 0049 2bca 
  0x00000186446a7ef0: 8948 0848 | 33c9 8948 | 0c48 33c9 | 4889 4810 | 4889 4818 | 4889 4820 | 458b 400c 

  0x00000186446a7f0c: ;   {metadata(method data for {method} {0x00000186980fc818} 'run' '()Ljava/lang/Class;' in 'java/net/URLClassLoader$1')}
  0x00000186446a7f0c: 488b d048 | be08 bd19 | 9886 0100 | 0048 8386 | 1002 0000 | 0148 8bd0 | 4889 8424 | 0801 0000 
  0x00000186446a7f2c: ;   {optimized virtual_call}
  0x00000186446a7f2c: 6666 90e8 

  0x00000186446a7f30: ; ImmutableOopMap {[264]=Oop }
                      ;*invokespecial <init> {reexecute=0 rethrow=0 return_oop=0}
                      ; - java.net.URLClassLoader$1::run@57 (line 429)
  0x00000186446a7f30: 4c94 3407 | 488b 8424 | 0801 0000 | e922 0400 

  0x00000186446a7f40: ;   {metadata({method} {0x00000186980fc818} 'run' '()Ljava/lang/Class;' in 'java/net/URLClassLoader$1')}
  0x00000186446a7f40: 0049 ba10 | c80f 9886 | 0100 004c | 8954 2408 | 48c7 0424 | ffff ffff 

  0x00000186446a7f58: ;   {runtime_call counter_overflow Runtime1 stub}
  0x00000186446a7f58: e823 303f 

  0x00000186446a7f5c: ; ImmutableOopMap {rdx=Oop [184]=Oop }
                      ;*synchronization entry
                      ; - java.net.URLClassLoader$1::run@-1 (line 423)
  0x00000186446a7f5c: 07e9 42f0 

  0x00000186446a7f60: ;   {runtime_call throw_null_pointer_exception Runtime1 stub}
  0x00000186446a7f60: ffff e839 

  0x00000186446a7f64: ; ImmutableOopMap {rdx=Oop [184]=Oop rsi=Oop }
                      ;*invokevirtual replace {reexecute=0 rethrow=0 return_oop=0}
                      ; - java.net.URLClassLoader$1::run@8 (line 423)
                      ;   {runtime_call throw_null_pointer_exception Runtime1 stub}
  0x00000186446a7f64: d93e 07e8 

  0x00000186446a7f68: ; ImmutableOopMap {[184]=Oop rax=Oop }
                      ;*invokevirtual concat {reexecute=0 rethrow=0 return_oop=0}
                      ; - java.net.URLClassLoader$1::run@13 (line 423)
  0x00000186446a7f68: 34d9 3e07 

  0x00000186446a7f6c: ;   {metadata({method} {0x000001865742a2a0} 'concat' '(Ljava/lang/String;)Ljava/lang/String;' in 'java/lang/String')}
  0x00000186446a7f6c: 49ba 98a2 | 4257 8601 | 0000 4c89 | 5424 0848 | c704 24ff 

  0x00000186446a7f80: ;   {runtime_call counter_overflow Runtime1 stub}
  0x00000186446a7f80: ffff ffe8 

  0x00000186446a7f84: ; ImmutableOopMap {[184]=Oop rax=Oop }
                      ;*synchronization entry
                      ; - java.lang.String::concat@-1 (line 2771)
                      ; - java.net.URLClassLoader$1::run@13 (line 423)
  0x00000186446a7f84: f82f 3f07 | e987 f0ff 

  0x00000186446a7f8c: ;   {metadata({method} {0x0000018657427240} 'isEmpty' '()Z' in 'java/lang/String')}
  0x00000186446a7f8c: ff49 ba38 | 7242 5786 | 0100 004c | 8954 2408 | 48c7 0424 | ffff ffff 

  0x00000186446a7fa4: ;   {runtime_call counter_overflow Runtime1 stub}
  0x00000186446a7fa4: e8d7 2f3f 

  0x00000186446a7fa8: ; ImmutableOopMap {[184]=Oop rax=Oop }
                      ;*synchronization entry
                      ; - java.lang.String::isEmpty@-1 (line 1494)
                      ; - java.lang.String::concat@1 (line 2771)
                      ; - java.net.URLClassLoader$1::run@13 (line 423)
  0x00000186446a7fa8: 07e9 aaf0 

  0x00000186446a7fac: ;   {metadata({method} {0x0000018657405c70} 'simpleConcat' '(Ljava/lang/Object;Ljava/lang/Object;)Ljava/lang/String;' in 'java/lang/StringConcatHelper')}
  0x00000186446a7fac: ffff 49ba | 685c 4057 | 8601 0000 | 4c89 5424 | 0848 c704 | 24ff ffff 

  0x00000186446a7fc4: ;   {runtime_call counter_overflow Runtime1 stub}
  0x00000186446a7fc4: ffe8 b62f 

  0x00000186446a7fc8: ; ImmutableOopMap {[184]=Oop rax=Oop }
                      ;*synchronization entry
                      ; - java.lang.StringConcatHelper::simpleConcat@-1 (line 407)
                      ; - java.lang.String::concat@11 (line 2774)
                      ; - java.net.URLClassLoader$1::run@13 (line 423)
  0x00000186446a7fc8: 3f07 e9e3 

  0x00000186446a7fcc: ;   {metadata({method} {0x0000018657406458} 'stringOf' '(Ljava/lang/Object;)Ljava/lang/String;' in 'java/lang/StringConcatHelper')}
  0x00000186446a7fcc: f0ff ff49 | ba50 6440 | 5786 0100 | 004c 8954 | 2408 48c7 | 0424 ffff 

  0x00000186446a7fe4: ;   {runtime_call counter_overflow Runtime1 stub}
  0x00000186446a7fe4: ffff e895 

  0x00000186446a7fe8: ; ImmutableOopMap {[184]=Oop rax=Oop }
                      ;*synchronization entry
                      ; - java.lang.StringConcatHelper::stringOf@-1 (line 453)
                      ; - java.lang.StringConcatHelper::simpleConcat@1 (line 407)
                      ; - java.lang.String::concat@11 (line 2774)
                      ; - java.net.URLClassLoader$1::run@13 (line 423)
  0x00000186446a7fe8: 2f3f 07e9 | fcf0 ffff 

  0x00000186446a7ff0: ;   {metadata({method} {0x0000018657427b70} 'toString' '()Ljava/lang/String;' in 'java/lang/String')}
  0x00000186446a7ff0: 49ba 687b | 4257 8601 | 0000 4c89 | 5424 0848 | c704 24ff 

  0x00000186446a8004: ;   {runtime_call counter_overflow Runtime1 stub}
  0x00000186446a8004: ffff ffe8 

  0x00000186446a8008: ; ImmutableOopMap {[184]=Oop rax=Oop }
                      ;*synchronization entry
                      ; - java.lang.String::toString@-1 (line 4055)
                      ; - java.lang.StringConcatHelper::stringOf@5 (line 453)
                      ; - java.lang.StringConcatHelper::simpleConcat@1 (line 407)
                      ; - java.lang.String::concat@11 (line 2774)
                      ; - java.net.URLClassLoader$1::run@13 (line 423)
  0x00000186446a8008: 742f 3f07 | e94c f1ff 

  0x00000186446a8010: ;   {metadata({method} {0x0000018657406458} 'stringOf' '(Ljava/lang/Object;)Ljava/lang/String;' in 'java/lang/StringConcatHelper')}
  0x00000186446a8010: ff49 ba50 | 6440 5786 | 0100 004c | 8954 2408 | 48c7 0424 | ffff ffff 

  0x00000186446a8028: ;   {runtime_call counter_overflow Runtime1 stub}
  0x00000186446a8028: e853 2f3f 

  0x00000186446a802c: ; ImmutableOopMap {[184]=Oop rax=Oop }
                      ;*synchronization entry
                      ; - java.lang.StringConcatHelper::stringOf@-1 (line 453)
                      ; - java.lang.StringConcatHelper::simpleConcat@6 (line 408)
                      ; - java.lang.String::concat@11 (line 2774)
                      ; - java.net.URLClassLoader$1::run@13 (line 423)
  0x00000186446a802c: 07e9 b3f1 

  0x00000186446a8030: ;   {metadata({method} {0x0000018657427b70} 'toString' '()Ljava/lang/String;' in 'java/lang/String')}
  0x00000186446a8030: ffff 49ba | 687b 4257 | 8601 0000 | 4c89 5424 | 0848 c704 | 24ff ffff 

  0x00000186446a8048: ;   {runtime_call counter_overflow Runtime1 stub}
  0x00000186446a8048: ffe8 322f 

  0x00000186446a804c: ; ImmutableOopMap {[184]=Oop rax=Oop }
                      ;*synchronization entry
                      ; - java.lang.String::toString@-1 (line 4055)
                      ; - java.lang.StringConcatHelper::stringOf@5 (line 453)
                      ; - java.lang.StringConcatHelper::simpleConcat@6 (line 408)
                      ; - java.lang.String::concat@11 (line 2774)
                      ; - java.net.URLClassLoader$1::run@13 (line 423)
  0x00000186446a804c: 3f07 e9e6 

  0x00000186446a8050: ;   {runtime_call throw_null_pointer_exception Runtime1 stub}
  0x00000186446a8050: f1ff ffe8 

  0x00000186446a8054: ; ImmutableOopMap {[184]=Oop rax=Oop }
                      ;*invokevirtual isEmpty {reexecute=0 rethrow=0 return_oop=0}
                      ; - java.lang.StringConcatHelper::simpleConcat@11 (line 409)
                      ; - java.lang.String::concat@11 (line 2774)
                      ; - java.net.URLClassLoader$1::run@13 (line 423)
  0x00000186446a8054: 48d8 3e07 

  0x00000186446a8058: ;   {metadata({method} {0x0000018657427240} 'isEmpty' '()Z' in 'java/lang/String')}
  0x00000186446a8058: 49ba 3872 | 4257 8601 | 0000 4c89 | 5424 0848 | c704 24ff 

  0x00000186446a806c: ;   {runtime_call counter_overflow Runtime1 stub}
  0x00000186446a806c: ffff ffe8 

  0x00000186446a8070: ; ImmutableOopMap {[184]=Oop rax=Oop }
                      ;*synchronization entry
                      ; - java.lang.String::isEmpty@-1 (line 1494)
                      ; - java.lang.StringConcatHelper::simpleConcat@11 (line 409)
                      ; - java.lang.String::concat@11 (line 2774)
                      ; - java.net.URLClassLoader$1::run@13 (line 423)
  0x00000186446a8070: 0c2f 3f07 | e910 f2ff 

  0x00000186446a8078: ;   {runtime_call throw_null_pointer_exception Runtime1 stub}
  0x00000186446a8078: ffe8 22d8 

  0x00000186446a807c: ; ImmutableOopMap {[184]=Oop rax=Oop }
                      ;*arraylength {reexecute=0 rethrow=0 return_oop=0}
                      ; - java.lang.String::isEmpty@4 (line 1494)
                      ; - java.lang.StringConcatHelper::simpleConcat@11 (line 409)
                      ; - java.lang.String::concat@11 (line 2774)
                      ; - java.net.URLClassLoader$1::run@13 (line 423)
  0x00000186446a807c: 3e07 488b 

  0x00000186446a8080: ;   {runtime_call fast_new_instance Runtime1 stub}
  0x00000186446a8080: d2e8 fae0 

  0x00000186446a8084: ; ImmutableOopMap {[184]=Oop }
                      ;*new {reexecute=0 rethrow=0 return_oop=0}
                      ; - java.lang.StringConcatHelper::simpleConcat@17 (line 411)
                      ; - java.lang.String::concat@11 (line 2774)
                      ; - java.net.URLClassLoader$1::run@13 (line 423)
  0x00000186446a8084: 3e07 e9dc 

  0x00000186446a8088: ;   {metadata({method} {0x0000018657427240} 'isEmpty' '()Z' in 'java/lang/String')}
  0x00000186446a8088: f2ff ff49 | ba38 7242 | 5786 0100 | 004c 8954 | 2408 48c7 | 0424 ffff 

  0x00000186446a80a0: ;   {runtime_call counter_overflow Runtime1 stub}
  0x00000186446a80a0: ffff e8d9 

  0x00000186446a80a4: ; ImmutableOopMap {[184]=Oop rax=Oop }
                      ;*synchronization entry
                      ; - java.lang.String::isEmpty@-1 (line 1494)
                      ; - java.lang.StringConcatHelper::simpleConcat@27 (line 413)
                      ; - java.lang.String::concat@11 (line 2774)
                      ; - java.net.URLClassLoader$1::run@13 (line 423)
  0x00000186446a80a4: 2e3f 07e9 | 46f3 ffff 

  0x00000186446a80ac: ;   {metadata({method} {0x0000018657405d20} 'initialCoder' '()J' in 'java/lang/StringConcatHelper')}
  0x00000186446a80ac: 49ba 185d | 4057 8601 | 0000 4c89 | 5424 0848 | c704 24ff 

  0x00000186446a80c0: ;   {runtime_call counter_overflow Runtime1 stub}
  0x00000186446a80c0: ffff ffe8 

  0x00000186446a80c4: ; ImmutableOopMap {[184]=Oop rax=Oop }
                      ;*synchronization entry
                      ; - java.lang.StringConcatHelper::initialCoder@-1 (line 505)
                      ; - java.lang.StringConcatHelper::simpleConcat@42 (line 419)
                      ; - java.lang.String::concat@11 (line 2774)
                      ; - java.net.URLClassLoader$1::run@13 (line 423)
  0x00000186446a80c4: b82e 3f07 | e984 f3ff 

  0x00000186446a80cc: ;   {metadata({method} {0x0000018657405dd0} 'mix' '(JLjava/lang/String;)J' in 'java/lang/StringConcatHelper')}
  0x00000186446a80cc: ff49 bac8 | 5d40 5786 | 0100 004c | 8954 2408 | 48c7 0424 | ffff ffff 

  0x00000186446a80e4: ;   {runtime_call counter_overflow Runtime1 stub}
  0x00000186446a80e4: e897 2e3f 

  0x00000186446a80e8: ; ImmutableOopMap {[184]=Oop rax=Oop }
                      ;*synchronization entry
                      ; - java.lang.StringConcatHelper::mix@-1 (line 134)
                      ; - java.lang.StringConcatHelper::simpleConcat@46 (line 419)
                      ; - java.lang.String::concat@11 (line 2774)
                      ; - java.net.URLClassLoader$1::run@13 (line 423)
  0x00000186446a80e8: 07e9 c2f3 

  0x00000186446a80ec: ;   {metadata({method} {0x00000186574272f0} 'length' '()I' in 'java/lang/String')}
  0x00000186446a80ec: ffff 49ba | e872 4257 | 8601 0000 | 4c89 5424 | 0848 c704 | 24ff ffff 

  0x00000186446a8104: ;   {runtime_call counter_overflow Runtime1 stub}
  0x00000186446a8104: ffe8 762e 

  0x00000186446a8108: ; ImmutableOopMap {[184]=Oop rax=Oop }
                      ;*synchronization entry
                      ; - java.lang.String::length@-1 (line 1481)
                      ; - java.lang.StringConcatHelper::mix@2 (line 134)
                      ; - java.lang.StringConcatHelper::simpleConcat@46 (line 419)
                      ; - java.lang.String::concat@11 (line 2774)
                      ; - java.net.URLClassLoader$1::run@13 (line 423)
  0x00000186446a8108: 3f07 e9e3 

  0x00000186446a810c: ;   {metadata({method} {0x00000186574281f8} 'coder' '()B' in 'java/lang/String')}
  0x00000186446a810c: f3ff ff49 | baf0 8142 | 5786 0100 | 004c 8954 | 2408 48c7 | 0424 ffff 

  0x00000186446a8124: ;   {runtime_call counter_overflow Runtime1 stub}
  0x00000186446a8124: ffff e855 

  0x00000186446a8128: ; ImmutableOopMap {[184]=Oop rax=Oop }
                      ;*synchronization entry
                      ; - java.lang.String::coder@-1 (line 4545)
                      ; - java.lang.String::length@6 (line 1481)
                      ; - java.lang.StringConcatHelper::mix@2 (line 134)
                      ; - java.lang.StringConcatHelper::simpleConcat@46 (line 419)
                      ; - java.lang.String::concat@11 (line 2774)
                      ; - java.net.URLClassLoader$1::run@13 (line 423)
  0x00000186446a8128: 2e3f 07e9 | 04f4 ffff 

  0x00000186446a8130: ;   {metadata({method} {0x00000186574281f8} 'coder' '()B' in 'java/lang/String')}
  0x00000186446a8130: 49ba f081 | 4257 8601 | 0000 4c89 | 5424 0848 | c704 24ff 

  0x00000186446a8144: ;   {runtime_call counter_overflow Runtime1 stub}
  0x00000186446a8144: ffff ffe8 

  0x00000186446a8148: ; ImmutableOopMap {[184]=Oop rax=Oop }
                      ;*synchronization entry
                      ; - java.lang.String::coder@-1 (line 4545)
                      ; - java.lang.StringConcatHelper::mix@9 (line 135)
                      ; - java.lang.StringConcatHelper::simpleConcat@46 (line 419)
                      ; - java.lang.String::concat@11 (line 2774)
                      ; - java.net.URLClassLoader$1::run@13 (line 423)
  0x00000186446a8148: 342e 3f07 | e95c f4ff 

  0x00000186446a8150: ;   {metadata({method} {0x0000018657405fe0} 'checkOverflow' '(J)J' in 'java/lang/StringConcatHelper')}
  0x00000186446a8150: ff49 bad8 | 5f40 5786 | 0100 004c | 8954 2408 | 48c7 0424 | ffff ffff 

  0x00000186446a8168: ;   {runtime_call counter_overflow Runtime1 stub}
  0x00000186446a8168: e813 2e3f 

  0x00000186446a816c: ; ImmutableOopMap {[184]=Oop rax=Oop }
                      ;*synchronization entry
                      ; - java.lang.StringConcatHelper::checkOverflow@-1 (line 54)
                      ; - java.lang.StringConcatHelper::mix@23 (line 138)
                      ; - java.lang.StringConcatHelper::simpleConcat@46 (line 419)
                      ; - java.lang.String::concat@11 (line 2774)
                      ; - java.net.URLClassLoader$1::run@13 (line 423)
  0x00000186446a816c: 07e9 dbf4 

  0x00000186446a8170: ;   {metadata({method} {0x0000018657405dd0} 'mix' '(JLjava/lang/String;)J' in 'java/lang/StringConcatHelper')}
  0x00000186446a8170: ffff 49ba | c85d 4057 | 8601 0000 | 4c89 5424 | 0848 c704 | 24ff ffff 

  0x00000186446a8188: ;   {runtime_call counter_overflow Runtime1 stub}
  0x00000186446a8188: ffe8 f22d 

  0x00000186446a818c: ; ImmutableOopMap {[184]=Oop rax=Oop }
                      ;*synchronization entry
                      ; - java.lang.StringConcatHelper::mix@-1 (line 134)
                      ; - java.lang.StringConcatHelper::simpleConcat@54 (line 420)
                      ; - java.lang.String::concat@11 (line 2774)
                      ; - java.net.URLClassLoader$1::run@13 (line 423)
  0x00000186446a818c: 3f07 e92e 

  0x00000186446a8190: ;   {metadata({method} {0x00000186574272f0} 'length' '()I' in 'java/lang/String')}
  0x00000186446a8190: f5ff ff49 | bae8 7242 | 5786 0100 | 004c 8954 | 2408 48c7 | 0424 ffff 

  0x00000186446a81a8: ;   {runtime_call counter_overflow Runtime1 stub}
  0x00000186446a81a8: ffff e8d1 

  0x00000186446a81ac: ; ImmutableOopMap {[184]=Oop rax=Oop rcx=Oop }
                      ;*synchronization entry
                      ; - java.lang.String::length@-1 (line 1481)
                      ; - java.lang.StringConcatHelper::mix@2 (line 134)
                      ; - java.lang.StringConcatHelper::simpleConcat@54 (line 420)
                      ; - java.lang.String::concat@11 (line 2774)
                      ; - java.net.URLClassLoader$1::run@13 (line 423)
  0x00000186446a81ac: 2d3f 07e9 | 59f5 ffff 

  0x00000186446a81b4: ;   {metadata({method} {0x00000186574281f8} 'coder' '()B' in 'java/lang/String')}
  0x00000186446a81b4: 49ba f081 | 4257 8601 | 0000 4c89 | 5424 0848 | c704 24ff 

  0x00000186446a81c8: ;   {runtime_call counter_overflow Runtime1 stub}
  0x00000186446a81c8: ffff ffe8 

  0x00000186446a81cc: ; ImmutableOopMap {[184]=Oop rax=Oop }
                      ;*synchronization entry
                      ; - java.lang.String::coder@-1 (line 4545)
                      ; - java.lang.String::length@6 (line 1481)
                      ; - java.lang.StringConcatHelper::mix@2 (line 134)
                      ; - java.lang.StringConcatHelper::simpleConcat@54 (line 420)
                      ; - java.lang.String::concat@11 (line 2774)
                      ; - java.net.URLClassLoader$1::run@13 (line 423)
  0x00000186446a81cc: b02d 3f07 | e977 f5ff 

  0x00000186446a81d4: ;   {metadata({method} {0x00000186574281f8} 'coder' '()B' in 'java/lang/String')}
  0x00000186446a81d4: ff49 baf0 | 8142 5786 | 0100 004c | 8954 2408 | 48c7 0424 | ffff ffff 

  0x00000186446a81ec: ;   {runtime_call counter_overflow Runtime1 stub}
  0x00000186446a81ec: e88f 2d3f 

  0x00000186446a81f0: ; ImmutableOopMap {[184]=Oop rax=Oop }
                      ;*synchronization entry
                      ; - java.lang.String::coder@-1 (line 4545)
                      ; - java.lang.StringConcatHelper::mix@9 (line 135)
                      ; - java.lang.StringConcatHelper::simpleConcat@54 (line 420)
                      ; - java.lang.String::concat@11 (line 2774)
                      ; - java.net.URLClassLoader$1::run@13 (line 423)
  0x00000186446a81f0: 07e9 d1f5 

  0x00000186446a81f4: ;   {metadata({method} {0x0000018657405fe0} 'checkOverflow' '(J)J' in 'java/lang/StringConcatHelper')}
  0x00000186446a81f4: ffff 49ba | d85f 4057 | 8601 0000 | 4c89 5424 | 0848 c704 | 24ff ffff 

  0x00000186446a820c: ;   {runtime_call counter_overflow Runtime1 stub}
  0x00000186446a820c: ffe8 6e2d 

  0x00000186446a8210: ; ImmutableOopMap {[184]=Oop rax=Oop }
                      ;*synchronization entry
                      ; - java.lang.StringConcatHelper::checkOverflow@-1 (line 54)
                      ; - java.lang.StringConcatHelper::mix@23 (line 138)
                      ; - java.lang.StringConcatHelper::simpleConcat@54 (line 420)
                      ; - java.lang.String::concat@11 (line 2774)
                      ; - java.net.URLClassLoader$1::run@13 (line 423)
  0x00000186446a8210: 3f07 e91f 

  0x00000186446a8214: ;   {metadata({method} {0x0000018657405bc0} 'newArray' '(J)[B' in 'java/lang/StringConcatHelper')}
  0x00000186446a8214: f6ff ff49 | bab8 5b40 | 5786 0100 | 004c 8954 | 2408 48c7 | 0424 ffff 

  0x00000186446a822c: ;   {runtime_call counter_overflow Runtime1 stub}
  0x00000186446a822c: ffff e84d 

  0x00000186446a8230: ; ImmutableOopMap {[184]=Oop rax=Oop }
                      ;*synchronization entry
                      ; - java.lang.StringConcatHelper::newArray@-1 (line 492)
                      ; - java.lang.StringConcatHelper::simpleConcat@61 (line 421)
                      ; - java.lang.String::concat@11 (line 2774)
                      ; - java.net.URLClassLoader$1::run@13 (line 423)
  0x00000186446a8230: 2d3f 07e9 | 74f6 ffff | 4889 0424 

  0x00000186446a823c: ;   {runtime_call throw_class_cast_exception Runtime1 stub}
  0x00000186446a823c: e85f fd3e 

  0x00000186446a8240: ; ImmutableOopMap {[184]=Oop [208]=Oop }
                      ;*checkcast {reexecute=0 rethrow=0 return_oop=0}
                      ; - java.lang.StringConcatHelper::newArray@36 (line 497)
                      ; - java.lang.StringConcatHelper::simpleConcat@61 (line 421)
                      ; - java.lang.String::concat@11 (line 2774)
                      ; - java.net.URLClassLoader$1::run@13 (line 423)
                      ;   {runtime_call throw_null_pointer_exception Runtime1 stub}
  0x00000186446a8240: 07e8 5ad6 

  0x00000186446a8244: ; ImmutableOopMap {rax=Oop rdx=Oop [184]=Oop }
                      ;*getfield ucp {reexecute=1 rethrow=0 return_oop=0}
                      ; - (reexecute) java.net.URLClassLoader$1::run@21 (line 424)
                      ;   {runtime_call throw_null_pointer_exception Runtime1 stub}
  0x00000186446a8244: 3e07 e855 

  0x00000186446a8248: ; ImmutableOopMap {rax=Oop rdx=Oop [184]=Oop rsi=Oop }
                      ;*invokevirtual getResource {reexecute=0 rethrow=0 return_oop=0}
                      ; - java.net.URLClassLoader$1::run@26 (line 424)
                      ;   {runtime_call throw_null_pointer_exception Runtime1 stub}
  0x00000186446a8248: d63e 07e8 

  0x00000186446a824c: ; ImmutableOopMap {rax=Oop rdx=Oop [184]=Oop rsi=Oop r8=Oop }
                      ;*invokevirtual defineClass {reexecute=0 rethrow=0 return_oop=0}
                      ; - java.net.URLClassLoader$1::run@43 (line 427)
  0x00000186446a824c: 50d6 3e07 

  0x00000186446a8250: ;   {internal_word}
  0x00000186446a8250: 49ba 847b | 6a44 8601 | 0000 4d89 | 9760 0300 

  0x00000186446a8260: ;   {runtime_call SafepointBlob}
  0x00000186446a8260: 00e9 9af7 

  0x00000186446a8264: ;   {runtime_call throw_null_pointer_exception Runtime1 stub}
  0x00000186446a8264: 3407 e835 

  0x00000186446a8268: ; ImmutableOopMap {r8=Oop rax=Oop }
                      ;*invokevirtual getDataError {reexecute=0 rethrow=0 return_oop=0}
                      ; - java.net.URLClassLoader$1::run@63 (line 431)
                      ;   {internal_word}
  0x00000186446a8268: d63e 0749 | ba1b 7c6a | 4486 0100 | 004d 8997 | 6003 0000 

  0x00000186446a827c: ;   {runtime_call SafepointBlob}
  0x00000186446a827c: e97f f734 

  0x00000186446a8280: ;   {internal_word}
  0x00000186446a8280: 0749 ba3b | 7c6a 4486 | 0100 004d | 8997 6003 

  0x00000186446a8290: ;   {runtime_call SafepointBlob}
  0x00000186446a8290: 0000 e969 

  0x00000186446a8294: ;   {metadata(NULL)}
  0x00000186446a8294: f734 0748 | ba00 0000 | 0000 0000 | 00b8 000f 

  0x00000186446a82a4: ;   {runtime_call load_klass_patching Runtime1 stub}
  0x00000186446a82a4: 050a e855 

  0x00000186446a82a8: ; ImmutableOopMap {[208]=Oop [184]=Oop }
                      ;*new {reexecute=1 rethrow=0 return_oop=0}
                      ; - (reexecute) java.lang.StringConcatHelper::newArray@16 (line 495)
                      ; - java.lang.StringConcatHelper::simpleConcat@61 (line 421)
                      ; - java.lang.String::concat@11 (line 2774)
                      ; - java.net.URLClassLoader$1::run@13 (line 423)
  0x00000186446a82a8: 193f 07e9 | f0f9 ffff 

  0x00000186446a82b0: ;   {runtime_call fast_new_instance Runtime1 stub}
  0x00000186446a82b0: 488b d2e8 

  0x00000186446a82b4: ; ImmutableOopMap {[208]=Oop [184]=Oop }
                      ;*new {reexecute=0 rethrow=0 return_oop=0}
                      ; - java.lang.StringConcatHelper::newArray@16 (line 495)
                      ; - java.lang.StringConcatHelper::simpleConcat@61 (line 421)
                      ; - java.lang.String::concat@11 (line 2774)
                      ; - java.net.URLClassLoader$1::run@13 (line 423)
  0x00000186446a82b4: c8de 3e07 | e93b faff 

  0x00000186446a82bc: ;   {metadata(NULL)}
  0x00000186446a82bc: ff48 ba00 | 0000 0000 | 0000 00b8 | 000f 050a 

  0x00000186446a82cc: ;   {runtime_call load_klass_patching Runtime1 stub}
  0x00000186446a82cc: e82f 193f 

  0x00000186446a82d0: ; ImmutableOopMap {[184]=Oop [208]=Oop }
                      ;*new {reexecute=1 rethrow=0 return_oop=0}
                      ; - (reexecute) java.lang.StringConcatHelper::checkOverflow@7 (line 57)
                      ; - java.lang.StringConcatHelper::mix@23 (line 138)
                      ; - java.lang.StringConcatHelper::simpleConcat@54 (line 420)
                      ; - java.lang.String::concat@11 (line 2774)
                      ; - java.net.URLClassLoader$1::run@13 (line 423)
  0x00000186446a82d0: 07e9 72fa | ffff 488b 

  0x00000186446a82d8: ;   {runtime_call fast_new_instance Runtime1 stub}
  0x00000186446a82d8: d2e8 a2de 

  0x00000186446a82dc: ; ImmutableOopMap {[184]=Oop [208]=Oop }
                      ;*new {reexecute=0 rethrow=0 return_oop=0}
                      ; - java.lang.StringConcatHelper::checkOverflow@7 (line 57)
                      ; - java.lang.StringConcatHelper::mix@23 (line 138)
                      ; - java.lang.StringConcatHelper::simpleConcat@54 (line 420)
                      ; - java.lang.String::concat@11 (line 2774)
                      ; - java.net.URLClassLoader$1::run@13 (line 423)
  0x00000186446a82dc: 3e07 e9bd 

  0x00000186446a82e0: ;   {metadata(NULL)}
  0x00000186446a82e0: faff ff48 | ba00 0000 | 0000 0000 | 00b8 000f 

  0x00000186446a82f0: ;   {runtime_call load_klass_patching Runtime1 stub}
  0x00000186446a82f0: 050a e809 

  0x00000186446a82f4: ; ImmutableOopMap {[208]=Oop [184]=Oop }
                      ;*new {reexecute=1 rethrow=0 return_oop=0}
                      ; - (reexecute) java.lang.StringConcatHelper::checkOverflow@7 (line 57)
                      ; - java.lang.StringConcatHelper::mix@23 (line 138)
                      ; - java.lang.StringConcatHelper::simpleConcat@46 (line 419)
                      ; - java.lang.String::concat@11 (line 2774)
                      ; - java.net.URLClassLoader$1::run@13 (line 423)
  0x00000186446a82f4: 193f 07e9 | f4fa ffff 

  0x00000186446a82fc: ;   {runtime_call fast_new_instance Runtime1 stub}
  0x00000186446a82fc: 488b d2e8 

  0x00000186446a8300: ; ImmutableOopMap {[184]=Oop [208]=Oop }
                      ;*new {reexecute=0 rethrow=0 return_oop=0}
                      ; - java.lang.StringConcatHelper::checkOverflow@7 (line 57)
                      ; - java.lang.StringConcatHelper::mix@23 (line 138)
                      ; - java.lang.StringConcatHelper::simpleConcat@46 (line 419)
                      ; - java.lang.String::concat@11 (line 2774)
                      ; - java.net.URLClassLoader$1::run@13 (line 423)
  0x00000186446a8300: 7cde 3e07 | e93f fbff 

  0x00000186446a8308: ;   {metadata(NULL)}
  0x00000186446a8308: ff48 ba00 | 0000 0000 | 0000 00b8 | 000f 050a 

  0x00000186446a8318: ;   {runtime_call load_klass_patching Runtime1 stub}
  0x00000186446a8318: e8e3 183f 

  0x00000186446a831c: ; ImmutableOopMap {r8=Oop [184]=Oop r9=Oop }
                      ;*new {reexecute=1 rethrow=0 return_oop=0}
                      ; - (reexecute) java.net.URLClassLoader$1::run@48 (line 429)
  0x00000186446a831c: 07e9 8efb | ffff 488b 

  0x00000186446a8324: ;   {runtime_call fast_new_instance Runtime1 stub}
  0x00000186446a8324: d2e8 56de 

  0x00000186446a8328: ; ImmutableOopMap {r8=Oop [184]=Oop r9=Oop }
                      ;*new {reexecute=0 rethrow=0 return_oop=0}
                      ; - java.net.URLClassLoader$1::run@48 (line 429)
  0x00000186446a8328: 3e07 e9d9 | fbff ff4c | 8b84 24e0 | 0000 00e9 | 56f8 ffff | 4c8b c0e9 | 4ef8 ffff | 9090 498b 
  0x00000186446a8348: 87d8 0300 | 0049 c787 | d803 0000 | 0000 0000 | 49c7 87e0 | 0300 0000 | 0000 0048 | 81c4 2001 
  0x00000186446a8368: ;   {runtime_call unwind_exception Runtime1 stub}
  0x00000186446a8368: 0000 5de9 | 10e6 3507 | f4f4 f4f4 | f4f4 f4f4 | f4f4 f4f4 | f4f4 f4f4 
[Stub Code]
  0x00000186446a8380: ;   {no_reloc}
  0x00000186446a8380: 0f1f 4400 

  0x00000186446a8384: ;   {static_stub}
  0x00000186446a8384: 0048 bb00 | 0000 0000 

  0x00000186446a838c: ;   {runtime_call}
  0x00000186446a838c: 0000 00e9 | fbff ffff 

  0x00000186446a8394: ;   {static_stub}
  0x00000186446a8394: 9048 bb00 | 0000 0000 

  0x00000186446a839c: ;   {runtime_call}
  0x00000186446a839c: 0000 00e9 | fbff ffff 

  0x00000186446a83a4: ;   {static_stub}
  0x00000186446a83a4: 9048 bb00 | 0000 0000 

  0x00000186446a83ac: ;   {runtime_call}
  0x00000186446a83ac: 0000 00e9 | fbff ffff 

  0x00000186446a83b4: ;   {static_stub}
  0x00000186446a83b4: 9048 bb00 | 0000 0000 

  0x00000186446a83bc: ;   {runtime_call}
  0x00000186446a83bc: 0000 00e9 | fbff ffff 

  0x00000186446a83c4: ;   {static_stub}
  0x00000186446a83c4: 9048 bb00 | 0000 0000 

  0x00000186446a83cc: ;   {runtime_call}
  0x00000186446a83cc: 0000 00e9 | fbff ffff 

  0x00000186446a83d4: ;   {static_stub}
  0x00000186446a83d4: 9048 bb00 | 0000 0000 

  0x00000186446a83dc: ;   {runtime_call}
  0x00000186446a83dc: 0000 00e9 | fbff ffff 

  0x00000186446a83e4: ;   {static_stub}
  0x00000186446a83e4: 9048 bb00 | 0000 0000 

  0x00000186446a83ec: ;   {runtime_call}
  0x00000186446a83ec: 0000 00e9 | fbff ffff 

  0x00000186446a83f4: ;   {static_stub}
  0x00000186446a83f4: 9048 bb30 | fc04 9886 

  0x00000186446a83fc: ;   {runtime_call I2C/C2I adapters}
  0x00000186446a83fc: 0100 00e9 | dd55 3407 

  0x00000186446a8404: ;   {static_stub}
  0x00000186446a8404: 9048 bb00 | 0000 0000 

  0x00000186446a840c: ;   {runtime_call}
  0x00000186446a840c: 0000 00e9 | fbff ffff 

  0x00000186446a8414: ;   {static_stub}
  0x00000186446a8414: 9048 bb00 | 0000 0000 

  0x00000186446a841c: ;   {runtime_call}
  0x00000186446a841c: 0000 00e9 | fbff ffff 

  0x00000186446a8424: ;   {static_stub}
  0x00000186446a8424: 9048 bb00 | 0000 0000 

  0x00000186446a842c: ;   {runtime_call}
  0x00000186446a842c: 0000 00e9 | fbff ffff 

  0x00000186446a8434: ;   {static_stub}
  0x00000186446a8434: 9048 bb00 | 0000 0000 

  0x00000186446a843c: ;   {runtime_call}
  0x00000186446a843c: 0000 00e9 | fbff ffff 

  0x00000186446a8444: ;   {static_stub}
  0x00000186446a8444: 9048 bb00 | 0000 0000 

  0x00000186446a844c: ;   {runtime_call}
  0x00000186446a844c: 0000 00e9 | fbff ffff 
[Exception Handler]
  0x00000186446a8454: ;   {runtime_call handle_exception_from_callee Runtime1 stub}
  0x00000186446a8454: e827 f23e 

  0x00000186446a8458: ;   {external_word}
  0x00000186446a8458: 0748 b900 | faf2 d2fc | 7f00 0048 

  0x00000186446a8464: ;   {runtime_call}
  0x00000186446a8464: 83e4 f049 | baf0 97bb | d2fc 7f00 | 0041 ffd2 

  0x00000186446a8474: ;   {section_word}
  0x00000186446a8474: f449 ba75 | 846a 4486 | 0100 0041 

  0x00000186446a8480: ;   {runtime_call DeoptimizationBlob}
  0x00000186446a8480: 52e9 1ae8 | 3407 f4f4 
[/MachCode]


Compiled method (c1) 1273  760       3       java.net.URLClassLoader$1::run (5 bytes)
 total in heap  [0x00000186446a5910,0x00000186446a5c78] = 872
 relocation     [0x00000186446a5a70,0x00000186446a5ab0] = 64
 main code      [0x00000186446a5ac0,0x00000186446a5bc0] = 256
 stub code      [0x00000186446a5bc0,0x00000186446a5c08] = 72
 metadata       [0x00000186446a5c08,0x00000186446a5c18] = 16
 scopes data    [0x00000186446a5c18,0x00000186446a5c30] = 24
 scopes pcs     [0x00000186446a5c30,0x00000186446a5c70] = 64
 dependencies   [0x00000186446a5c70,0x00000186446a5c78] = 8

[Constant Pool (empty)]

[MachCode]
[Entry Point]
  # {method} {0x00000186980fc8c0} 'run' '()Ljava/lang/Object;' in 'java/net/URLClassLoader$1'
  #           [sp+0x40]  (sp of caller)
  0x00000186446a5ac0: 448b 5208 | 49bb 0000 | 0057 8601 | 0000 4d03 | d34c 3bd0 

  0x00000186446a5ad4: ;   {runtime_call ic_miss_stub}
  0x00000186446a5ad4: 0f85 a6b5 | 3407 660f | 1f44 0000 
[Verified Entry Point]
  0x00000186446a5ae0: 8984 2400 | 90ff ff55 | 4883 ec30 

  0x00000186446a5aec: ;   {metadata(method data for {method} {0x00000186980fc8c0} 'run' '()Ljava/lang/Object;' in 'java/net/URLClassLoader$1')}
  0x00000186446a5aec: 48be 20ba | 1998 8601 | 0000 8bbe | cc00 0000 | 83c7 0289 | becc 0000 | 0081 e7fe | 0700 0083 
  0x00000186446a5b0c: ff00 0f84 | 4300 0000 

  0x00000186446a5b14: ;   {metadata(method data for {method} {0x00000186980fc8c0} 'run' '()Ljava/lang/Object;' in 'java/net/URLClassLoader$1')}
  0x00000186446a5b14: 488b f248 | bf20 ba19 | 9886 0100 

  0x00000186446a5b20: ;   {metadata('java/net/URLClassLoader$1')}
  0x00000186446a5b20: 0049 baa0 | 9105 5886 | 0100 004c | 8997 2001 | 0000 4883 | 8728 0100 | 0001 0f1f 

  0x00000186446a5b3c: ;   {optimized virtual_call}
  0x00000186446a5b3c: 4400 00e8 

  0x00000186446a5b40: ; ImmutableOopMap {}
                      ;*invokevirtual run {reexecute=0 rethrow=0 return_oop=0}
                      ; - java.net.URLClassLoader$1::run@1 (line 421)
  0x00000186446a5b40: 1c14 0000 | 4883 c430 

  0x00000186446a5b48: ;   {poll_return}
  0x00000186446a5b48: 5d49 3ba7 | 4803 0000 | 0f87 1f00 

  0x00000186446a5b54: ;   {metadata({method} {0x00000186980fc8c0} 'run' '()Ljava/lang/Object;' in 'java/net/URLClassLoader$1')}
  0x00000186446a5b54: 0000 c349 | bab8 c80f | 9886 0100 | 004c 8954 | 2408 48c7 | 0424 ffff 

  0x00000186446a5b6c: ;   {runtime_call counter_overflow Runtime1 stub}
  0x00000186446a5b6c: ffff e80d 

  0x00000186446a5b70: ; ImmutableOopMap {rdx=Oop }
                      ;*synchronization entry
                      ; - java.net.URLClassLoader$1::run@-1 (line 421)
  0x00000186446a5b70: 543f 07eb 

  0x00000186446a5b74: ;   {internal_word}
  0x00000186446a5b74: 9f49 ba49 | 5b6a 4486 | 0100 004d | 8997 6003 

  0x00000186446a5b84: ;   {runtime_call SafepointBlob}
  0x00000186446a5b84: 0000 e975 | 1e35 0790 | 9049 8b87 | d803 0000 | 49c7 87d8 | 0300 0000 | 0000 0049 | c787 e003 
  0x00000186446a5ba4: 0000 0000 | 0000 4883 

  0x00000186446a5bac: ;   {runtime_call unwind_exception Runtime1 stub}
  0x00000186446a5bac: c430 5de9 | cc0d 3607 | f4f4 f4f4 | f4f4 f4f4 | f4f4 f4f4 
[Stub Code]
  0x00000186446a5bc0: ;   {no_reloc}
  0x00000186446a5bc0: 0f1f 4400 

  0x00000186446a5bc4: ;   {static_stub}
  0x00000186446a5bc4: 0048 bb10 | c80f 9886 

  0x00000186446a5bcc: ;   {runtime_call I2C/C2I adapters}
  0x00000186446a5bcc: 0100 00e9 | 8501 3507 
[Exception Handler]
  0x00000186446a5bd4: ;   {runtime_call handle_exception_from_callee Runtime1 stub}
  0x00000186446a5bd4: e8a7 1a3f 

  0x00000186446a5bd8: ;   {external_word}
  0x00000186446a5bd8: 0748 b900 | faf2 d2fc | 7f00 0048 

  0x00000186446a5be4: ;   {runtime_call}
  0x00000186446a5be4: 83e4 f049 | baf0 97bb | d2fc 7f00 | 0041 ffd2 

  0x00000186446a5bf4: ;   {section_word}
  0x00000186446a5bf4: f449 baf5 | 5b6a 4486 | 0100 0041 

  0x00000186446a5c00: ;   {runtime_call DeoptimizationBlob}
  0x00000186446a5c00: 52e9 9a10 | 3507 f4f4 
[/MachCode]


---------------  P R O C E S S  ---------------

Threads class SMR info:
_java_thread_list=0x000001869c4eff60, length=17, elements={
0x000001863c9c9780, 0x0000018656f02300, 0x0000018656f04de0, 0x0000018656f207c0,
0x0000018656f21090, 0x0000018656f21960, 0x0000018656f24240, 0x0000018656f33370,
0x0000018656f450a0, 0x0000018656f4e180, 0x000001869c1d5ca0, 0x000001869c1da1d0,
0x000001869c1fd9a0, 0x000001869c200b00, 0x000001869c52b5b0, 0x000001869c684290,
0x000001869c6847e0
}

Java Threads: ( => current thread )
=>0x000001863c9c9780 JavaThread "main" [_thread_in_vm, id=45452, stack(0x00000066e1a00000,0x00000066e1b00000)]
  0x0000018656f02300 JavaThread "Reference Handler" daemon [_thread_blocked, id=2220, stack(0x00000066e2100000,0x00000066e2200000)]
  0x0000018656f04de0 JavaThread "Finalizer" daemon [_thread_blocked, id=25588, stack(0x00000066e2200000,0x00000066e2300000)]
  0x0000018656f207c0 JavaThread "Signal Dispatcher" daemon [_thread_blocked, id=45700, stack(0x00000066e2300000,0x00000066e2400000)]
  0x0000018656f21090 JavaThread "Attach Listener" daemon [_thread_blocked, id=44968, stack(0x00000066e2400000,0x00000066e2500000)]
  0x0000018656f21960 JavaThread "Service Thread" daemon [_thread_blocked, id=39140, stack(0x00000066e2500000,0x00000066e2600000)]
  0x0000018656f24240 JavaThread "Monitor Deflation Thread" daemon [_thread_blocked, id=45280, stack(0x00000066e2600000,0x00000066e2700000)]
  0x0000018656f33370 JavaThread "C2 CompilerThread0" daemon [_thread_blocked, id=45116, stack(0x00000066e2700000,0x00000066e2800000)]
  0x0000018656f450a0 JavaThread "C1 CompilerThread0" daemon [_thread_blocked, id=45964, stack(0x00000066e2800000,0x00000066e2900000)]
  0x0000018656f4e180 JavaThread "Sweeper thread" daemon [_thread_blocked, id=43048, stack(0x00000066e2900000,0x00000066e2a00000)]
  0x000001869c1d5ca0 JavaThread "C1 CompilerThread1" daemon [_thread_blocked, id=12180, stack(0x00000066e2a00000,0x00000066e2b00000)]
  0x000001869c1da1d0 JavaThread "C1 CompilerThread2" daemon [_thread_blocked, id=41136, stack(0x00000066e2b00000,0x00000066e2c00000)]
  0x000001869c1fd9a0 JavaThread "Notification Thread" daemon [_thread_blocked, id=45924, stack(0x00000066e2c00000,0x00000066e2d00000)]
  0x000001869c200b00 JavaThread "Common-Cleaner" daemon [_thread_blocked, id=28780, stack(0x00000066e2e00000,0x00000066e2f00000)]
  0x000001869c52b5b0 JavaThread "C2 CompilerThread1" daemon [_thread_blocked, id=45772, stack(0x00000066e2f00000,0x00000066e3000000)]
  0x000001869c684290 JavaThread "C2 CompilerThread2" daemon [_thread_blocked, id=44596, stack(0x00000066e3000000,0x00000066e3100000)]
  0x000001869c6847e0 JavaThread "C2 CompilerThread3" daemon [_thread_blocked, id=28812, stack(0x00000066e3100000,0x00000066e3200000)]

Other Threads:
  0x0000018656efea90 VMThread "VM Thread" [stack: 0x00000066e2000000,0x00000066e2100000] [id=44940] _threads_hazard_ptr=0x000001869c4eff60
  0x000001869c1fde80 WatcherThread [stack: 0x00000066e2d00000,0x00000066e2e00000] [id=45900]
  0x000001863c9ed9c0 GCTaskThread "GC Thread#0" [stack: 0x00000066e1b00000,0x00000066e1c00000] [id=30124]
  0x000001863c9ef110 ConcurrentGCThread "G1 Main Marker" [stack: 0x00000066e1c00000,0x00000066e1d00000] [id=31592]
  0x000001863c9f16b0 ConcurrentGCThread "G1 Conc#0" [stack: 0x00000066e1d00000,0x00000066e1e00000] [id=16608]
  0x000001863ca767e0 ConcurrentGCThread "G1 Refine#0" [stack: 0x00000066e1e00000,0x00000066e1f00000] [id=17968]
  0x000001863ca76fc0 ConcurrentGCThread "G1 Service" [stack: 0x00000066e1f00000,0x00000066e2000000] [id=15816]

Threads with active compile tasks:

VM state: synchronizing (normal execution)

VM Mutex/Monitor currently owned by a thread:  ([mutex/lock_event])
[0x000001863a648db0] Metaspace_lock - owner thread: 0x000001863c9c9780
[0x000001863a649bc0] Threads_lock - owner thread: 0x0000018656efea90

Heap address: 0x00000000fc000000, size: 64 MB, Compressed Oops mode: 32-bit

CDS archive(s) mapped at: [0x0000018657000000-0x0000018657bb0000-0x0000018657bb0000), size 12255232, SharedBaseAddress: 0x0000018657000000, ArchiveRelocationMode: 1.
Compressed class space mapped at: 0x0000018658000000-0x0000018698000000, reserved size: 1073741824
Narrow klass base: 0x0000018657000000, Narrow klass shift: 0, Narrow klass range: 0x100000000

GC Precious Log:
 CPUs: 16 total, 16 available
 Memory: 14181M
 Large Page Support: Disabled
 NUMA Support: Disabled
 Compressed Oops: Enabled (32-bit)
 Heap Region Size: 1M
 Heap Min Capacity: 64M
 Heap Initial Capacity: 64M
 Heap Max Capacity: 64M
 Pre-touch: Disabled
 Parallel Workers: 13
 Concurrent Workers: 3
 Concurrent Refinement Workers: 13
 Periodic GC: Disabled

Heap:
 garbage-first heap   total 65536K, used 22528K [0x00000000fc000000, 0x0000000100000000)
  region size 1024K, 19 young (19456K), 0 survivors (0K)
 Metaspace       used 2531K, committed 2624K, reserved 1114112K
  class space    used 259K, committed 320K, reserved 1048576K

Heap Regions: E=young(eden), S=young(survivor), O=old, HS=humongous(starts), HC=humongous(continues), CS=collection set, F=free, OA=open archive, CA=closed archive, TAMS=top-at-mark-start (previous, next)
|   0|0x00000000fc000000, 0x00000000fc100000, 0x00000000fc100000|100%|HS|  |TAMS 0x00000000fc000000, 0x00000000fc000000| Complete 
|   1|0x00000000fc100000, 0x00000000fc200000, 0x00000000fc200000|100%|HC|  |TAMS 0x00000000fc100000, 0x00000000fc100000| Complete 
|   2|0x00000000fc200000, 0x00000000fc300000, 0x00000000fc300000|100%|HC|  |TAMS 0x00000000fc200000, 0x00000000fc200000| Complete 
|   3|0x00000000fc300000, 0x00000000fc400000, 0x00000000fc400000|100%|HC|  |TAMS 0x00000000fc300000, 0x00000000fc300000| Complete 
|   4|0x00000000fc400000, 0x00000000fc400000, 0x00000000fc500000|  0%| F|  |TAMS 0x00000000fc400000, 0x00000000fc400000| Untracked 
|   5|0x00000000fc500000, 0x00000000fc500000, 0x00000000fc600000|  0%| F|  |TAMS 0x00000000fc500000, 0x00000000fc500000| Untracked 
|   6|0x00000000fc600000, 0x00000000fc600000, 0x00000000fc700000|  0%| F|  |TAMS 0x00000000fc600000, 0x00000000fc600000| Untracked 
|   7|0x00000000fc700000, 0x00000000fc700000, 0x00000000fc800000|  0%| F|  |TAMS 0x00000000fc700000, 0x00000000fc700000| Untracked 
|   8|0x00000000fc800000, 0x00000000fc800000, 0x00000000fc900000|  0%| F|  |TAMS 0x00000000fc800000, 0x00000000fc800000| Untracked 
|   9|0x00000000fc900000, 0x00000000fc900000, 0x00000000fca00000|  0%| F|  |TAMS 0x00000000fc900000, 0x00000000fc900000| Untracked 
|  10|0x00000000fca00000, 0x00000000fca00000, 0x00000000fcb00000|  0%| F|  |TAMS 0x00000000fca00000, 0x00000000fca00000| Untracked 
|  11|0x00000000fcb00000, 0x00000000fcb00000, 0x00000000fcc00000|  0%| F|  |TAMS 0x00000000fcb00000, 0x00000000fcb00000| Untracked 
|  12|0x00000000fcc00000, 0x00000000fcc00000, 0x00000000fcd00000|  0%| F|  |TAMS 0x00000000fcc00000, 0x00000000fcc00000| Untracked 
|  13|0x00000000fcd00000, 0x00000000fcd00000, 0x00000000fce00000|  0%| F|  |TAMS 0x00000000fcd00000, 0x00000000fcd00000| Untracked 
|  14|0x00000000fce00000, 0x00000000fce00000, 0x00000000fcf00000|  0%| F|  |TAMS 0x00000000fce00000, 0x00000000fce00000| Untracked 
|  15|0x00000000fcf00000, 0x00000000fcf00000, 0x00000000fd000000|  0%| F|  |TAMS 0x00000000fcf00000, 0x00000000fcf00000| Untracked 
|  16|0x00000000fd000000, 0x00000000fd000000, 0x00000000fd100000|  0%| F|  |TAMS 0x00000000fd000000, 0x00000000fd000000| Untracked 
|  17|0x00000000fd100000, 0x00000000fd100000, 0x00000000fd200000|  0%| F|  |TAMS 0x00000000fd100000, 0x00000000fd100000| Untracked 
|  18|0x00000000fd200000, 0x00000000fd200000, 0x00000000fd300000|  0%| F|  |TAMS 0x00000000fd200000, 0x00000000fd200000| Untracked 
|  19|0x00000000fd300000, 0x00000000fd300000, 0x00000000fd400000|  0%| F|  |TAMS 0x00000000fd300000, 0x00000000fd300000| Untracked 
|  20|0x00000000fd400000, 0x00000000fd400000, 0x00000000fd500000|  0%| F|  |TAMS 0x00000000fd400000, 0x00000000fd400000| Untracked 
|  21|0x00000000fd500000, 0x00000000fd500000, 0x00000000fd600000|  0%| F|  |TAMS 0x00000000fd500000, 0x00000000fd500000| Untracked 
|  22|0x00000000fd600000, 0x00000000fd600000, 0x00000000fd700000|  0%| F|  |TAMS 0x00000000fd600000, 0x00000000fd600000| Untracked 
|  23|0x00000000fd700000, 0x00000000fd700000, 0x00000000fd800000|  0%| F|  |TAMS 0x00000000fd700000, 0x00000000fd700000| Untracked 
|  24|0x00000000fd800000, 0x00000000fd800000, 0x00000000fd900000|  0%| F|  |TAMS 0x00000000fd800000, 0x00000000fd800000| Untracked 
|  25|0x00000000fd900000, 0x00000000fd900000, 0x00000000fda00000|  0%| F|  |TAMS 0x00000000fd900000, 0x00000000fd900000| Untracked 
|  26|0x00000000fda00000, 0x00000000fda00000, 0x00000000fdb00000|  0%| F|  |TAMS 0x00000000fda00000, 0x00000000fda00000| Untracked 
|  27|0x00000000fdb00000, 0x00000000fdb00000, 0x00000000fdc00000|  0%| F|  |TAMS 0x00000000fdb00000, 0x00000000fdb00000| Untracked 
|  28|0x00000000fdc00000, 0x00000000fdc00000, 0x00000000fdd00000|  0%| F|  |TAMS 0x00000000fdc00000, 0x00000000fdc00000| Untracked 
|  29|0x00000000fdd00000, 0x00000000fdd00000, 0x00000000fde00000|  0%| F|  |TAMS 0x00000000fdd00000, 0x00000000fdd00000| Untracked 
|  30|0x00000000fde00000, 0x00000000fde00000, 0x00000000fdf00000|  0%| F|  |TAMS 0x00000000fde00000, 0x00000000fde00000| Untracked 
|  31|0x00000000fdf00000, 0x00000000fdf00000, 0x00000000fe000000|  0%| F|  |TAMS 0x00000000fdf00000, 0x00000000fdf00000| Untracked 
|  32|0x00000000fe000000, 0x00000000fe000000, 0x00000000fe100000|  0%| F|  |TAMS 0x00000000fe000000, 0x00000000fe000000| Untracked 
|  33|0x00000000fe100000, 0x00000000fe100000, 0x00000000fe200000|  0%| F|  |TAMS 0x00000000fe100000, 0x00000000fe100000| Untracked 
|  34|0x00000000fe200000, 0x00000000fe200000, 0x00000000fe300000|  0%| F|  |TAMS 0x00000000fe200000, 0x00000000fe200000| Untracked 
|  35|0x00000000fe300000, 0x00000000fe300000, 0x00000000fe400000|  0%| F|  |TAMS 0x00000000fe300000, 0x00000000fe300000| Untracked 
|  36|0x00000000fe400000, 0x00000000fe400000, 0x00000000fe500000|  0%| F|  |TAMS 0x00000000fe400000, 0x00000000fe400000| Untracked 
|  37|0x00000000fe500000, 0x00000000fe500000, 0x00000000fe600000|  0%| F|  |TAMS 0x00000000fe500000, 0x00000000fe500000| Untracked 
|  38|0x00000000fe600000, 0x00000000fe600000, 0x00000000fe700000|  0%| F|  |TAMS 0x00000000fe600000, 0x00000000fe600000| Untracked 
|  39|0x00000000fe700000, 0x00000000fe700000, 0x00000000fe800000|  0%| F|  |TAMS 0x00000000fe700000, 0x00000000fe700000| Untracked 
|  40|0x00000000fe800000, 0x00000000fe800000, 0x00000000fe900000|  0%| F|  |TAMS 0x00000000fe800000, 0x00000000fe800000| Untracked 
|  41|0x00000000fe900000, 0x00000000fe900000, 0x00000000fea00000|  0%| F|  |TAMS 0x00000000fe900000, 0x00000000fe900000| Untracked 
|  42|0x00000000fea00000, 0x00000000fea00000, 0x00000000feb00000|  0%| F|  |TAMS 0x00000000fea00000, 0x00000000fea00000| Untracked 
|  43|0x00000000feb00000, 0x00000000feb00000, 0x00000000fec00000|  0%| F|  |TAMS 0x00000000feb00000, 0x00000000feb00000| Untracked 
|  44|0x00000000fec00000, 0x00000000fec00000, 0x00000000fed00000|  0%| F|  |TAMS 0x00000000fec00000, 0x00000000fec00000| Untracked 
|  45|0x00000000fed00000, 0x00000000fed76038, 0x00000000fee00000| 46%| E|  |TAMS 0x00000000fed00000, 0x00000000fed00000| Complete 
|  46|0x00000000fee00000, 0x00000000fef00000, 0x00000000fef00000|100%| E|CS|TAMS 0x00000000fee00000, 0x00000000fee00000| Complete 
|  47|0x00000000fef00000, 0x00000000ff000000, 0x00000000ff000000|100%| E|CS|TAMS 0x00000000fef00000, 0x00000000fef00000| Complete 
|  48|0x00000000ff000000, 0x00000000ff100000, 0x00000000ff100000|100%| E|CS|TAMS 0x00000000ff000000, 0x00000000ff000000| Complete 
|  49|0x00000000ff100000, 0x00000000ff200000, 0x00000000ff200000|100%| E|CS|TAMS 0x00000000ff100000, 0x00000000ff100000| Complete 
|  50|0x00000000ff200000, 0x00000000ff300000, 0x00000000ff300000|100%| E|CS|TAMS 0x00000000ff200000, 0x00000000ff200000| Complete 
|  51|0x00000000ff300000, 0x00000000ff400000, 0x00000000ff400000|100%| E|CS|TAMS 0x00000000ff300000, 0x00000000ff300000| Complete 
|  52|0x00000000ff400000, 0x00000000ff500000, 0x00000000ff500000|100%| E|CS|TAMS 0x00000000ff400000, 0x00000000ff400000| Complete 
|  53|0x00000000ff500000, 0x00000000ff600000, 0x00000000ff600000|100%| E|CS|TAMS 0x00000000ff500000, 0x00000000ff500000| Complete 
|  54|0x00000000ff600000, 0x00000000ff700000, 0x00000000ff700000|100%| E|CS|TAMS 0x00000000ff600000, 0x00000000ff600000| Complete 
|  55|0x00000000ff700000, 0x00000000ff800000, 0x00000000ff800000|100%| E|CS|TAMS 0x00000000ff700000, 0x00000000ff700000| Complete 
|  56|0x00000000ff800000, 0x00000000ff900000, 0x00000000ff900000|100%| E|CS|TAMS 0x00000000ff800000, 0x00000000ff800000| Complete 
|  57|0x00000000ff900000, 0x00000000ffa00000, 0x00000000ffa00000|100%| E|CS|TAMS 0x00000000ff900000, 0x00000000ff900000| Complete 
|  58|0x00000000ffa00000, 0x00000000ffb00000, 0x00000000ffb00000|100%| E|CS|TAMS 0x00000000ffa00000, 0x00000000ffa00000| Complete 
|  59|0x00000000ffb00000, 0x00000000ffc00000, 0x00000000ffc00000|100%| E|CS|TAMS 0x00000000ffb00000, 0x00000000ffb00000| Complete 
|  60|0x00000000ffc00000, 0x00000000ffd00000, 0x00000000ffd00000|100%| E|CS|TAMS 0x00000000ffc00000, 0x00000000ffc00000| Complete 
|  61|0x00000000ffd00000, 0x00000000ffe00000, 0x00000000ffe00000|100%| E|CS|TAMS 0x00000000ffd00000, 0x00000000ffd00000| Complete 
|  62|0x00000000ffe00000, 0x00000000fff00000, 0x00000000fff00000|100%| E|CS|TAMS 0x00000000ffe00000, 0x00000000ffe00000| Complete 
|  63|0x00000000fff00000, 0x0000000100000000, 0x0000000100000000|100%| E|CS|TAMS 0x00000000fff00000, 0x00000000fff00000| Complete 

Card table byte_map: [0x000001863a890000,0x000001863a8b0000] _byte_map_base: 0x000001863a0b0000

Marking Bits (Prev, Next): (CMBitMap*) 0x000001863c9edfe0, (CMBitMap*) 0x000001863c9ee020
 Prev Bits: [0x0000018653dd0000, 0x0000018653ed0000)
 Next Bits: [0x0000018653ed0000, 0x0000018653fd0000)

Polling page: 0x000001863a5f0000

Metaspace:

Usage:
  Non-class:      2.22 MB used.
      Class:    259.74 KB used.
       Both:      2.47 MB used.

Virtual space:
  Non-class space:       64.00 MB reserved,       2.25 MB (  4%) committed,  1 nodes.
      Class space:        1.00 GB reserved,     320.00 KB ( <1%) committed,  1 nodes.
             Both:        1.06 GB reserved,       2.56 MB ( <1%) committed. 

Chunk freelists:
   Non-Class:  11.38 MB
       Class:  15.61 MB
        Both:  26.98 MB

MaxMetaspaceSize: unlimited
CompressedClassSpaceSize: 1.00 GB
Initial GC threshold: 21.00 MB
Current GC threshold: 21.00 MB
CDS: on
MetaspaceReclaimPolicy: balanced
 - commit_granule_bytes: 65536.
 - commit_granule_words: 8192.
 - virtual_space_node_default_size: 8388608.
 - enlarge_chunks_in_place: 1.
 - new_chunks_are_fully_committed: 0.
 - uncommit_free_chunks: 1.
 - use_allocation_guard: 0.
 - handle_deallocations: 1.


Internal statistics:

num_allocs_failed_limit: 0.
num_arena_births: 14.
num_arena_deaths: 0.
num_vsnodes_births: 2.
num_vsnodes_deaths: 0.
num_space_committed: 41.
num_space_uncommitted: 0.
num_chunks_returned_to_freelist: 0.
num_chunks_taken_from_freelist: 60.
num_chunk_merges: 0.
num_chunk_splits: 37.
num_chunks_enlarged: 34.
num_inconsistent_stats: 0.

CodeHeap 'non-profiled nmethods': size=119168Kb used=273Kb max_used=273Kb free=118894Kb
 bounds [0x000001864c0f0000, 0x000001864c360000, 0x0000018653550000]
CodeHeap 'profiled nmethods': size=119104Kb used=1379Kb max_used=1379Kb free=117724Kb
 bounds [0x0000018644550000, 0x00000186447c0000, 0x000001864b9a0000]
CodeHeap 'non-nmethods': size=7488Kb used=2249Kb max_used=2280Kb free=5238Kb
 bounds [0x000001864b9a0000, 0x000001864bc10000, 0x000001864c0f0000]
 total_blobs=1167 nmethods=761 adapters=317
 compilation: enabled
              stopped_count=0, restarted_count=0
 full_count=0

Compilation events (20 events):
Event: 0.969 Thread 0x000001869c1da1d0  752       3       jdk.internal.org.objectweb.asm.ClassReader::readUnsignedShort (26 bytes)
Event: 0.969 Thread 0x000001869c1da1d0 nmethod 752 0x000001864469fd90 code [0x000001864469ff40, 0x00000186446a00b8]
Event: 0.971 Thread 0x000001869c1da1d0  753       3       java.lang.invoke.MethodType::equals (56 bytes)
Event: 0.972 Thread 0x000001869c1da1d0 nmethod 753 0x00000186446a0190 code [0x00000186446a03c0, 0x00000186446a0f38]
Event: 0.972 Thread 0x000001869c1d5ca0  754       3       jdk.internal.org.objectweb.asm.ByteVector::put12 (64 bytes)
Event: 0.973 Thread 0x000001869c1d5ca0 nmethod 754 0x00000186446a1110 code [0x00000186446a12c0, 0x00000186446a14e8]
Event: 0.975 Thread 0x0000018656f450a0  755       3       java.lang.ClassNotFoundException::<init> (7 bytes)
Event: 0.975 Thread 0x0000018656f450a0 nmethod 755 0x00000186446a1690 code [0x00000186446a1840, 0x00000186446a1a48]
Event: 0.978 Thread 0x000001869c1d5ca0  756   !   3       java.util.concurrent.ConcurrentHashMap::computeIfAbsent (576 bytes)
Event: 0.980 Thread 0x000001869c1da1d0  757  s    3       java.lang.Throwable::fillInStackTrace (29 bytes)
Event: 0.981 Thread 0x000001869c1da1d0 nmethod 757 0x00000186446a1b90 code [0x00000186446a1d40, 0x00000186446a2028]
Event: 0.981 Thread 0x000001869c1d5ca0 nmethod 756 0x00000186446a2110 code [0x00000186446a2540, 0x00000186446a4858]
Event: 0.982 Thread 0x0000018656f450a0  758   !   3       java.net.URLClassLoader::findClass (47 bytes)
Event: 0.982 Thread 0x000001869c1da1d0  759       3       java.net.URLClassLoader$1::<init> (15 bytes)
Event: 0.982 Thread 0x000001869c1d5ca0  760       3       java.net.URLClassLoader$1::run (5 bytes)
Event: 0.983 Thread 0x000001869c1d5ca0 nmethod 760 0x00000186446a5910 code [0x00000186446a5ac0, 0x00000186446a5c08]
Event: 0.983 Thread 0x000001869c1da1d0 nmethod 759 0x00000186446a5c90 code [0x00000186446a5e40, 0x00000186446a6058]
Event: 0.983 Thread 0x000001869c1da1d0  761   !   3       java.net.URLClassLoader$1::run (81 bytes)
Event: 0.983 Thread 0x0000018656f450a0 nmethod 758 0x00000186446a6110 code [0x00000186446a6300, 0x00000186446a6948]
Event: 0.985 Thread 0x000001869c1da1d0 nmethod 761 0x00000186446a6b90 code [0x00000186446a6f40, 0x00000186446a8488]

GC Heap History (0 events):
No events

Dll operation events (7 events):
Event: 0.015 Loaded shared library C:\Program Files\Eclipse Adoptium\jdk-17.0.19.10-hotspot\bin\java.dll
Event: 0.041 Loaded shared library C:\Program Files\Eclipse Adoptium\jdk-17.0.19.10-hotspot\bin\jsvml.dll
Event: 0.100 Loaded shared library C:\Program Files\Eclipse Adoptium\jdk-17.0.19.10-hotspot\bin\net.dll
Event: 0.104 Loaded shared library C:\Program Files\Eclipse Adoptium\jdk-17.0.19.10-hotspot\bin\nio.dll
Event: 0.110 Loaded shared library C:\Program Files\Eclipse Adoptium\jdk-17.0.19.10-hotspot\bin\zip.dll
Event: 0.607 Loaded shared library C:\Program Files\Eclipse Adoptium\jdk-17.0.19.10-hotspot\bin\jimage.dll
Event: 0.785 Loaded shared library C:\Program Files\Eclipse Adoptium\jdk-17.0.19.10-hotspot\bin\verify.dll

Deoptimization events (20 events):
Event: 0.718 Thread 0x000001863c9c9780 DEOPT PACKING pc=0x000001864c11da70 sp=0x00000066e1af96f0
Event: 0.718 Thread 0x000001863c9c9780 DEOPT UNPACKING pc=0x000001864b9f69a3 sp=0x00000066e1af9680 mode 2
Event: 0.721 Thread 0x000001863c9c9780 Uncommon trap: trap_request=0xffffffde fr.pc=0x000001864c11da70 relative=0x0000000000000ef0
Event: 0.721 Thread 0x000001863c9c9780 Uncommon trap: reason=class_check action=maybe_recompile pc=0x000001864c11da70 method=java.util.HashMap.putVal(ILjava/lang/Object;Ljava/lang/Object;ZZ)Ljava/lang/Object; @ 203 c2
Event: 0.721 Thread 0x000001863c9c9780 DEOPT PACKING pc=0x000001864c11da70 sp=0x00000066e1af96f0
Event: 0.721 Thread 0x000001863c9c9780 DEOPT UNPACKING pc=0x000001864b9f69a3 sp=0x00000066e1af9680 mode 2
Event: 0.753 Thread 0x000001863c9c9780 DEOPT PACKING pc=0x0000018644595498 sp=0x00000066e1af7230
Event: 0.753 Thread 0x000001863c9c9780 DEOPT UNPACKING pc=0x000001864b9f7143 sp=0x00000066e1af66f0 mode 0
Event: 0.887 Thread 0x000001863c9c9780 Uncommon trap: trap_request=0xffffff45 fr.pc=0x000001864c122e64 relative=0x0000000000000424
Event: 0.887 Thread 0x000001863c9c9780 Uncommon trap: reason=unstable_if action=reinterpret pc=0x000001864c122e64 method=java.util.zip.ZipCoder$UTF8ZipCoder.checkedHash([BII)I @ 27 c2
Event: 0.887 Thread 0x000001863c9c9780 DEOPT PACKING pc=0x000001864c122e64 sp=0x00000066e1afb3c0
Event: 0.887 Thread 0x000001863c9c9780 DEOPT UNPACKING pc=0x000001864b9f69a3 sp=0x00000066e1afb288 mode 2
Event: 0.888 Thread 0x000001863c9c9780 Uncommon trap: trap_request=0xffffff45 fr.pc=0x000001864c0fb854 relative=0x00000000000001b4
Event: 0.888 Thread 0x000001863c9c9780 Uncommon trap: reason=unstable_if action=reinterpret pc=0x000001864c0fb854 method=java.lang.String.hashCode()I @ 20 c2
Event: 0.888 Thread 0x000001863c9c9780 DEOPT PACKING pc=0x000001864c0fb854 sp=0x00000066e1afb1c0
Event: 0.888 Thread 0x000001863c9c9780 DEOPT UNPACKING pc=0x000001864b9f69a3 sp=0x00000066e1afb150 mode 2
Event: 0.888 Thread 0x000001863c9c9780 Uncommon trap: trap_request=0xffffff45 fr.pc=0x000001864c121f98 relative=0x0000000000000178
Event: 0.888 Thread 0x000001863c9c9780 Uncommon trap: reason=unstable_if action=reinterpret pc=0x000001864c121f98 method=java.util.zip.ZipFile$Source.isMetaName([BII)Z @ 57 c2
Event: 0.888 Thread 0x000001863c9c9780 DEOPT PACKING pc=0x000001864c121f98 sp=0x00000066e1afb3d0
Event: 0.888 Thread 0x000001863c9c9780 DEOPT UNPACKING pc=0x000001864b9f69a3 sp=0x00000066e1afb360 mode 2

Classes loaded (20 events):
Event: 0.961 Loading class java/lang/WeakPairMap$WeakRefPeer done
Event: 0.961 Loading class java/lang/WeakPairMap$Pair$Weak done
Event: 0.961 Loading class java/lang/WeakPairMap$Pair$Weak$1
Event: 0.961 Loading class java/lang/WeakPairMap$Pair$Weak$1 done
Event: 0.965 Loading class java/lang/reflect/ProxyGenerator
Event: 0.965 Loading class java/lang/reflect/ProxyGenerator done
Event: 0.966 Loading class java/lang/reflect/ProxyGenerator$ProxyMethod
Event: 0.966 Loading class java/lang/reflect/ProxyGenerator$ProxyMethod done
Event: 0.970 Loading class java/lang/reflect/ProxyGenerator$PrimitiveTypeInfo
Event: 0.970 Loading class java/lang/reflect/ProxyGenerator$PrimitiveTypeInfo done
Event: 0.970 Loading class jdk/internal/org/objectweb/asm/Edge
Event: 0.970 Loading class jdk/internal/org/objectweb/asm/Edge done
Event: 0.973 Loading class java/lang/IllegalAccessException
Event: 0.973 Loading class java/lang/IllegalAccessException done
Event: 0.973 Loading class java/lang/reflect/UndeclaredThrowableException
Event: 0.973 Loading class java/lang/reflect/UndeclaredThrowableException done
Event: 0.973 Loading class java/lang/reflect/Proxy$ProxyBuilder$1
Event: 0.973 Loading class java/lang/reflect/Proxy$ProxyBuilder$1 done
Event: 0.977 Loading class java/lang/reflect/InvocationTargetException
Event: 0.977 Loading class java/lang/reflect/InvocationTargetException done

Classes unloaded (0 events):
No events

Classes redefined (0 events):
No events

Internal exceptions (1 events):
Event: 0.280 Thread 0x000001863c9c9780 Exception <a 'java/lang/NoSuchMethodError'{0x00000000ffcf25c0}: 'int java.lang.invoke.DirectMethodHandle$Holder.invokeStaticInit(java.lang.Object, java.lang.Object)'> (0x00000000ffcf25c0) 
thrown [s\src\hotspot\share\interpreter\linkResolver.cpp, line 759]

VM Operations (2 events):
Event: 0.112 Executing VM operation: HandshakeAllThreads
Event: 0.112 Executing VM operation: HandshakeAllThreads done

Memory protections (0 events):
No events

Nmethod flushes (0 events):
No events

Events (17 events):
Event: 0.041 Thread 0x000001863c9c9780 Thread added: 0x000001863c9c9780
Event: 0.046 Thread 0x000001863c9c9780 Thread added: 0x0000018656f02300
Event: 0.046 Thread 0x000001863c9c9780 Thread added: 0x0000018656f04de0
Event: 0.062 Thread 0x000001863c9c9780 Thread added: 0x0000018656f207c0
Event: 0.062 Thread 0x000001863c9c9780 Thread added: 0x0000018656f21090
Event: 0.062 Thread 0x000001863c9c9780 Thread added: 0x0000018656f21960
Event: 0.062 Thread 0x000001863c9c9780 Thread added: 0x0000018656f24240
Event: 0.062 Thread 0x000001863c9c9780 Thread added: 0x0000018656f33370
Event: 0.063 Thread 0x000001863c9c9780 Thread added: 0x0000018656f450a0
Event: 0.063 Thread 0x000001863c9c9780 Thread added: 0x0000018656f4e180
Event: 0.085 Thread 0x0000018656f450a0 Thread added: 0x000001869c1d5ca0
Event: 0.085 Thread 0x0000018656f450a0 Thread added: 0x000001869c1da1d0
Event: 0.089 Thread 0x000001863c9c9780 Thread added: 0x000001869c1fd9a0
Event: 0.094 Thread 0x000001863c9c9780 Thread added: 0x000001869c200b00
Event: 0.527 Thread 0x0000018656f33370 Thread added: 0x000001869c52b5b0
Event: 0.641 Thread 0x0000018656f450a0 Thread added: 0x000001869c684290
Event: 0.641 Thread 0x0000018656f450a0 Thread added: 0x000001869c6847e0


Dynamic libraries:
0x00007ff72f8a0000 - 0x00007ff72f8ae000 	C:\Program Files\Eclipse Adoptium\jdk-17.0.19.10-hotspot\bin\java.exe
0x00007ffd713e0000 - 0x00007ffd71646000 	C:\WINDOWS\SYSTEM32\ntdll.dll
0x00007ffd70af0000 - 0x00007ffd70bb9000 	C:\WINDOWS\System32\KERNEL32.DLL
0x00007ffd6e940000 - 0x00007ffd6ed3a000 	C:\WINDOWS\System32\KERNELBASE.dll
0x00007ffd6e7f0000 - 0x00007ffd6e93c000 	C:\WINDOWS\System32\ucrtbase.dll
0x00007ffd5e410000 - 0x00007ffd5e42e000 	C:\Program Files\Eclipse Adoptium\jdk-17.0.19.10-hotspot\bin\VCRUNTIME140.dll
0x00007ffd61750000 - 0x00007ffd61768000 	C:\Program Files\Eclipse Adoptium\jdk-17.0.19.10-hotspot\bin\jli.dll
0x00007ffd6f1d0000 - 0x00007ffd6f397000 	C:\WINDOWS\System32\USER32.dll
0x00007ffd52c50000 - 0x00007ffd52ee2000 	C:\WINDOWS\WinSxS\amd64_microsoft.windows.common-controls_6595b64144ccf1df_6.0.26100.8521_none_3e08b75ce33403b3\COMCTL32.dll
0x00007ffd6eea0000 - 0x00007ffd6eec7000 	C:\WINDOWS\System32\win32u.dll
0x00007ffd6fcc0000 - 0x00007ffd6fd69000 	C:\WINDOWS\System32\msvcrt.dll
0x00007ffd6f3a0000 - 0x00007ffd6f3cb000 	C:\WINDOWS\System32\GDI32.dll
0x00007ffd6ef90000 - 0x00007ffd6f0bb000 	C:\WINDOWS\System32\gdi32full.dll
0x00007ffd6edf0000 - 0x00007ffd6ee93000 	C:\WINDOWS\System32\msvcp_win.dll
0x00007ffd703e0000 - 0x00007ffd70412000 	C:\WINDOWS\System32\IMM32.DLL
0x00007ffd40410000 - 0x00007ffd4041c000 	C:\Program Files\Eclipse Adoptium\jdk-17.0.19.10-hotspot\bin\vcruntime140_1.dll
0x00007ffd059e0000 - 0x00007ffd05a6d000 	C:\Program Files\Eclipse Adoptium\jdk-17.0.19.10-hotspot\bin\msvcp140.dll
0x00007ffcd2600000 - 0x00007ffcd326c000 	C:\Program Files\Eclipse Adoptium\jdk-17.0.19.10-hotspot\bin\server\jvm.dll
0x00007ffd70bd0000 - 0x00007ffd70c86000 	C:\WINDOWS\System32\ADVAPI32.dll
0x00007ffd71280000 - 0x00007ffd7132a000 	C:\WINDOWS\System32\sechost.dll
0x00007ffd71160000 - 0x00007ffd71278000 	C:\WINDOWS\System32\RPCRT4.dll
0x00007ffd70590000 - 0x00007ffd70610000 	C:\WINDOWS\System32\WS2_32.dll
0x00007ffd6e4d0000 - 0x00007ffd6e52e000 	C:\WINDOWS\SYSTEM32\POWRPROF.dll
0x00007ffd676e0000 - 0x00007ffd676eb000 	C:\WINDOWS\SYSTEM32\VERSION.dll
0x00007ffd65fd0000 - 0x00007ffd66006000 	C:\WINDOWS\SYSTEM32\WINMM.dll
0x00007ffd6e4b0000 - 0x00007ffd6e4c4000 	C:\WINDOWS\SYSTEM32\UMPDC.dll
0x00007ffd6d400000 - 0x00007ffd6d41b000 	C:\WINDOWS\SYSTEM32\kernel.appcore.dll
0x00007ffd401e0000 - 0x00007ffd401ea000 	C:\Program Files\Eclipse Adoptium\jdk-17.0.19.10-hotspot\bin\jimage.dll
0x00007ffd6ba30000 - 0x00007ffd6bc72000 	C:\WINDOWS\SYSTEM32\DBGHELP.DLL
0x00007ffd70620000 - 0x00007ffd709a3000 	C:\WINDOWS\System32\combase.dll
0x00007ffd70490000 - 0x00007ffd70569000 	C:\WINDOWS\System32\OLEAUT32.dll
0x00007ffd54200000 - 0x00007ffd5423b000 	C:\WINDOWS\SYSTEM32\dbgcore.DLL
0x00007ffd6ed40000 - 0x00007ffd6ede8000 	C:\WINDOWS\System32\bcryptPrimitives.dll
0x00007ffd38120000 - 0x00007ffd38145000 	C:\Program Files\Eclipse Adoptium\jdk-17.0.19.10-hotspot\bin\java.dll
0x00007ffd003d0000 - 0x00007ffd004a7000 	C:\Program Files\Eclipse Adoptium\jdk-17.0.19.10-hotspot\bin\jsvml.dll
0x00007ffd6f3d0000 - 0x00007ffd6fb54000 	C:\WINDOWS\System32\SHELL32.dll
0x00007ffd6c230000 - 0x00007ffd6cab0000 	C:\WINDOWS\SYSTEM32\windows.storage.dll
0x00007ffd702e0000 - 0x00007ffd703d6000 	C:\WINDOWS\System32\SHCORE.dll
0x00007ffd70420000 - 0x00007ffd70487000 	C:\WINDOWS\System32\shlwapi.dll
0x00007ffd6e590000 - 0x00007ffd6e5b9000 	C:\WINDOWS\SYSTEM32\profapi.dll
0x00007ffd373f0000 - 0x00007ffd3740a000 	C:\Program Files\Eclipse Adoptium\jdk-17.0.19.10-hotspot\bin\net.dll
0x00007ffd661d0000 - 0x00007ffd662f9000 	C:\WINDOWS\SYSTEM32\WINHTTP.dll
0x00007ffd6d970000 - 0x00007ffd6d9dc000 	C:\WINDOWS\system32\mswsock.dll
0x00007ffd36980000 - 0x00007ffd36996000 	C:\Program Files\Eclipse Adoptium\jdk-17.0.19.10-hotspot\bin\nio.dll
0x00007ffd36960000 - 0x00007ffd36978000 	C:\Program Files\Eclipse Adoptium\jdk-17.0.19.10-hotspot\bin\zip.dll
0x00007ffd3fcb0000 - 0x00007ffd3fcc0000 	C:\Program Files\Eclipse Adoptium\jdk-17.0.19.10-hotspot\bin\verify.dll

dbghelp: loaded successfully - version: 4.0.5 - missing functions: none
symbol engine: initialized successfully - sym options: 0x614 - pdb path: .;C:\Program Files\Eclipse Adoptium\jdk-17.0.19.10-hotspot\bin;C:\WINDOWS\SYSTEM32;C:\WINDOWS\WinSxS\amd64_microsoft.windows.common-controls_6595b64144ccf1df_6.0.26100.8521_none_3e08b75ce33403b3;C:\Program Files\Eclipse Adoptium\jdk-17.0.19.10-hotspot\bin\server

VM Arguments:
jvm_args: -Xmx64m -Xms64m -Dorg.gradle.appname=gradlew 
java_command: org.gradle.wrapper.GradleWrapperMain --stop
java_class_path (initial): C:\Users\Albin\Documents\EPSI\E5\inexia-connect\mobile\android\\gradle\wrapper\gradle-wrapper.jar
Launcher Type: SUN_STANDARD

[Global flags]
     intx CICompilerCount                          = 12                                        {product} {ergonomic}
     uint ConcGCThreads                            = 3                                         {product} {ergonomic}
     uint G1ConcRefinementThreads                  = 13                                        {product} {ergonomic}
   size_t G1HeapRegionSize                         = 1048576                                   {product} {ergonomic}
    uintx GCDrainStackTargetSize                   = 64                                        {product} {ergonomic}
   size_t InitialHeapSize                          = 67108864                                  {product} {command line}
   size_t MarkStackSize                            = 4194304                                   {product} {ergonomic}
   size_t MaxHeapSize                              = 67108864                                  {product} {command line}
   size_t MaxNewSize                               = 39845888                                  {product} {ergonomic}
   size_t MinHeapDeltaBytes                        = 1048576                                   {product} {ergonomic}
   size_t MinHeapSize                              = 67108864                                  {product} {command line}
    uintx NonNMethodCodeHeapSize                   = 7602480                                {pd product} {ergonomic}
    uintx NonProfiledCodeHeapSize                  = 122027880                              {pd product} {ergonomic}
    uintx ProfiledCodeHeapSize                     = 122027880                              {pd product} {ergonomic}
    uintx ReservedCodeCacheSize                    = 251658240                              {pd product} {ergonomic}
     bool SegmentedCodeCache                       = true                                      {product} {ergonomic}
   size_t SoftMaxHeapSize                          = 67108864                               {manageable} {ergonomic}
     bool UseCompressedClassPointers               = true                           {product lp64_product} {ergonomic}
     bool UseCompressedOops                        = true                           {product lp64_product} {ergonomic}
     bool UseG1GC                                  = true                                      {product} {ergonomic}
     bool UseLargePagesIndividualAllocation        = false                                  {pd product} {ergonomic}

Logging:
Log output configuration:
 #0: stdout all=warning uptime,level,tags
 #1: stderr all=off uptime,level,tags

Environment Variables:
JAVA_HOME=C:\Program Files\Eclipse Adoptium\jdk-17.0.19.10-hotspot
CLASSPATH=C:\Users\Albin\Documents\EPSI\E5\inexia-connect\mobile\android\\gradle\wrapper\gradle-wrapper.jar
PATH=C:\Program Files\Eclipse Adoptium\jdk-17.0.19.10-hotspot\bin;C:\Program Files\Eclipse Adoptium\jdk-17.0.19.10-hotspot\bin;C:\Users\Albin\AppData\Local\cloud-code\installer\google-cloud-sdk\bin;c:\Users\Albin\AppData\Roaming\Code\User\globalStorage\github.copilot-chat\debugCommand;c:\Users\Albin\AppData\Roaming\Code\User\globalStorage\github.copilot-chat\copilotCli;C:\Program Files (x86)\VMware\VMware Workstation\bin\;C:\Python313\Scripts\;C:\Python313\;c:\Users\Albin\AppData\Local\Programs\cursor\resources\app\bin;C:\Users\Albin\AppData\Local\Programs\Opera;C:\Program Files\Eclipse Adoptium\jdk-21.0.4.7-hotspot\bin;C:\Windows\system32;C:\Windows;C:\Windows\System32\Wbem;C:\Windows\System32\WindowsPowerShell\v1.0\;C:\Windows\System32\OpenSSH\;C:\Program Files\dotnet\;C:\Program Files\Git\cmd;C:\Program Files (x86)\dotnet\;C:\Users\Albin\AppData\Local\Microsoft\WindowsApps;C:\Users\Albin\.dotnet\tools;C:\Program Files\JetBrains\PhpStorm 2024.2.3\bin;C:\Users\Albin\AppData\Local\GitHubDesktop\bin;C:\Program Files\nodejs\;C:\ProgramData\chocolatey\bin;C:\WINDOWS\system32;C:\WINDOWS;C:\WINDOWS\System32\Wbem;C:\WINDOWS\System32\WindowsPowerShell\v1.0\;C:\WINDOWS\System32\OpenSSH\;C:\Users\Albin\.platformio\penv\Scripts;;C:\Program Files\Docker\Docker\resources\bin;C:\Program Files\OpenSSL-Win64\bin;C:\Users\Albin\AppData\Local\Microsoft\WindowsApps;C:\Users\Albin\AppData\Local\Programs\Microsoft VS Code\bin;C:\Users\Albin\.dotnet\tools;C:\Program Files\JetBrains\PhpStorm 2024.2.3\bin;C:\Users\Albin\AppData\Local\GitHubDesktop\bin;C:\Users\Albin\AppData\Local\Programs\cursor\resources\app\bin;C:\Users\Albin\AppData\Roaming\npm;C:\Users\Albin\AppData\Local\JetBrains\Toolbox\scripts;C:\Users\Albin\.dotnet\tools;C:\src\flutter\bin;;C:\Users\Albin\AppData\Local\Microsoft\WindowsApps
USERNAME=Albin
LANG=en_US.UTF-8
OS=Windows_NT
PROCESSOR_IDENTIFIER=AMD64 Family 23 Model 104 Stepping 1, AuthenticAMD
TMP=C:\Users\Albin\AppData\Local\Temp
TEMP=C:\Users\Albin\AppData\Local\Temp



Periodic native trim disabled


---------------  S Y S T E M  ---------------

OS:
 Windows 11 , 64 bit Build 26100 (10.0.26100.8521)
OS uptime: 5 days 7:37 hours
Hyper-V role detected

CPU: total 16 (initial active 16) (16 cores per cpu, 2 threads per core) family 23 model 104 stepping 1 microcode 0x8608103, cx8, cmov, fxsr, ht, mmx, 3dnowpref, sse, sse2, sse3, ssse3, sse4a, sse4.1, sse4.2, popcnt, lzcnt, tsc, tscinvbit, avx, avx2, aes, clmul, bmi1, bmi2, adx, sha, fma, vzeroupper, clflush, clflushopt, hv
Processor Information for all 16 processors :
  Max Mhz: 1801, Current Mhz: 1801, Mhz Limit: 1801

Memory: 4k page, system-wide physical 14181M (2302M free)
TotalPageFile size 41493M (AvailPageFile size 1085M)
current process WorkingSet (physical memory assigned to process): 71M, peak: 71M
current process commit charge ("private bytes"): 166M, peak: 166M

vm_info: OpenJDK 64-Bit Server VM (17.0.19+10) for windows-amd64 JRE (17.0.19+10), built on Apr 25 2026 08:04:44 by "admin" with MS VC++ 17.12 (VS2022)

END.
