#
# There is insufficient memory for the Java Runtime Environment to continue.
# Native memory allocation (mmap) failed to map 65536 bytes. Error detail: Failed to commit metaspace.
# Possible reasons:
#   The system is out of physical RAM or swap space
#   This process is running with CompressedOops enabled, and the Java Heap may be blocking the growth of the native heap
# Possible solutions:
#   Reduce memory load on the system
#   Increase physical memory or swap space
#   Check if swap backing store is full
#   Decrease Java heap size (-Xmx/-Xms)
#   Decrease number of Java threads
#   Decrease Java thread stack sizes (-Xss)
#   Set larger code cache with -XX:ReservedCodeCacheSize=
#   JVM is running with Unscaled Compressed Oops mode in which the Java heap is
#     placed in the first 4GB address space. The Java Heap base address is the
#     maximum limit for the native heap growth. Please use -XX:HeapBaseMinAddress
#     to set the Java Heap base and to place the Java Heap above 4GB virtual address.
# This output file may be truncated or incomplete.
#
#  Out of Memory Error (virtualSpaceNode.cpp:110), pid=32832, tid=17460
#
# JRE version: OpenJDK Runtime Environment Temurin-17.0.19+10 (17.0.19+10) (build 17.0.19+10)
# Java VM: OpenJDK 64-Bit Server VM Temurin-17.0.19+10 (17.0.19+10, mixed mode, sharing, tiered, compressed oops, compressed class ptrs, g1 gc, windows-amd64)
# No core dump will be written. Minidumps are not enabled by default on client versions of Windows
#

---------------  S U M M A R Y ------------

Command Line: -XX:MaxMetaspaceSize=512m --add-opens=java.base/java.util=ALL-UNNAMED --add-opens=java.base/java.lang=ALL-UNNAMED --add-opens=java.base/java.lang.invoke=ALL-UNNAMED --add-opens=java.prefs/java.util.prefs=ALL-UNNAMED --add-opens=java.base/java.nio.charset=ALL-UNNAMED --add-opens=java.base/java.net=ALL-UNNAMED --add-opens=java.base/java.util.concurrent.atomic=ALL-UNNAMED -Xmx2048m -Dfile.encoding=windows-1252 -Duser.country=FR -Duser.language=fr -Duser.variant org.gradle.launcher.daemon.bootstrap.GradleDaemon 8.0.1

Host: AMD Ryzen 7 5700U with Radeon Graphics         , 16 cores, 13G,  Windows 11 , 64 bit Build 26100 (10.0.26100.8521)
Time: Tue Jun  9 12:58:27 2026 Paris, Madrid (heure duild 26100 (10.0.26100.8521) elapsed time: 40.467268 seconds (0d 0h 0m 40s)

---------------  T H R E A D  ---------------

Current thread (0x0000024379691260):  JavaThread "WorkerExecutor Queue" [_thread_in_vm, id=17460, stack(0x000000a6c7400000,0x000000a6c7500000)]

Stack: [0x000000a6c7400000,0x000000a6c7500000]
Native frames: (J=compiled Java code, j=interpreted, Vv=VM code, C=native code)
V  [jvm.dll+0x684b29]
V  [jvm.dll+0x83a2d5]
V  [jvm.dll+0x83bd4e]
V  [jvm.dll+0x83c3d3]
V  [jvm.dll+0x24905f]
V  [jvm.dll+0x8360bd]
V  [jvm.dll+0x62941d]
V  [jvm.dll+0x1c07e0]
V  [jvm.dll+0x62bd92]
V  [jvm.dll+0x629dd6]
V  [jvm.dll+0x63af3d]
V  [jvm.dll+0x633f84]
V  [jvm.dll+0x385421]
C  0x000002435cbec7a7

The last pc belongs to method entry point (kind = zerolocals) (printed below).
Java frames: (J=compiled Java code, j=interpreted, Vv=VM code)
j  org.gradle.internal.logging.slf4j.DefaultContextAwareTaskLogger.lifecycle(Ljava/lang/String;)V+0
j  org.jetbrains.kotlin.gradle.logging.GradleKotlinLogger.lifecycle(Ljava/lang/String;)V+11
j  org.jetbrains.kotlin.compilerRunner.ReportUtilsKt$runToolInSeparateProcess$1.invoke(Ljava/lang/String;)V+14
j  org.jetbrains.kotlin.compilerRunner.ReportUtilsKt$runToolInSeparateProcess$1.invoke(Ljava/lang/Object;)Ljava/lang/Object;+5
j  kotlin.io.TextStreamsKt.forEachLine(Ljava/io/Reader;Lkotlin/jvm/functions/Function1;)V+118
j  org.jetbrains.kotlin.compilerRunner.ReportUtilsKt.runToolInSeparateProcess([Ljava/lang/String;Ljava/lang/String;Ljava/lang/Iterable;Lorg/jetbrains/kotlin/compilerRunner/KotlinLogger;Ljava/io/File;Ljava/util/List;)Lorg/jetbrains/kotlin/cli/common/ExitCode;+396
j  org.jetbrains.kotlin.compilerRunner.ReportUtilsKt.runToolInSeparateProcess$default([Ljava/lang/String;Ljava/lang/String;Ljava/lang/Iterable;Lorg/jetbrains/kotlin/compilerRunner/KotlinLogger;Ljava/io/File;Ljava/util/List;ILjava/lang/Object;)Lorg/jetbrains/kotlin/cli/common/ExitCode;+21
j  org.jetbrains.kotlin.compilerRunner.GradleKotlinCompilerWork.compileOutOfProcess()Lorg/jetbrains/kotlin/cli/common/ExitCode;+82
j  org.jetbrains.kotlin.compilerRunner.GradleKotlinCompilerWork.compileWithDaemonOrFallbackImpl(Lorg/jetbrains/kotlin/cli/common/messages/MessageCollector;)Lkotlin/Pair;+405
j  org.jetbrains.kotlin.compilerRunner.GradleKotlinCompilerWork.run()V+22
j  org.jetbrains.kotlin.compilerRunner.GradleCompilerRunnerWithWorkers$GradleKotlinCompilerWorkAction.execute()V+136
j  org.gradle.workers.internal.DefaultWorkerServer.execute(Lorg/gradle/workers/internal/SimpleActionExecutionSpec;)Lorg/gradle/workers/internal/DefaultWorkResult;+128
j  org.gradle.workers.internal.NoIsolationWorkerFactory$1$1.create()Lorg/gradle/workers/internal/DefaultWorkResult;+29
j  org.gradle.workers.internal.NoIsolationWorkerFactory$1$1.create()Ljava/lang/Object;+1
j  org.gradle.internal.classloader.ClassLoaderUtils.executeInClassloader(Ljava/lang/ClassLoader;Lorg/gradle/internal/Factory;)Ljava/lang/Object;+15
j  org.gradle.workers.internal.NoIsolationWorkerFactory$1.lambda$execute$0(Ljava/lang/ClassLoader;Lorg/gradle/workers/WorkerExecutor;Lorg/gradle/workers/internal/IsolatedParametersActionExecutionSpec;)Lorg/gradle/workers/internal/DefaultWorkResult;+10
j  org.gradle.workers.internal.NoIsolationWorkerFactory$1$$Lambda$1269+0x0000024301908000.execute(Lorg/gradle/workers/internal/IsolatedParametersActionExecutionSpec;)Lorg/gradle/workers/internal/DefaultWorkResult;+13
j  org.gradle.workers.internal.AbstractWorker$1.call(Lorg/gradle/internal/operations/BuildOperationContext;)Lorg/gradle/workers/internal/DefaultWorkResult;+8
j  org.gradle.workers.internal.AbstractWorker$1.call(Lorg/gradle/internal/operations/BuildOperationContext;)Ljava/lang/Object;+2
j  org.gradle.internal.operations.DefaultBuildOperationRunner$CallableBuildOperationWorker.execute(Lorg/gradle/internal/operations/CallableBuildOperation;Lorg/gradle/internal/operations/BuildOperationContext;)V+3
j  org.gradle.internal.operations.DefaultBuildOperationRunner$CallableBuildOperationWorker.execute(Lorg/gradle/internal/operations/BuildOperation;Lorg/gradle/internal/operations/BuildOperationContext;)V+6
J 8219 c1 org.gradle.internal.operations.DefaultBuildOperationRunner$2.execute(Lorg/gradle/internal/operations/BuildOperationDescriptor;Lorg/gradle/internal/operations/BuildOperationState;Lorg/gradle/internal/operations/BuildOperationState;Lorg/gradle/internal/operations/DefaultBuildOperationRunner$ReadableBuildOperationContext;Lorg/gradle/internal/operations/DefaultBuildOperationRunner$BuildOperationExecutionListener;)Lorg/gradle/internal/operations/BuildOperation; (110 bytes) @ 0x000002435660e1b4 [0x000002435660dfc0+0x00000000000001f4]
J 7047 c1 org.gradle.internal.operations.DefaultBuildOperationRunner$2.execute(Lorg/gradle/internal/operations/BuildOperationDescriptor;Lorg/gradle/internal/operations/BuildOperationState;Lorg/gradle/internal/operations/BuildOperationState;Lorg/gradle/internal/operations/DefaultBuildOperationRunner$ReadableBuildOperationContext;Lorg/gradle/internal/operations/DefaultBuildOperationRunner$BuildOperationExecutionListener;)Ljava/lang/Object; (12 bytes) @ 0x00000243563f8dc4 [0x00000243563f8d40+0x0000000000000084]
J 8216 c1 org.gradle.internal.operations.DefaultBuildOperationRunner.execute(Lorg/gradle/internal/operations/BuildOperationDescriptor$Builder;Lorg/gradle/internal/operations/BuildOperationState;Lorg/gradle/internal/operations/DefaultBuildOperationRunner$BuildOperationExecution;)Ljava/lang/Object; (147 bytes) @ 0x0000024356611aec [0x0000024356610f80+0x0000000000000b6c]
J 7041 c1 org.gradle.internal.operations.DefaultBuildOperationRunner.execute(Lorg/gradle/internal/operations/BuildOperation;Lorg/gradle/internal/operations/BuildOperationWorker;Lorg/gradle/internal/operations/BuildOperationState;)V (23 bytes) @ 0x00000243563f7804 [0x00000243563f7560+0x00000000000002a4]
j  org.gradle.internal.operations.DefaultBuildOperationRunner.call(Lorg/gradle/internal/operations/CallableBuildOperation;)Ljava/lang/Object;+16
j  org.gradle.internal.operations.DefaultBuildOperationExecutor.call(Lorg/gradle/internal/operations/CallableBuildOperation;)Ljava/lang/Object;+5
j  org.gradle.workers.internal.AbstractWorker.executeWrappedInBuildOperation(Lorg/gradle/workers/internal/IsolatedParametersActionExecutionSpec;Lorg/gradle/internal/operations/BuildOperationRef;Lorg/gradle/workers/internal/AbstractWorker$Work;)Lorg/gradle/workers/internal/DefaultWorkResult;+15
j  org.gradle.workers.internal.NoIsolationWorkerFactory$1.execute(Lorg/gradle/workers/internal/IsolatedParametersActionExecutionSpec;Lorg/gradle/internal/operations/BuildOperationRef;)Lorg/gradle/workers/internal/DefaultWorkResult;+17
j  org.gradle.workers.internal.DefaultWorkerExecutor.lambda$submitWork$0(Lorg/gradle/workers/internal/WorkerFactory;Lorg/gradle/workers/internal/WorkerRequirement;Lorg/gradle/workers/internal/IsolatedParametersActionExecutionSpec;Lorg/gradle/internal/operations/BuildOperationRef;)Lorg/gradle/workers/internal/DefaultWorkResult;+13
j  org.gradle.workers.internal.DefaultWorkerExecutor$$Lambda$1267+0x0000024301905298.call()Ljava/lang/Object;+16
J 6728 c1 java.util.concurrent.FutureTask.run()V java.base@17.0.19 (123 bytes) @ 0x000002435635acbc [0x000002435635a4c0+0x00000000000007fc]
j  org.gradle.internal.work.DefaultConditionalExecutionQueue$ExecutionRunner.runExecution(Lorg/gradle/internal/work/ConditionalExecution;)V+6
j  org.gradle.internal.work.DefaultConditionalExecutionQueue$ExecutionRunner.access$700(Lorg/gradle/internal/work/DefaultConditionalExecutionQueue$ExecutionRunner;Lorg/gradle/internal/work/ConditionalExecution;)V+2
j  org.gradle.internal.work.DefaultConditionalExecutionQueue$ExecutionRunner$1.run()V+14
j  org.gradle.internal.Factories$1.create()Ljava/lang/Object;+4
j  org.gradle.internal.work.DefaultWorkerLeaseService.withLocks(Ljava/util/Collection;Lorg/gradle/internal/Factory;)Ljava/lang/Object;+28
j  org.gradle.internal.work.DefaultWorkerLeaseService.runAsWorkerThread(Lorg/gradle/internal/Factory;)Ljava/lang/Object;+33
j  org.gradle.internal.work.DefaultWorkerLeaseService.runAsWorkerThread(Ljava/lang/Runnable;)V+5
j  org.gradle.internal.work.DefaultConditionalExecutionQueue$ExecutionRunner.runBatch(Lorg/gradle/internal/work/ConditionalExecution;)V+16
j  org.gradle.internal.work.DefaultConditionalExecutionQueue$ExecutionRunner.run()V+11
j  java.util.concurrent.Executors$RunnableAdapter.call()Ljava/lang/Object;+4 java.base@17.0.19
J 6728 c1 java.util.concurrent.FutureTask.run()V java.base@17.0.19 (123 bytes) @ 0x000002435635acbc [0x000002435635a4c0+0x00000000000007fc]
J 5657 c1 org.gradle.internal.concurrent.ExecutorPolicy$CatchAndRecordFailures.onExecute(Ljava/lang/Runnable;)V (29 bytes) @ 0x000002435579f0dc [0x000002435579efc0+0x000000000000011c]
j  org.gradle.internal.concurrent.ManagedExecutorImpl$1.run()V+25
j  java.util.concurrent.ThreadPoolExecutor.runWorker(Ljava/util/concurrent/ThreadPoolExecutor$Worker;)V+92 java.base@17.0.19
j  java.util.concurrent.ThreadPoolExecutor$Worker.run()V+5 java.base@17.0.19
j  java.lang.Thread.run()V+11 java.base@17.0.19
v  ~StubRoutines::call_stub
method entry point (kind = zerolocals)  [0x000002435cbec5c0, 0x000002435cbec980]  960 bytes
[MachCode]
  0x000002435cbec5c0: 488b 5308 | 0fb7 4a2c | 0fb7 522a | 2bd1 81fa | f501 0000 | 0f86 2500 | 0000 488b | c248 c1e0 
  0x000002435cbec5e0: 0348 83c0 | 5849 0387 | b803 0000 | 483b e00f | 870a 0000 | 0058 498b | e550 e981 | c2ff ff58 
  0x000002435cbec600: 4c8d 74cc | f885 d20f | 8e09 0000 | 0068 0000 | 0000 ffca | 7ff7 5055 | 488b ec41 | 5568 0000 
  0x000002435cbec620: 0000 4c8b | 6b08 4d8d | 6d30 5348 | 8b53 0848 | 8b52 0848 | 8b52 1848 | 8b52 7048 | 8b12 5248 
  0x000002435cbec640: 8b53 1048 | 85d2 0f84 | 0700 0000 | 4881 c208 | 0100 0052 | 488b 5308 | 488b 5208 | 488b 5210 
  0x000002435cbec660: 5241 5641 | 5568 0000 | 0000 4889 | 2424 41c6 | 8771 0300 | 0001 488b | 45d8 4885 | c00f 84a3 
  0x000002435cbec680: 0000 008b | 48fc 85c9 | 0f88 9800 | 0000 4803 | c148 8b48 | 0848 83e9 | 0248 8b54 | c810 48f7 
  0x000002435cbec6a0: da49 8b14 | d648 85d2 | 7514 48f7 | 44c8 1801 | 0000 0075 | 67f0 4883 | 4cc8 1801 | eb5e 8b52 
  0x000002435cbec6c0: 0849 ba00 | 0000 0043 | 0200 0049 | 03d2 4c8b | d248 3354 | c818 48f7 | c2fc ffff | ff74 3d48 
  0x000002435cbec6e0: f7c2 0200 | 0000 7534 | 4881 7cc8 | 1800 0000 | 0074 2448 | 817c c818 | 0100 0000 | 7419 498b 
  0x000002435cbec700: d248 3354 | c818 48f7 | c2fc ffff | ff74 0d48 | 834c c818 | 02eb 0548 | 8954 c818 | 4883 e902 
  0x000002435cbec720: 0f89 73ff | ffff 488b | 4310 4885 | c074 208b | 88cc 0000 | 0083 c102 | 8988 cc00 | 0000 2388 
  0x000002435cbec740: e000 0000 | 0f84 7801 | 0000 e9d1 | 0000 0048 | 8b43 1848 | 85c0 0f85 | b200 0000 | e805 0000 
  0x000002435cbec760: 00e9 9b00 | 0000 488b | d348 8d44 | 2408 4c89 | 6dc0 498b | cfc5 f877 | 4989 afa8 | 0200 0049 
  0x000002435cbec780: 8987 9802 | 0000 4883 | ec20 f7c4 | 0f00 0000 | 0f84 1a00 | 0000 4883 | ec08 49ba | 0054 98d2 
  0x000002435cbec7a0: fc7f 0000 | 41ff d248 | 83c4 08e9 | 0d00 0000 | 49ba 0054 | 98d2 fc7f | 0000 41ff | d248 83c4 
  0x000002435cbec7c0: 2049 c787 | 9802 0000 | 0000 0000 | 49c7 87a8 | 0200 0000 | 0000 0049 | c787 a002 | 0000 0000 
  0x000002435cbec7e0: 0000 c5f8 | 7749 817f | 0800 0000 | 000f 8405 | 0000 00e9 | 0847 ffff | 4c8b 6dc0 | 4c8b 75c8 
  0x000002435cbec800: c348 8b43 | 1848 85c0 | 0f84 1200 | 0000 8b48 | 0883 c102 | 8948 0823 | 4820 0f84 | a200 0000 
  0x000002435cbec820: 8984 2400 | f0ff ff89 | 8424 00e0 | ffff 8984 | 2400 d0ff | ff89 8424 | 00c0 ffff | 8984 2400 
  0x000002435cbec840: b0ff ff89 | 8424 00a0 | ffff 8984 | 2400 90ff | ff41 c687 | 7103 0000 | 0049 bad5 | d618 d3fc 
  0x000002435cbec860: 7f00 0041 | 803a 000f | 8442 0000 | 0048 8b55 | e849 8bcf | 4883 ec20 | f7c4 0f00 | 0000 0f84 
  0x000002435cbec880: 1a00 0000 | 4883 ec08 | 49ba 80a4 | ced2 fc7f | 0000 41ff | d248 83c4 | 08e9 0d00 | 0000 49ba 
  0x000002435cbec8a0: 80a4 ced2 | fc7f 0000 | 41ff d248 | 83c4 2041 | 0fb6 5d00 | 49ba 604f | 1bd3 fc7f | 0000 41ff 
  0x000002435cbec8c0: 24da ba00 | 0000 00e8 | 0500 0000 | e998 0000 | 0048 8d44 | 2408 4c89 | 6dc0 498b | cfc5 f877 
  0x000002435cbec8e0: 4989 afa8 | 0200 0049 | 8987 9802 | 0000 4883 | ec20 f7c4 | 0f00 0000 | 0f84 1a00 | 0000 4883 
  0x000002435cbec900: ec08 49ba | 205f 98d2 | fc7f 0000 | 41ff d248 | 83c4 08e9 | 0d00 0000 | 49ba 205f | 98d2 fc7f 
  0x000002435cbec920: 0000 41ff | d248 83c4 | 2049 c787 | 9802 0000 | 0000 0000 | 49c7 87a8 | 0200 0000 | 0000 0049 
  0x000002435cbec940: c787 a002 | 0000 0000 | 0000 c5f8 | 7749 817f | 0800 0000 | 000f 8405 | 0000 00e9 | a045 ffff 
  0x000002435cbec960: 4c8b 6dc0 | 4c8b 75c8 | c348 8b5d | e8e9 aefe | ffff 660f | 1f44 0000 | 0000 0000 | 0000 0000 
[/MachCode]

Compiled method (c1) 40509 8219   !   3       org.gradle.internal.operations.DefaultBuildOperationRunner$2::execute (110 bytes)
 total in heap  [0x000002435660dd90,0x000002435660ec30] = 3744
 relocation     [0x000002435660def0,0x000002435660dfb0] = 192
 main code      [0x000002435660dfc0,0x000002435660e780] = 1984
 stub code      [0x000002435660e780,0x000002435660e818] = 152
 oops           [0x000002435660e818,0x000002435660e820] = 8
 metadata       [0x000002435660e820,0x000002435660e860] = 64
 scopes data    [0x000002435660e860,0x000002435660e9b0] = 336
 scopes pcs     [0x000002435660e9b0,0x000002435660ead0] = 288
 dependencies   [0x000002435660ead0,0x000002435660eae0] = 16
 handler table  [0x000002435660eae0,0x000002435660ec00] = 288
 nul chk table  [0x000002435660ec00,0x000002435660ec30] = 48

[Constant Pool (empty)]

[MachCode]
[Entry Point]
  # {method} {0x000002436ebda460} 'execute' '(Lorg/gradle/internal/operations/BuildOperationDescriptor;Lorg/gradle/internal/operations/BuildOperationState;Lorg/gradle/internal/operations/BuildOperationState;Lorg/gradle/internal/operations/DefaultBuildOperationRunner$ReadableBuildOperationContext;Lorg/gradle/internal/operations/DefaultBuildOperationRunner$BuildOperationExecutionListener;)Lorg/gradle/internal/operations/BuildOperation;' in 'org/gradle/internal/operations/DefaultBuildOperationRunner$2'
  # this:     rdx:rdx   = 'org/gradle/internal/operations/DefaultBuildOperationRunner$2'
  # parm0:    r8:r8     = 'org/gradle/internal/operations/BuildOperationDescriptor'
  # parm1:    r9:r9     = 'org/gradle/internal/operations/BuildOperationState'
  # parm2:    rdi:rdi   = 'org/gradle/internal/operations/BuildOperationState'
  # parm3:    rsi:rsi   = 'org/gradle/internal/operations/DefaultBuildOperationRunner$ReadableBuildOperationContext'
  # parm4:    rcx:rcx   = 'org/gradle/internal/operations/DefaultBuildOperationRunner$BuildOperationExecutionListener'
  #           [sp+0xb0]  (sp of caller)
  0x000002435660dfc0: 448b 5208 | 49bb 0000 | 0000 4302 | 0000 4d03 | d34c 3bd0 

  0x000002435660dfd4: ;   {runtime_call ic_miss_stub}
  0x000002435660dfd4: 0f85 a630 | 6206 660f | 1f44 0000 
[Verified Entry Point]
  0x000002435660dfe0: 8984 2400 | 90ff ff55 | 4881 eca0 | 0000 0048 | 8954 2448 

  0x000002435660dff4: ;   {metadata(method data for {method} {0x000002436ebda460} 'execute' '(Lorg/gradle/internal/operations/BuildOperationDescriptor;Lorg/gradle/internal/operations/BuildOperationState;Lorg/gradle/internal/operations/BuildOperationState;Lorg/gradle/internal/operations/DefaultBuildOperationRunner$ReadableBuildOperationContext;Lorg/gradle/internal/operations/DefaultBuildOperationRunner$BuildOperationExecutionListener;)Lorg/gradle/internal/operations/BuildOperation;' in 'org/gradle/internal/operations/DefaultBuildOperationRunner$2')}
  0x000002435660dff4: 48bb a8d4 | 0171 4302 | 0000 8b83 | cc00 0000 | 83c0 0289 | 83cc 0000 | 0081 e0fe | 0700 0083 
  0x000002435660e014: f800 0f84 | 4506 0000 | 4889 7424 | 5048 897c | 2470 483b | 0148 8bd9 

  0x000002435660e02c: ;   {metadata(method data for {method} {0x000002436ebda460} 'execute' '(Lorg/gradle/internal/operations/BuildOperationDescriptor;Lorg/gradle/internal/operations/BuildOperationState;Lorg/gradle/internal/operations/BuildOperationState;Lorg/gradle/internal/operations/DefaultBuildOperationRunner$ReadableBuildOperationContext;Lorg/gradle/internal/operations/DefaultBuildOperationRunner$BuildOperationExecutionListener;)Lorg/gradle/internal/operations/BuildOperation;' in 'org/gradle/internal/operations/DefaultBuildOperationRunner$2')}
  0x000002435660e02c: 48b8 a8d4 | 0171 4302 | 0000 8b5b | 0849 ba00 | 0000 0043 | 0200 0049 | 03da 483b | 9820 0100 
  0x000002435660e04c: 0075 0d48 | 8380 2801 | 0000 01e9 | 6600 0000 | 483b 9830 | 0100 0075 | 0d48 8380 | 3801 0000 
  0x000002435660e06c: 01e9 5000 | 0000 4881 | b820 0100 | 0000 0000 | 0075 1748 | 8998 2001 | 0000 48c7 | 8028 0100 
  0x000002435660e08c: 0001 0000 | 00e9 2c00 | 0000 4881 | b830 0100 | 0000 0000 | 0075 1748 | 8998 3001 | 0000 48c7 
  0x000002435660e0ac: 8038 0100 | 0001 0000 | 00e9 0800 | 0000 4883 | 8010 0100 | 0001 498b | d84c 8bc3 | 498b c14c 
  0x000002435660e0cc: 8bc8 488b | d148 8944 | 2468 4889 | 5c24 6048 | 894c 2458 | 0f1f 4400 | 0048 b8c0 | 6220 0143 
  0x000002435660e0ec: ;   {virtual_call}
  0x000002435660e0ec: 0200 00e8 

  0x000002435660e0f0: ; ImmutableOopMap {[72]=Oop [104]=Oop [96]=Oop [112]=Oop [80]=Oop [88]=Oop }
                      ;*invokeinterface start {reexecute=0 rethrow=0 return_oop=0}
                      ; - org.gradle.internal.operations.DefaultBuildOperationRunner$2::execute@7 (line 64)
  0x000002435660e0f0: eced deff | 488b 5424 | 488b 720c | 448b 4210 

  0x000002435660e100: ; implicit exception: dispatches to 0x000002435660e687
  0x000002435660e100: 483b 064c 

  0x000002435660e104: ;   {metadata(method data for {method} {0x000002436ebda460} 'execute' '(Lorg/gradle/internal/operations/BuildOperationDescriptor;Lorg/gradle/internal/operations/BuildOperationState;Lorg/gradle/internal/operations/BuildOperationState;Lorg/gradle/internal/operations/DefaultBuildOperationRunner$ReadableBuildOperationContext;Lorg/gradle/internal/operations/DefaultBuildOperationRunner$BuildOperationExecutionListener;)Lorg/gradle/internal/operations/BuildOperation;' in 'org/gradle/internal/operations/DefaultBuildOperationRunner$2')}
  0x000002435660e104: 8bce 48bf | a8d4 0171 | 4302 0000 | 458b 4908 | 49ba 0000 | 0000 4302 | 0000 4d03 | ca4c 3b8f 
  0x000002435660e124: 5801 0000 | 750d 4883 | 8760 0100 | 0001 e966 | 0000 004c | 3b8f 6801 | 0000 750d | 4883 8770 
  0x000002435660e144: 0100 0001 | e950 0000 | 0048 81bf | 5801 0000 | 0000 0000 | 7517 4c89 | 8f58 0100 | 0048 c787 
  0x000002435660e164: 6001 0000 | 0100 0000 | e92c 0000 | 0048 81bf | 6801 0000 | 0000 0000 | 7517 4c89 | 8f68 0100 
  0x000002435660e184: 0048 c787 | 7001 0000 | 0100 0000 | e908 0000 | 0048 8387 | 4801 0000 | 014c 8b4c | 2450 488b 
  0x000002435660e1a4: d648 b810 | aa59 7843 

  0x000002435660e1ac: ;   {virtual_call}
  0x000002435660e1ac: 0200 00e8 

  0x000002435660e1b0: ; ImmutableOopMap {[104]=Oop [96]=Oop [112]=Oop [80]=Oop [88]=Oop [72]=Oop }
                      ;*invokeinterface execute {reexecute=0 rethrow=0 return_oop=0}
                      ; - org.gradle.internal.operations.DefaultBuildOperationRunner$2::execute@22 (line 66)
  0x000002435660e1b0: dc12 6d06 

  0x000002435660e1b4: ;   {metadata(method data for {method} {0x000002436ebda460} 'execute' '(Lorg/gradle/internal/operations/BuildOperationDescriptor;Lorg/gradle/internal/operations/BuildOperationState;Lorg/gradle/internal/operations/BuildOperationState;Lorg/gradle/internal/operations/DefaultBuildOperationRunner$ReadableBuildOperationContext;Lorg/gradle/internal/operations/DefaultBuildOperationRunner$BuildOperationExecutionListener;)Lorg/gradle/internal/operations/BuildOperation;' in 'org/gradle/internal/operations/DefaultBuildOperationRunner$2')}
  0x000002435660e1b4: 48b8 a8d4 | 0171 4302 | 0000 ff80 | 8001 0000 

  0x000002435660e1c4: ;   {oop(NULL)}
  0x000002435660e1c4: 48bb 0000 | 0000 0000 | 0000 4889 | 5c24 7848 | 8b74 2450 | e940 0100 | 0049 8b87 | d803 0000 
  0x000002435660e1e4: 4d33 d24d | 8997 d803 | 0000 4d33 | d24d 8997 | e003 0000 | 4883 fe00 | 0f84 2900 

  0x000002435660e200: ;   {metadata('org/gradle/internal/operations/DefaultBuildOperationRunner$DefaultBuildOperationContext')}
  0x000002435660e200: 0000 48ba | 9067 2001 | 4302 0000 | 8b7e 0849 | ba00 0000 | 0043 0200 | 0049 03fa | 483b 5738 
  0x000002435660e220: 0f85 6604 | 0000 e900 | 0000 004c | 8bc6 483b | 064c 8bc6 

  0x000002435660e234: ;   {metadata(method data for {method} {0x000002436ebda460} 'execute' '(Lorg/gradle/internal/operations/BuildOperationDescriptor;Lorg/gradle/internal/operations/BuildOperationState;Lorg/gradle/internal/operations/BuildOperationState;Lorg/gradle/internal/operations/DefaultBuildOperationRunner$ReadableBuildOperationContext;Lorg/gradle/internal/operations/DefaultBuildOperationRunner$BuildOperationExecutionListener;)Lorg/gradle/internal/operations/BuildOperation;' in 'org/gradle/internal/operations/DefaultBuildOperationRunner$2')}
  0x000002435660e234: 49b9 a8d4 | 0171 4302 

  0x000002435660e23c: ;   {metadata('org/gradle/internal/operations/DefaultBuildOperationRunner$DefaultBuildOperationContext')}
  0x000002435660e23c: 0000 49ba | 9067 2001 | 4302 0000 | 4d89 91a8 | 0100 0049 | 8381 b001 | 0000 0144 | 8b46 1449 
  0x000002435660e25c: ;   {metadata(method data for {method} {0x000002436ebda460} 'execute' '(Lorg/gradle/internal/operations/BuildOperationDescriptor;Lorg/gradle/internal/operations/BuildOperationState;Lorg/gradle/internal/operations/BuildOperationState;Lorg/gradle/internal/operations/DefaultBuildOperationRunner$ReadableBuildOperationContext;Lorg/gradle/internal/operations/DefaultBuildOperationRunner$BuildOperationExecutionListener;)Lorg/gradle/internal/operations/BuildOperation;' in 'org/gradle/internal/operations/DefaultBuildOperationRunner$2')}
  0x000002435660e25c: 83f8 0049 | b8a8 d401 | 7143 0200 | 0049 c7c1 | d001 0000 | 0f85 0700 | 0000 49c7 | c1e0 0100 
  0x000002435660e27c: 004b 8b3c | 0848 8d7f | 014b 893c | 080f 8586 | 0000 0048 | 83fe 000f | 8429 0000 

  0x000002435660e298: ;   {metadata('org/gradle/internal/operations/DefaultBuildOperationRunner$DefaultBuildOperationContext')}
  0x000002435660e298: 0048 ba90 | 6720 0143 | 0200 008b | 7e08 49ba | 0000 0000 | 4302 0000 | 4903 fa48 | 3b57 380f 
  0x000002435660e2b8: 85d9 0300 | 00e9 0000 | 0000 4c8b | c64c 8bc6 

  0x000002435660e2c8: ;   {metadata(method data for {method} {0x000002436ebda460} 'execute' '(Lorg/gradle/internal/operations/BuildOperationDescriptor;Lorg/gradle/internal/operations/BuildOperationState;Lorg/gradle/internal/operations/BuildOperationState;Lorg/gradle/internal/operations/DefaultBuildOperationRunner$ReadableBuildOperationContext;Lorg/gradle/internal/operations/DefaultBuildOperationRunner$BuildOperationExecutionListener;)Lorg/gradle/internal/operations/BuildOperation;' in 'org/gradle/internal/operations/DefaultBuildOperationRunner$2')}
  0x000002435660e2c8: 49b9 a8d4 | 0171 4302 

  0x000002435660e2d0: ;   {metadata('org/gradle/internal/operations/DefaultBuildOperationRunner$DefaultBuildOperationContext')}
  0x000002435660e2d0: 0000 49ba | 9067 2001 | 4302 0000 | 4d89 9100 | 0200 0049 | 8381 0802 | 0000 0145 | 0fbe 4738 
  0x000002435660e2f0: 4183 f800 | 0f85 a103 | 0000 4c8b | d044 8956 | 144c 8bc6 | 4c33 c049 | c1e8 1449 | 83f8 000f 
  0x000002435660e310: 85a2 0300 | 0048 8bd8 | 4889 5c24 | 7848 8b7c | 2470 488b 

  0x000002435660e324: ;   {metadata(method data for {method} {0x000002436ebda460} 'execute' '(Lorg/gradle/internal/operations/BuildOperationDescriptor;Lorg/gradle/internal/operations/BuildOperationState;Lorg/gradle/internal/operations/BuildOperationState;Lorg/gradle/internal/operations/DefaultBuildOperationRunner$ReadableBuildOperationContext;Lorg/gradle/internal/operations/DefaultBuildOperationRunner$BuildOperationExecutionListener;)Lorg/gradle/internal/operations/BuildOperation;' in 'org/gradle/internal/operations/DefaultBuildOperationRunner$2')}
  0x000002435660e324: 4c24 5849 | b8a8 d401 | 7143 0200 | 008b 4908 | 49ba 0000 | 0000 4302 | 0000 4903 | ca49 3b88 
  0x000002435660e344: 3802 0000 | 750d 4983 | 8040 0200 | 0001 e966 | 0000 0049 | 3b88 4802 | 0000 750d | 4983 8050 
  0x000002435660e364: 0200 0001 | e950 0000 | 0049 81b8 | 3802 0000 | 0000 0000 | 7517 4989 | 8838 0200 | 0049 c780 
  0x000002435660e384: 4002 0000 | 0100 0000 | e92c 0000 | 0049 81b8 | 4802 0000 | 0000 0000 | 7517 4989 | 8848 0200 
  0x000002435660e3a4: 0049 c780 | 5002 0000 | 0100 0000 | e908 0000 | 0049 8380 | 2802 0000 | 014c 8b44 | 2460 4c8b 
  0x000002435660e3c4: 4c24 6848 | 8b54 2458 | 9048 b8c0 | 6220 0143 

  0x000002435660e3d4: ;   {virtual_call}
  0x000002435660e3d4: 0200 00e8 

  0x000002435660e3d8: ; ImmutableOopMap {[104]=Oop [96]=Oop [88]=Oop [72]=Oop [120]=Oop }
                      ;*invokeinterface stop {reexecute=0 rethrow=0 return_oop=0}
                      ; - org.gradle.internal.operations.DefaultBuildOperationRunner$2::execute@62 (line 73)
  0x000002435660e3d8: a439 dfff | 488b 5c24 | 7848 83fb 

  0x000002435660e3e4: ;   {metadata(method data for {method} {0x000002436ebda460} 'execute' '(Lorg/gradle/internal/operations/BuildOperationDescriptor;Lorg/gradle/internal/operations/BuildOperationState;Lorg/gradle/internal/operations/BuildOperationState;Lorg/gradle/internal/operations/DefaultBuildOperationRunner$ReadableBuildOperationContext;Lorg/gradle/internal/operations/DefaultBuildOperationRunner$BuildOperationExecutionListener;)Lorg/gradle/internal/operations/BuildOperation;' in 'org/gradle/internal/operations/DefaultBuildOperationRunner$2')}
  0x000002435660e3e4: 0049 b8a8 | d401 7143 | 0200 0049 | c7c1 7002 | 0000 0f85 | 0700 0000 | 49c7 c160 | 0200 004b 
  0x000002435660e404: 8b14 0848 | 8d52 014b | 8914 080f | 85ed 0000 | 0048 8b54 | 2448 8b72 | 1048 89b4 | 2480 0000 
  0x000002435660e424: 0048 8b4c 

  0x000002435660e428: ;   {metadata(method data for {method} {0x000002436ebda460} 'execute' '(Lorg/gradle/internal/operations/BuildOperationDescriptor;Lorg/gradle/internal/operations/BuildOperationState;Lorg/gradle/internal/operations/BuildOperationState;Lorg/gradle/internal/operations/DefaultBuildOperationRunner$ReadableBuildOperationContext;Lorg/gradle/internal/operations/DefaultBuildOperationRunner$BuildOperationExecutionListener;)Lorg/gradle/internal/operations/BuildOperation;' in 'org/gradle/internal/operations/DefaultBuildOperationRunner$2')}
  0x000002435660e428: 2458 49b8 | a8d4 0171 | 4302 0000 | 8b49 0849 | ba00 0000 | 0043 0200 | 0049 03ca | 493b 88a0 
  0x000002435660e448: 0200 0075 | 0d49 8380 | a802 0000 | 01e9 6600 | 0000 493b | 88b0 0200 | 0075 0d49 | 8380 b802 
  0x000002435660e468: 0000 01e9 | 5000 0000 | 4981 b8a0 | 0200 0000 | 0000 0075 | 1749 8988 | a002 0000 | 49c7 80a8 
  0x000002435660e488: 0200 0001 | 0000 00e9 | 2c00 0000 | 4981 b8b0 | 0200 0000 | 0000 0075 | 1749 8988 | b002 0000 
  0x000002435660e4a8: 49c7 80b8 | 0200 0001 | 0000 00e9 | 0800 0000 | 4983 8090 | 0200 0001 | 4c8b 4424 | 604c 8b4c 
  0x000002435660e4c8: 2468 488b | 5424 5866 | 0f1f 4400 | 0048 b8c0 | 6220 0143 

  0x000002435660e4dc: ;   {virtual_call}
  0x000002435660e4dc: 0200 00e8 

  0x000002435660e4e0: ; ImmutableOopMap {[128]=Oop }
                      ;*invokeinterface close {reexecute=0 rethrow=0 return_oop=0}
                      ; - org.gradle.internal.operations.DefaultBuildOperationRunner$2::execute@88 (line 79)
  0x000002435660e4e0: 3c2d 0300 | 488b 8424 | 8000 0000 | 4881 c4a0 | 0000 005d 

  0x000002435660e4f4: ;   {poll_return}
  0x000002435660e4f4: 493b a748 | 0300 000f | 87ce 0100 

  0x000002435660e500: ;   {metadata(method data for {method} {0x000002436ebda460} 'execute' '(Lorg/gradle/internal/operations/BuildOperationDescriptor;Lorg/gradle/internal/operations/BuildOperationState;Lorg/gradle/internal/operations/BuildOperationState;Lorg/gradle/internal/operations/DefaultBuildOperationRunner$ReadableBuildOperationContext;Lorg/gradle/internal/operations/DefaultBuildOperationRunner$BuildOperationExecutionListener;)Lorg/gradle/internal/operations/BuildOperation;' in 'org/gradle/internal/operations/DefaultBuildOperationRunner$2')}
  0x000002435660e500: 00c3 48ba | a8d4 0171 | 4302 0000 | 4883 8280 | 0200 0001 

  0x000002435660e514: ;   {metadata(method data for {method} {0x000002436eb73f88} 'access$100' '(Ljava/lang/Throwable;)Ljava/lang/RuntimeException;' in 'org/gradle/internal/operations/DefaultBuildOperationRunner')}
  0x000002435660e514: 48ba 4824 | 2e71 4302 | 0000 8bb2 | cc00 0000 | 83c6 0289 | b2cc 0000 | 0081 e6fe | ff1f 0083 
  0x000002435660e534: fe00 0f84 | a901 0000 

  0x000002435660e53c: ;   {metadata(method data for {method} {0x000002436eb73f88} 'access$100' '(Ljava/lang/Throwable;)Ljava/lang/RuntimeException;' in 'org/gradle/internal/operations/DefaultBuildOperationRunner')}
  0x000002435660e53c: 48ba 4824 | 2e71 4302 | 0000 4883 | 8210 0100 | 0001 488b | d366 0f1f 

  0x000002435660e554: ;   {static_call}
  0x000002435660e554: 4400 00e8 

  0x000002435660e558: ; ImmutableOopMap {[104]=Oop [96]=Oop [88]=Oop }
                      ;*invokestatic throwAsBuildOperationInvocationException {reexecute=0 rethrow=0 return_oop=0}
                      ; - org.gradle.internal.operations.DefaultBuildOperationRunner::access$100@1 (line 24)
                      ; - org.gradle.internal.operations.DefaultBuildOperationRunner$2::execute@74 (line 75)
  0x000002435660e558: 2434 6206 

  0x000002435660e55c: ; implicit exception: dispatches to 0x000002435660e706
                      ; ImmutableOopMap {[104]=Oop [96]=Oop [88]=Oop rax=Oop }
                      ;*athrow {reexecute=1 rethrow=0 return_oop=0}
                      ; - (reexecute) org.gradle.internal.operations.DefaultBuildOperationRunner$2::execute@77 (line 75)
                      ;   {section_word}
  0x000002435660e55c: 483b 0048 | ba5f e560 | 5643 0200 

  0x000002435660e568: ;   {runtime_call handle_exception_nofpu Runtime1 stub}
  0x000002435660e568: 00e8 127f | 6c06 9049 | 8b87 d803 | 0000 4d33 | d24d 8997 | d803 0000 | 4d33 d24d | 8997 e003 
  0x000002435660e588: 0000 4889 | 8424 8800 | 0000 488b | 4c24 584c | 8b4c 2468 | 4c8b 4424 | 6048 3b01 

  0x000002435660e5a4: ;   {metadata(method data for {method} {0x000002436ebda460} 'execute' '(Lorg/gradle/internal/operations/BuildOperationDescriptor;Lorg/gradle/internal/operations/BuildOperationState;Lorg/gradle/internal/operations/BuildOperationState;Lorg/gradle/internal/operations/DefaultBuildOperationRunner$ReadableBuildOperationContext;Lorg/gradle/internal/operations/DefaultBuildOperationRunner$BuildOperationExecutionListener;)Lorg/gradle/internal/operations/BuildOperation;' in 'org/gradle/internal/operations/DefaultBuildOperationRunner$2')}
  0x000002435660e5a4: 488b d148 | bea8 d401 | 7143 0200 | 008b 5208 | 49ba 0000 | 0000 4302 | 0000 4903 | d248 3b96 
  0x000002435660e5c4: d802 0000 | 750d 4883 | 86e0 0200 | 0001 e966 | 0000 0048 | 3b96 e802 | 0000 750d | 4883 86f0 
  0x000002435660e5e4: 0200 0001 | e950 0000 | 0048 81be | d802 0000 | 0000 0000 | 7517 4889 | 96d8 0200 | 0048 c786 
  0x000002435660e604: e002 0000 | 0100 0000 | e92c 0000 | 0048 81be | e802 0000 | 0000 0000 | 7517 4889 | 96e8 0200 
  0x000002435660e624: 0048 c786 | f002 0000 | 0100 0000 | e908 0000 | 0048 8386 | c802 0000 | 0148 8bd1 | 0f1f 4400 
  0x000002435660e644: 0048 b8ff | ffff ffff 

  0x000002435660e64c: ;   {virtual_call}
  0x000002435660e64c: ffff ffe8 

  0x000002435660e650: ; ImmutableOopMap {[136]=Oop }
                      ;*invokeinterface close {reexecute=0 rethrow=0 return_oop=0}
                      ; - org.gradle.internal.operations.DefaultBuildOperationRunner$2::execute@102 (line 79)
  0x000002435660e650: 2c30 6206 | 488b 8424 | 8800 0000 | e9f6 0000 

  0x000002435660e660: ;   {metadata({method} {0x000002436ebda460} 'execute' '(Lorg/gradle/internal/operations/BuildOperationDescriptor;Lorg/gradle/internal/operations/BuildOperationState;Lorg/gradle/internal/operations/BuildOperationState;Lorg/gradle/internal/operations/DefaultBuildOperationRunner$ReadableBuildOperationContext;Lorg/gradle/internal/operations/DefaultBuildOperationRunner$BuildOperationExecutionListener;)Lorg/gradle/internal/operations/BuildOperation;' in 'org/gradle/internal/operations/DefaultBuildOperationRunner$2')}
  0x000002435660e660: 0049 ba58 | a4bd 6e43 | 0200 004c | 8954 2408 | 48c7 0424 | ffff ffff 

  0x000002435660e678: ;   {runtime_call counter_overflow Runtime1 stub}
  0x000002435660e678: e803 b76c 

  0x000002435660e67c: ; ImmutableOopMap {rdx=Oop [72]=Oop r8=Oop r9=Oop rdi=Oop rsi=Oop rcx=Oop }
                      ;*synchronization entry
                      ; - org.gradle.internal.operations.DefaultBuildOperationRunner$2::execute@-1 (line 62)
  0x000002435660e67c: 06e9 9af9 

  0x000002435660e680: ;   {runtime_call throw_null_pointer_exception Runtime1 stub}
  0x000002435660e680: ffff e819 

  0x000002435660e684: ; ImmutableOopMap {r8=Oop r9=Oop rcx=Oop [72]=Oop [80]=Oop [112]=Oop }
                      ;*invokeinterface start {reexecute=0 rethrow=0 return_oop=0}
                      ; - org.gradle.internal.operations.DefaultBuildOperationRunner$2::execute@7 (line 64)
                      ;   {runtime_call throw_null_pointer_exception Runtime1 stub}
  0x000002435660e684: 666c 06e8 

  0x000002435660e688: ; ImmutableOopMap {[104]=Oop [96]=Oop [112]=Oop [80]=Oop [88]=Oop rdx=Oop [72]=Oop rsi=Oop r8=Oop }
                      ;*invokeinterface execute {reexecute=0 rethrow=0 return_oop=0}
                      ; - org.gradle.internal.operations.DefaultBuildOperationRunner$2::execute@22 (line 66)
  0x000002435660e688: 1466 6c06 

  0x000002435660e68c: ;   {runtime_call throw_incompatible_class_change_error Runtime1 stub}
  0x000002435660e68c: e80f 8d6c 

  0x000002435660e690: ; ImmutableOopMap {[104]=Oop [96]=Oop [112]=Oop [88]=Oop [72]=Oop rsi=Oop rax=Oop }
                      ;*invokeinterface getFailure {reexecute=0 rethrow=0 return_oop=0}
                      ; - org.gradle.internal.operations.DefaultBuildOperationRunner$2::execute@34 (line 68)
                      ;   {runtime_call throw_null_pointer_exception Runtime1 stub}
  0x000002435660e690: 06e8 0a66 

  0x000002435660e694: ; ImmutableOopMap {[104]=Oop [96]=Oop [112]=Oop [88]=Oop [72]=Oop rsi=Oop rax=Oop }
                      ;*invokeinterface getFailure {reexecute=0 rethrow=0 return_oop=0}
                      ; - org.gradle.internal.operations.DefaultBuildOperationRunner$2::execute@34 (line 68)
                      ;   {runtime_call throw_incompatible_class_change_error Runtime1 stub}
  0x000002435660e694: 6c06 e805 

  0x000002435660e698: ; ImmutableOopMap {[104]=Oop [96]=Oop [112]=Oop [88]=Oop [72]=Oop rsi=Oop rax=Oop }
                      ;*invokeinterface failed {reexecute=0 rethrow=0 return_oop=0}
                      ; - org.gradle.internal.operations.DefaultBuildOperationRunner$2::execute@46 (line 69)
  0x000002435660e698: 8d6c 0644 | 8b46 1449 | 83f8 000f | 8451 fcff | ff4c 8904 

  0x000002435660e6ac: ;   {runtime_call g1_pre_barrier_slow}
  0x000002435660e6ac: 24e8 cebc | 6c06 e943 | fcff ff48 | 83f8 000f | 8454 fcff | ff48 8934 

  0x000002435660e6c4: ;   {runtime_call g1_post_barrier_slow}
  0x000002435660e6c4: 24e8 b6bf | 6c06 e946 

  0x000002435660e6cc: ;   {internal_word}
  0x000002435660e6cc: fcff ff49 | baf4 e460 | 5643 0200 | 004d 8997 | 6003 0000 

  0x000002435660e6e0: ;   {runtime_call SafepointBlob}
  0x000002435660e6e0: e91b 9362 

  0x000002435660e6e4: ;   {metadata({method} {0x000002436eb73f88} 'access$100' '(Ljava/lang/Throwable;)Ljava/lang/RuntimeException;' in 'org/gradle/internal/operations/DefaultBuildOperationRunner')}
  0x000002435660e6e4: 0649 ba80 | 3fb7 6e43 | 0200 004c | 8954 2408 | 48c7 0424 | ffff ffff 

  0x000002435660e6fc: ;   {runtime_call counter_overflow Runtime1 stub}
  0x000002435660e6fc: e87f b66c 

  0x000002435660e700: ; ImmutableOopMap {rbx=Oop [104]=Oop [96]=Oop [88]=Oop }
                      ;*synchronization entry
                      ; - org.gradle.internal.operations.DefaultBuildOperationRunner::access$100@-1 (line 24)
                      ; - org.gradle.internal.operations.DefaultBuildOperationRunner$2::execute@74 (line 75)
  0x000002435660e700: 06e9 36fe 

  0x000002435660e704: ;   {runtime_call throw_null_pointer_exception Runtime1 stub}
  0x000002435660e704: ffff e895 

  0x000002435660e708: ; ImmutableOopMap {[104]=Oop [96]=Oop [88]=Oop rax=Oop }
                      ;*athrow {reexecute=1 rethrow=0 return_oop=0}
                      ; - (reexecute) org.gradle.internal.operations.DefaultBuildOperationRunner$2::execute@77 (line 75)
                      ;   {runtime_call throw_null_pointer_exception Runtime1 stub}
  0x000002435660e708: 656c 06e8 

  0x000002435660e70c: ; ImmutableOopMap {[136]=Oop rcx=Oop r9=Oop r8=Oop }
                      ;*invokeinterface close {reexecute=0 rethrow=0 return_oop=0}
                      ; - org.gradle.internal.operations.DefaultBuildOperationRunner$2::execute@102 (line 79)
  0x000002435660e70c: 9065 6c06 | 488b 7424 | 50e9 c3fa | ffff 4889 | 4c24 584c | 894c 2468 | 4c89 4424 | 60e9 41fe 
  0x000002435660e72c: ffff 488b | 7424 50e9 | a5fa ffff | 9090 498b | 87d8 0300 | 0049 c787 | d803 0000 | 0000 0000 
  0x000002435660e74c: 49c7 87e0 | 0300 0000 | 0000 0048 | 81c4 a000 

  0x000002435660e75c: ;   {runtime_call unwind_exception Runtime1 stub}
  0x000002435660e75c: 0000 5de9 | 9c85 6306 | f4f4 f4f4 | f4f4 f4f4 | f4f4 f4f4 | f4f4 f4f4 | f4f4 f4f4 | f4f4 f4f4 
  0x000002435660e77c: f4f4 f4f4 
[Stub Code]
  0x000002435660e780: ;   {no_reloc}
  0x000002435660e780: 0f1f 4400 

  0x000002435660e784: ;   {static_stub}
  0x000002435660e784: 0048 bb00 | 0000 0000 

  0x000002435660e78c: ;   {runtime_call}
  0x000002435660e78c: 0000 00e9 | fbff ffff 

  0x000002435660e794: ;   {static_stub}
  0x000002435660e794: 9048 bb00 | 0000 0000 

  0x000002435660e79c: ;   {runtime_call}
  0x000002435660e79c: 0000 00e9 | fbff ffff 

  0x000002435660e7a4: ;   {static_stub}
  0x000002435660e7a4: 9048 bb00 | 0000 0000 

  0x000002435660e7ac: ;   {runtime_call}
  0x000002435660e7ac: 0000 00e9 | fbff ffff 

  0x000002435660e7b4: ;   {static_stub}
  0x000002435660e7b4: 9048 bb00 | 0000 0000 

  0x000002435660e7bc: ;   {runtime_call}
  0x000002435660e7bc: 0000 00e9 | fbff ffff 

  0x000002435660e7c4: ;   {static_stub}
  0x000002435660e7c4: 9048 bb00 | 0000 0000 

  0x000002435660e7cc: ;   {runtime_call}
  0x000002435660e7cc: 0000 00e9 | fbff ffff 

  0x000002435660e7d4: ;   {static_stub}
  0x000002435660e7d4: 9048 bb00 | 0000 0000 

  0x000002435660e7dc: ;   {runtime_call}
  0x000002435660e7dc: 0000 00e9 | fbff ffff 
[Exception Handler]
  0x000002435660e7e4: ;   {runtime_call handle_exception_from_callee Runtime1 stub}
  0x000002435660e7e4: e897 826c 

  0x000002435660e7e8: ;   {external_word}
  0x000002435660e7e8: 0648 b900 | faf2 d2fc | 7f00 0048 

  0x000002435660e7f4: ;   {runtime_call}
  0x000002435660e7f4: 83e4 f049 | baf0 97bb | d2fc 7f00 | 0041 ffd2 

  0x000002435660e804: ;   {section_word}
  0x000002435660e804: f449 ba05 | e860 5643 | 0200 0041 

  0x000002435660e810: ;   {runtime_call DeoptimizationBlob}
  0x000002435660e810: 52e9 8a84 | 6206 f4f4 
[/MachCode]


Compiled method (c1) 40558 7047       3       org.gradle.internal.operations.DefaultBuildOperationRunner$2::execute (12 bytes)
 total in heap  [0x00000243563f8b90,0x00000243563f8f18] = 904
 relocation     [0x00000243563f8cf0,0x00000243563f8d30] = 64
 main code      [0x00000243563f8d40,0x00000243563f8e40] = 256
 stub code      [0x00000243563f8e40,0x00000243563f8e88] = 72
 oops           [0x00000243563f8e88,0x00000243563f8e90] = 8
 metadata       [0x00000243563f8e90,0x00000243563f8ea0] = 16
 scopes data    [0x00000243563f8ea0,0x00000243563f8ed0] = 48
 scopes pcs     [0x00000243563f8ed0,0x00000243563f8f10] = 64
 dependencies   [0x00000243563f8f10,0x00000243563f8f18] = 8

[Constant Pool (empty)]

[MachCode]
[Entry Point]
  # {method} {0x000002436ebda560} 'execute' '(Lorg/gradle/internal/operations/BuildOperationDescriptor;Lorg/gradle/internal/operations/BuildOperationState;Lorg/gradle/internal/operations/BuildOperationState;Lorg/gradle/internal/operations/DefaultBuildOperationRunner$ReadableBuildOperationContext;Lorg/gradle/internal/operations/DefaultBuildOperationRunner$BuildOperationExecutionListener;)Ljava/lang/Object;' in 'org/gradle/internal/operations/DefaultBuildOperationRunner$2'
  # this:     rdx:rdx   = 'org/gradle/internal/operations/DefaultBuildOperationRunner$2'
  # parm0:    r8:r8     = 'org/gradle/internal/operations/BuildOperationDescriptor'
  # parm1:    r9:r9     = 'org/gradle/internal/operations/BuildOperationState'
  # parm2:    rdi:rdi   = 'org/gradle/internal/operations/BuildOperationState'
  # parm3:    rsi:rsi   = 'org/gradle/internal/operations/DefaultBuildOperationRunner$ReadableBuildOperationContext'
  # parm4:    rcx:rcx   = 'org/gradle/internal/operations/DefaultBuildOperationRunner$BuildOperationExecutionListener'
  #           [sp+0x50]  (sp of caller)
  0x00000243563f8d40: 448b 5208 | 49bb 0000 | 0000 4302 | 0000 4d03 | d34c 3bd0 

  0x00000243563f8d54: ;   {runtime_call ic_miss_stub}
  0x00000243563f8d54: 0f85 2683 | 8306 660f | 1f44 0000 
[Verified Entry Point]
  0x00000243563f8d60: 8984 2400 | 90ff ff55 | 4883 ec40 

  0x00000243563f8d6c: ;   {metadata(method data for {method} {0x000002436ebda560} 'execute' '(Lorg/gradle/internal/operations/BuildOperationDescriptor;Lorg/gradle/internal/operations/BuildOperationState;Lorg/gradle/internal/operations/BuildOperationState;Lorg/gradle/internal/operations/DefaultBuildOperationRunner$ReadableBuildOperationContext;Lorg/gradle/internal/operations/DefaultBuildOperationRunner$BuildOperationExecutionListener;)Ljava/lang/Object;' in 'org/gradle/internal/operations/DefaultBuildOperationRunner$2')}
  0x00000243563f8d6c: 48bb 98d0 | 0171 4302 | 0000 8b83 | cc00 0000 | 83c0 0289 | 83cc 0000 | 0081 e0fe | 0700 0083 
  0x00000243563f8d8c: f800 0f84 | 4300 0000 

  0x00000243563f8d94: ;   {metadata(method data for {method} {0x000002436ebda560} 'execute' '(Lorg/gradle/internal/operations/BuildOperationDescriptor;Lorg/gradle/internal/operations/BuildOperationState;Lorg/gradle/internal/operations/BuildOperationState;Lorg/gradle/internal/operations/DefaultBuildOperationRunner$ReadableBuildOperationContext;Lorg/gradle/internal/operations/DefaultBuildOperationRunner$BuildOperationExecutionListener;)Ljava/lang/Object;' in 'org/gradle/internal/operations/DefaultBuildOperationRunner$2')}
  0x00000243563f8d94: 488b da48 | b898 d001 | 7143 0200 

  0x00000243563f8da0: ;   {metadata('org/gradle/internal/operations/DefaultBuildOperationRunner$2')}
  0x00000243563f8da0: 0049 ba28 | 5c20 0143 | 0200 004c | 8990 2001 | 0000 4883 | 8028 0100 | 0001 0f1f 

  0x00000243563f8dbc: ;   {optimized virtual_call}
  0x00000243563f8dbc: 4400 00e8 

  0x00000243563f8dc0: ; ImmutableOopMap {}
                      ;*invokevirtual execute {reexecute=0 rethrow=0 return_oop=0}
                      ; - org.gradle.internal.operations.DefaultBuildOperationRunner$2::execute@8 (line 59)
  0x00000243563f8dc0: 1c52 2100 | 4883 c440 

  0x00000243563f8dc8: ;   {poll_return}
  0x00000243563f8dc8: 5d49 3ba7 | 4803 0000 | 0f87 1f00 

  0x00000243563f8dd4: ;   {metadata({method} {0x000002436ebda560} 'execute' '(Lorg/gradle/internal/operations/BuildOperationDescriptor;Lorg/gradle/internal/operations/BuildOperationState;Lorg/gradle/internal/operations/BuildOperationState;Lorg/gradle/internal/operations/DefaultBuildOperationRunner$ReadableBuildOperationContext;Lorg/gradle/internal/operations/DefaultBuildOperationRunner$BuildOperationExecutionListener;)Ljava/lang/Object;' in 'org/gradle/internal/operations/DefaultBuildOperationRunner$2')}
  0x00000243563f8dd4: 0000 c349 | ba58 a5bd | 6e43 0200 | 004c 8954 | 2408 48c7 | 0424 ffff 

  0x00000243563f8dec: ;   {runtime_call counter_overflow Runtime1 stub}
  0x00000243563f8dec: ffff e88d 

  0x00000243563f8df0: ; ImmutableOopMap {rdx=Oop r8=Oop r9=Oop rdi=Oop rsi=Oop rcx=Oop }
                      ;*synchronization entry
                      ; - org.gradle.internal.operations.DefaultBuildOperationRunner$2::execute@-1 (line 59)
  0x00000243563f8df0: 0f8e 06eb 

  0x00000243563f8df4: ;   {internal_word}
  0x00000243563f8df4: 9f49 bac9 | 8d3f 5643 | 0200 004d | 8997 6003 

  0x00000243563f8e04: ;   {runtime_call SafepointBlob}
  0x00000243563f8e04: 0000 e9f5 | eb83 0690 | 9049 8b87 | d803 0000 | 49c7 87d8 | 0300 0000 | 0000 0049 | c787 e003 
  0x00000243563f8e24: 0000 0000 | 0000 4883 

  0x00000243563f8e2c: ;   {runtime_call unwind_exception Runtime1 stub}
  0x00000243563f8e2c: c440 5de9 | ccde 8406 | f4f4 f4f4 | f4f4 f4f4 | f4f4 f4f4 
[Stub Code]
  0x00000243563f8e40: ;   {no_reloc}
  0x00000243563f8e40: 0f1f 4400 

  0x00000243563f8e44: ;   {static_stub}
  0x00000243563f8e44: 0048 bb58 | a4bd 6e43 

  0x00000243563f8e4c: ;   {runtime_call I2C/C2I adapters}
  0x00000243563f8e4c: 0200 00e9 | 19ef 8306 
[Exception Handler]
  0x00000243563f8e54: ;   {runtime_call handle_exception_from_callee Runtime1 stub}
  0x00000243563f8e54: e827 dc8d 

  0x00000243563f8e58: ;   {external_word}
  0x00000243563f8e58: 0648 b900 | faf2 d2fc | 7f00 0048 

  0x00000243563f8e64: ;   {runtime_call}
  0x00000243563f8e64: 83e4 f049 | baf0 97bb | d2fc 7f00 | 0041 ffd2 

  0x00000243563f8e74: ;   {section_word}
  0x00000243563f8e74: f449 ba75 | 8e3f 5643 | 0200 0041 

  0x00000243563f8e80: ;   {runtime_call DeoptimizationBlob}
  0x00000243563f8e80: 52e9 1ade | 8306 f4f4 
[/MachCode]


---------------  P R O C E S S  ---------------

Threads class SMR info:
_java_thread_list=0x0000024373675530, length=131, elements={
0x000002434c63f340, 0x000002436d42c4d0, 0x000002436d42f630, 0x000002436d493ea0,
0x000002436d494380, 0x000002436d4953d0, 0x000002436d496f90, 0x000002436d49d7c0,
0x000002436d4b1d70, 0x000002436d4c4280, 0x000002436d6042c0, 0x000002436d6051f0,
0x0000024373bb0e30, 0x00000243731edd20, 0x00000243730e3030, 0x0000024373f3ef40,
0x00000243731fd260, 0x00000243739a5370, 0x0000024373e63300, 0x0000024373e60570,
0x0000024373e60060, 0x0000024373e614a0, 0x0000024373e619b0, 0x0000024373e60f90,
0x0000024373e623d0, 0x0000024373e61ec0, 0x0000024373e628e0, 0x0000024373e62df0,
0x0000024374c509b0, 0x0000024374c513d0, 0x0000024374c518e0, 0x0000024374c51df0,
0x0000024374c4fa80, 0x0000024374c504a0, 0x0000024374c4f060, 0x0000024374c564d0,
0x0000024374c53230, 0x0000024374c52d20, 0x0000024374c55fc0, 0x0000024374c569e0,
0x0000024374c53740, 0x0000024374c54160, 0x0000024374c54670, 0x0000024373e63810,
0x0000024372b169e0, 0x0000024372b164d0, 0x0000024372b17400, 0x0000024372b16ef0,
0x0000024372b18840, 0x0000024372b155a0, 0x0000024372b19770, 0x0000024372b18d50,
0x0000024372b17910, 0x0000024372b17e20, 0x0000024372b15fc0, 0x0000024372b1bae0,
0x0000024372b19260, 0x0000024372b19c80, 0x0000024372b1a190, 0x0000024372b1b0c0,
0x0000024372b18330, 0x0000024372b1a6a0, 0x0000024372b1b5d0, 0x0000024372b1bff0,
0x0000024372b1c500, 0x0000024372b1cf20, 0x0000024372b1abb0, 0x0000024372b1ca10,
0x00000243777a0740, 0x000002437779e3d0, 0x00000243777a0230, 0x000002437779edf0,
0x000002437779e8e0, 0x000002437779cf90, 0x000002437779dec0, 0x000002437779d9b0,
0x000002437779f810, 0x00000243777a0c50, 0x000002437779f300, 0x00000243777a1b80,
0x00000243777a3ef0, 0x00000243777a4400, 0x00000243777a2090, 0x00000243777a1160,
0x00000243777a25a0, 0x00000243777a4910, 0x000002437883c4a0, 0x000002437883ba80,
0x000002437883c9b0, 0x000002437883cec0, 0x000002437883b570, 0x000002437883d3d0,
0x000002437883e810, 0x000002437883d8e0, 0x000002437883b060, 0x000002437883f740,
0x000002437883ddf0, 0x000002437883ed20, 0x000002437883e300, 0x000002437883f230,
0x000002437883bf90, 0x0000024378841090, 0x0000024378841fc0, 0x0000024378840b80,
0x000002437883fc50, 0x0000024378840670, 0x00000243788424d0, 0x00000243788415a0,
0x0000024378840160, 0x00000243788429e0, 0x0000024378841ab0, 0x000002437968dab0,
0x000002437968d5a0, 0x0000024379691770, 0x000002437968dfc0, 0x000002437968e4d0,
0x000002437968e9e0, 0x0000024379691c80, 0x000002437968f910, 0x000002437968fe20,
0x0000024379690330, 0x000002437968f400, 0x0000024379692190, 0x0000024379691260,
0x00000243796926a0, 0x000002437968eef0, 0x0000024379692bb0, 0x00000243796930c0,
0x0000024379693ff0, 0x0000024379693ae0, 0x0000024379694500
}

Java Threads: ( => current thread )
  0x000002434c63f340 JavaThread "main" [_thread_blocked, id=40376, stack(0x000000a6be000000,0x000000a6be100000)]
  0x000002436d42c4d0 JavaThread "Reference Handler" daemon [_thread_blocked, id=11452, stack(0x000000a6be700000,0x000000a6be800000)]
  0x000002436d42f630 JavaThread "Finalizer" daemon [_thread_blocked, id=45760, stack(0x000000a6be800000,0x000000a6be900000)]
  0x000002436d493ea0 JavaThread "Signal Dispatcher" daemon [_thread_blocked, id=45344, stack(0x000000a6be900000,0x000000a6bea00000)]
  0x000002436d494380 JavaThread "Attach Listener" daemon [_thread_blocked, id=16352, stack(0x000000a6bea00000,0x000000a6beb00000)]
  0x000002436d4953d0 JavaThread "Service Thread" daemon [_thread_blocked, id=45104, stack(0x000000a6beb00000,0x000000a6bec00000)]
  0x000002436d496f90 JavaThread "Monitor Deflation Thread" daemon [_thread_blocked, id=45148, stack(0x000000a6bec00000,0x000000a6bed00000)]
  0x000002436d49d7c0 JavaThread "C2 CompilerThread0" daemon [_thread_blocked, id=36472, stack(0x000000a6bed00000,0x000000a6bee00000)]
  0x000002436d4b1d70 JavaThread "C1 CompilerThread0" daemon [_thread_blocked, id=18980, stack(0x000000a6bee00000,0x000000a6bef00000)]
  0x000002436d4c4280 JavaThread "Sweeper thread" daemon [_thread_blocked, id=33748, stack(0x000000a6bef00000,0x000000a6bf000000)]
  0x000002436d6042c0 JavaThread "Common-Cleaner" daemon [_thread_blocked, id=45816, stack(0x000000a6bf200000,0x000000a6bf300000)]
  0x000002436d6051f0 JavaThread "Notification Thread" daemon [_thread_blocked, id=27564, stack(0x000000a6bf300000,0x000000a6bf400000)]
  0x0000024373bb0e30 JavaThread "Daemon health stats" [_thread_blocked, id=46016, stack(0x000000a6bfd00000,0x000000a6bfe00000)]
  0x00000243731edd20 JavaThread "Incoming local TCP Connector on port 64919" [_thread_in_native, id=35880, stack(0x000000a6bf500000,0x000000a6bf600000)]
  0x00000243730e3030 JavaThread "Daemon periodic checks" [_thread_blocked, id=40504, stack(0x000000a6bf600000,0x000000a6bf700000)]
  0x0000024373f3ef40 JavaThread "Daemon" [_thread_blocked, id=45124, stack(0x000000a6bfe00000,0x000000a6bff00000)]
  0x00000243731fd260 JavaThread "Handler for socket connection from /127.0.0.1:64919 to /127.0.0.1:64922" [_thread_in_native, id=45236, stack(0x000000a6bff00000,0x000000a6c0000000)]
  0x00000243739a5370 JavaThread "Cancel handler" [_thread_blocked, id=44948, stack(0x000000a6c0000000,0x000000a6c0100000)]
  0x0000024373e63300 JavaThread "Daemon worker" [_thread_blocked, id=45512, stack(0x000000a6c0100000,0x000000a6c0200000)]
  0x0000024373e60570 JavaThread "Asynchronous log dispatcher for DefaultDaemonConnection: socket connection from /127.0.0.1:64919 to /127.0.0.1:64922" [_thread_blocked, id=45504, stack(0x000000a6c0200000,0x000000a6c0300000)]
  0x0000024373e60060 JavaThread "Stdin handler" [_thread_blocked, id=40496, stack(0x000000a6c0300000,0x000000a6c0400000)]
  0x0000024373e614a0 JavaThread "Daemon client event forwarder" [_thread_blocked, id=27852, stack(0x000000a6c0400000,0x000000a6c0500000)]
  0x0000024373e619b0 JavaThread "Cache worker for journal cache (C:\Users\Albin\.gradle\caches\journal-1)" [_thread_blocked, id=45524, stack(0x000000a6c0500000,0x000000a6c0600000)]
  0x0000024373e60f90 JavaThread "File lock request listener" [_thread_in_native, id=45500, stack(0x000000a6c0600000,0x000000a6c0700000)]
  0x0000024373e623d0 JavaThread "Cache worker for file hash cache (C:\Users\Albin\.gradle\caches\8.0.1\fileHashes)" [_thread_blocked, id=12296, stack(0x000000a6c0700000,0x000000a6c0800000)]
  0x0000024373e61ec0 JavaThread "File watcher server" daemon [_thread_in_native, id=4780, stack(0x000000a6c0900000,0x000000a6c0a00000)]
  0x0000024373e628e0 JavaThread "File watcher consumer" daemon [_thread_blocked, id=45340, stack(0x000000a6c0a00000,0x000000a6c0b00000)]
  0x0000024373e62df0 JavaThread "Cache worker for checksums cache (C:\Users\Albin\Documents\EPSI\E5\inexia-connect\mobile\android\.gradle\8.0.1\checksums)" [_thread_blocked, id=45988, stack(0x000000a6c0b00000,0x000000a6c0c00000)]
  0x0000024374c509b0 JavaThread "Cache worker for cache directory md-rule (C:\Users\Albin\.gradle\caches\8.0.1\md-rule)" [_thread_blocked, id=35924, stack(0x000000a6c0800000,0x000000a6c0900000)]
  0x0000024374c513d0 JavaThread "Cache worker for file content cache (C:\Users\Albin\.gradle\caches\8.0.1\fileContent)" [_thread_blocked, id=41924, stack(0x000000a6c0c00000,0x000000a6c0d00000)]
  0x0000024374c518e0 JavaThread "Cache worker for file hash cache (C:\Users\Albin\Documents\EPSI\E5\inexia-connect\mobile\android\.gradle\8.0.1\fileHashes)" [_thread_blocked, id=3264, stack(0x000000a6c1700000,0x000000a6c1800000)]
  0x0000024374c51df0 JavaThread "Cache worker for cache directory md-supplier (C:\Users\Albin\.gradle\caches\8.0.1\md-supplier)" [_thread_blocked, id=4976, stack(0x000000a6c1800000,0x000000a6c1900000)]
  0x0000024374c4fa80 JavaThread "Cache worker for execution history cache (C:\Users\Albin\.gradle\caches\8.0.1\executionHistory)" [_thread_blocked, id=41000, stack(0x000000a6c1900000,0x000000a6c1a00000)]
  0x0000024374c504a0 JavaThread "jar transforms" [_thread_blocked, id=41648, stack(0x000000a6c1d00000,0x000000a6c1e00000)]
  0x0000024374c4f060 JavaThread "jar transforms Thread 2" [_thread_blocked, id=41676, stack(0x000000a6c1e00000,0x000000a6c1f00000)]
  0x0000024374c564d0 JavaThread "jar transforms Thread 3" [_thread_blocked, id=44856, stack(0x000000a6c1c00000,0x000000a6c1d00000)]
  0x0000024374c53230 JavaThread "jar transforms Thread 4" [_thread_blocked, id=45016, stack(0x000000a6c1f00000,0x000000a6c2000000)]
  0x0000024374c52d20 JavaThread "jar transforms Thread 5" [_thread_blocked, id=34396, stack(0x000000a6c1a00000,0x000000a6c1b00000)]
  0x0000024374c55fc0 JavaThread "jar transforms Thread 6" [_thread_blocked, id=44736, stack(0x000000a6c2000000,0x000000a6c2100000)]
  0x0000024374c569e0 JavaThread "jar transforms Thread 7" [_thread_blocked, id=41304, stack(0x000000a6c1b00000,0x000000a6c1c00000)]
  0x0000024374c53740 JavaThread "jar transforms Thread 8" [_thread_blocked, id=45848, stack(0x000000a6c2100000,0x000000a6c2200000)]
  0x0000024374c54160 JavaThread "Cache worker for kotlin-dsl (C:\Users\Albin\.gradle\caches\8.0.1\kotlin-dsl)" [_thread_blocked, id=41684, stack(0x000000a6bfc00000,0x000000a6bfd00000)]
  0x0000024374c54670 JavaThread "jar transforms Thread 9" [_thread_blocked, id=22988, stack(0x000000a6c2400000,0x000000a6c2500000)]
  0x0000024373e63810 JavaThread "jar transforms Thread 10" [_thread_blocked, id=37988, stack(0x000000a6bf700000,0x000000a6bf800000)]
  0x0000024372b169e0 JavaThread "Cache worker for dependencies-accessors (C:\Users\Albin\Documents\EPSI\E5\inexia-connect\mobile\android\.gradle\8.0.1\dependencies-accessors)" [_thread_blocked, id=32116, stack(0x000000a6c2300000,0x000000a6c2400000)]
  0x0000024372b164d0 JavaThread "Cache worker for Build Output Cleanup Cache (C:\Users\Albin\Documents\EPSI\E5\inexia-connect\mobile\node_modules\@react-native\gradle-plugin\.gradle\buildOutputCleanup)" [_thread_blocked, id=11772, stack(0x000000a6c2500000,0x000000a6c2600000)]
  0x0000024372b17400 JavaThread "jar transforms Thread 11" [_thread_blocked, id=39368, stack(0x000000a6c2600000,0x000000a6c2700000)]
  0x0000024372b16ef0 JavaThread "Unconstrained build operations" [_thread_blocked, id=29324, stack(0x000000a6c2700000,0x000000a6c2800000)]
  0x0000024372b18840 JavaThread "Unconstrained build operations Thread 2" [_thread_blocked, id=3912, stack(0x000000a6c2800000,0x000000a6c2900000)]
  0x0000024372b155a0 JavaThread "Unconstrained build operations Thread 3" [_thread_blocked, id=11040, stack(0x000000a6c2900000,0x000000a6c2a00000)]
  0x0000024372b19770 JavaThread "Unconstrained build operations Thread 4" [_thread_blocked, id=6916, stack(0x000000a6c2a00000,0x000000a6c2b00000)]
  0x0000024372b18d50 JavaThread "Unconstrained build operations Thread 5" [_thread_blocked, id=7084, stack(0x000000a6c2b00000,0x000000a6c2c00000)]
  0x0000024372b17910 JavaThread "Unconstrained build operations Thread 6" [_thread_blocked, id=38536, stack(0x000000a6c2c00000,0x000000a6c2d00000)]
  0x0000024372b17e20 JavaThread "Unconstrained build operations Thread 7" [_thread_blocked, id=30376, stack(0x000000a6c2d00000,0x000000a6c2e00000)]
  0x0000024372b15fc0 JavaThread "Unconstrained build operations Thread 8" [_thread_blocked, id=40892, stack(0x000000a6c2e00000,0x000000a6c2f00000)]
  0x0000024372b1bae0 JavaThread "Unconstrained build operations Thread 9" [_thread_blocked, id=29628, stack(0x000000a6c2f00000,0x000000a6c3000000)]
  0x0000024372b19260 JavaThread "Unconstrained build operations Thread 10" [_thread_blocked, id=30716, stack(0x000000a6c3000000,0x000000a6c3100000)]
  0x0000024372b19c80 JavaThread "Unconstrained build operations Thread 11" [_thread_blocked, id=9888, stack(0x000000a6c3100000,0x000000a6c3200000)]
  0x0000024372b1a190 JavaThread "Unconstrained build operations Thread 12" [_thread_blocked, id=32380, stack(0x000000a6c3200000,0x000000a6c3300000)]
  0x0000024372b1b0c0 JavaThread "Unconstrained build operations Thread 13" [_thread_blocked, id=24140, stack(0x000000a6c3300000,0x000000a6c3400000)]
  0x0000024372b18330 JavaThread "Unconstrained build operations Thread 14" [_thread_blocked, id=9372, stack(0x000000a6c3400000,0x000000a6c3500000)]
  0x0000024372b1a6a0 JavaThread "Unconstrained build operations Thread 15" [_thread_blocked, id=45528, stack(0x000000a6c3500000,0x000000a6c3600000)]
  0x0000024372b1b5d0 JavaThread "Unconstrained build operations Thread 16" [_thread_blocked, id=45672, stack(0x000000a6c3600000,0x000000a6c3700000)]
  0x0000024372b1bff0 JavaThread "Unconstrained build operations Thread 17" [_thread_blocked, id=25708, stack(0x000000a6c3700000,0x000000a6c3800000)]
  0x0000024372b1c500 JavaThread "Unconstrained build operations Thread 18" [_thread_blocked, id=21180, stack(0x000000a6c3800000,0x000000a6c3900000)]
  0x0000024372b1cf20 JavaThread "Unconstrained build operations Thread 19" [_thread_blocked, id=42484, stack(0x000000a6c3900000,0x000000a6c3a00000)]
  0x0000024372b1abb0 JavaThread "Unconstrained build operations Thread 20" [_thread_blocked, id=41900, stack(0x000000a6c3a00000,0x000000a6c3b00000)]
  0x0000024372b1ca10 JavaThread "Unconstrained build operations Thread 21" [_thread_blocked, id=21032, stack(0x000000a6c3b00000,0x000000a6c3c00000)]
  0x00000243777a0740 JavaThread "Unconstrained build operations Thread 22" [_thread_blocked, id=42388, stack(0x000000a6c3c00000,0x000000a6c3d00000)]
  0x000002437779e3d0 JavaThread "Unconstrained build operations Thread 23" [_thread_blocked, id=22524, stack(0x000000a6c3d00000,0x000000a6c3e00000)]
  0x00000243777a0230 JavaThread "Unconstrained build operations Thread 24" [_thread_blocked, id=17072, stack(0x000000a6c3e00000,0x000000a6c3f00000)]
  0x000002437779edf0 JavaThread "Unconstrained build operations Thread 25" [_thread_blocked, id=33756, stack(0x000000a6c3f00000,0x000000a6c4000000)]
  0x000002437779e8e0 JavaThread "Unconstrained build operations Thread 26" [_thread_blocked, id=16652, stack(0x000000a6c4000000,0x000000a6c4100000)]
  0x000002437779cf90 JavaThread "jar transforms Thread 12" [_thread_blocked, id=40844, stack(0x000000a6c4100000,0x000000a6c4200000)]
  0x000002437779dec0 JavaThread "jar transforms Thread 13" [_thread_blocked, id=27688, stack(0x000000a6c4200000,0x000000a6c4300000)]
  0x000002437779d9b0 JavaThread "jar transforms Thread 14" [_thread_blocked, id=38352, stack(0x000000a6c4300000,0x000000a6c4400000)]
  0x000002437779f810 JavaThread "jar transforms Thread 15" [_thread_blocked, id=20992, stack(0x000000a6c4400000,0x000000a6c4500000)]
  0x00000243777a0c50 JavaThread "jar transforms Thread 16" [_thread_blocked, id=18620, stack(0x000000a6c4500000,0x000000a6c4600000)]
  0x000002437779f300 JavaThread "Memory manager" [_thread_blocked, id=39352, stack(0x000000a6c4700000,0x000000a6c4800000)]
  0x00000243777a1b80 JavaThread "Cache worker for Build Output Cleanup Cache (C:\Users\Albin\Documents\EPSI\E5\inexia-connect\mobile\android\.gradle\buildOutputCleanup)" [_thread_blocked, id=11000, stack(0x000000a6c4a00000,0x000000a6c4b00000)]
  0x00000243777a3ef0 JavaThread "included builds" [_thread_blocked, id=45616, stack(0x000000a6c4900000,0x000000a6c4a00000)]
  0x00000243777a4400 JavaThread "Execution worker" [_thread_blocked, id=44268, stack(0x000000a6c4b00000,0x000000a6c4c00000)]
  0x00000243777a2090 JavaThread "Execution worker Thread 2" [_thread_blocked, id=21012, stack(0x000000a6c4c00000,0x000000a6c4d00000)]
  0x00000243777a1160 JavaThread "Execution worker Thread 3" [_thread_blocked, id=17600, stack(0x000000a6c4d00000,0x000000a6c4e00000)]
  0x00000243777a25a0 JavaThread "Execution worker Thread 4" [_thread_blocked, id=7304, stack(0x000000a6c4e00000,0x000000a6c4f00000)]
  0x00000243777a4910 JavaThread "Execution worker Thread 5" [_thread_blocked, id=38680, stack(0x000000a6c4f00000,0x000000a6c5000000)]
  0x000002437883c4a0 JavaThread "Execution worker Thread 6" [_thread_blocked, id=17332, stack(0x000000a6c5000000,0x000000a6c5100000)]
  0x000002437883ba80 JavaThread "Execution worker Thread 7" [_thread_blocked, id=24212, stack(0x000000a6c5100000,0x000000a6c5200000)]
  0x000002437883c9b0 JavaThread "Execution worker Thread 8" [_thread_blocked, id=40536, stack(0x000000a6c5200000,0x000000a6c5300000)]
  0x000002437883cec0 JavaThread "Execution worker Thread 9" [_thread_blocked, id=28748, stack(0x000000a6c5300000,0x000000a6c5400000)]
  0x000002437883b570 JavaThread "Execution worker Thread 10" [_thread_blocked, id=2544, stack(0x000000a6c5400000,0x000000a6c5500000)]
  0x000002437883d3d0 JavaThread "Execution worker Thread 11" [_thread_blocked, id=45976, stack(0x000000a6c5500000,0x000000a6c5600000)]
  0x000002437883e810 JavaThread "Execution worker Thread 12" [_thread_blocked, id=38640, stack(0x000000a6c5600000,0x000000a6c5700000)]
  0x000002437883d8e0 JavaThread "Execution worker Thread 13" [_thread_blocked, id=43796, stack(0x000000a6c5700000,0x000000a6c5800000)]
  0x000002437883b060 JavaThread "Execution worker Thread 14" [_thread_blocked, id=32256, stack(0x000000a6c5800000,0x000000a6c5900000)]
  0x000002437883f740 JavaThread "Execution worker Thread 15" [_thread_blocked, id=42560, stack(0x000000a6c5900000,0x000000a6c5a00000)]
  0x000002437883ddf0 JavaThread "Cache worker for execution history cache (C:\Users\Albin\Documents\EPSI\E5\inexia-connect\mobile\node_modules\@react-native\gradle-plugin\.gradle\8.0.1\executionHistory)" [_thread_blocked, id=41008, stack(0x000000a6c5a00000,0x000000a6c5b00000)]
  0x000002437883ed20 JavaThread "Unconstrained build operations Thread 27" [_thread_blocked, id=25112, stack(0x000000a6c2200000,0x000000a6c2300000)]
  0x000002437883e300 JavaThread "Unconstrained build operations Thread 28" [_thread_blocked, id=28244, stack(0x000000a6c4800000,0x000000a6c4900000)]
  0x000002437883f230 JavaThread "Unconstrained build operations Thread 29" [_thread_blocked, id=36820, stack(0x000000a6c5b00000,0x000000a6c5c00000)]
  0x000002437883bf90 JavaThread "Unconstrained build operations Thread 30" [_thread_blocked, id=27480, stack(0x000000a6c5c00000,0x000000a6c5d00000)]
  0x0000024378841090 JavaThread "Unconstrained build operations Thread 31" [_thread_blocked, id=6568, stack(0x000000a6c5e00000,0x000000a6c5f00000)]
  0x0000024378841fc0 JavaThread "Unconstrained build operations Thread 32" [_thread_blocked, id=45456, stack(0x000000a6c5f00000,0x000000a6c6000000)]
  0x0000024378840b80 JavaThread "Unconstrained build operations Thread 33" [_thread_blocked, id=22632, stack(0x000000a6c6000000,0x000000a6c6100000)]
  0x000002437883fc50 JavaThread "Unconstrained build operations Thread 34" [_thread_blocked, id=20468, stack(0x000000a6c6100000,0x000000a6c6200000)]
  0x0000024378840670 JavaThread "Unconstrained build operations Thread 35" [_thread_blocked, id=13656, stack(0x000000a6c6200000,0x000000a6c6300000)]
  0x00000243788424d0 JavaThread "Unconstrained build operations Thread 36" [_thread_blocked, id=46060, stack(0x000000a6c6300000,0x000000a6c6400000)]
  0x00000243788415a0 JavaThread "Unconstrained build operations Thread 37" [_thread_blocked, id=43104, stack(0x000000a6c6400000,0x000000a6c6500000)]
  0x0000024378840160 JavaThread "Unconstrained build operations Thread 38" [_thread_blocked, id=5952, stack(0x000000a6c6500000,0x000000a6c6600000)]
  0x00000243788429e0 JavaThread "Unconstrained build operations Thread 39" [_thread_blocked, id=14780, stack(0x000000a6c6600000,0x000000a6c6700000)]
  0x0000024378841ab0 JavaThread "Unconstrained build operations Thread 40" [_thread_blocked, id=46036, stack(0x000000a6c6700000,0x000000a6c6800000)]
  0x000002437968dab0 JavaThread "Unconstrained build operations Thread 41" [_thread_blocked, id=38852, stack(0x000000a6c6800000,0x000000a6c6900000)]
  0x000002437968d5a0 JavaThread "Unconstrained build operations Thread 42" [_thread_blocked, id=26992, stack(0x000000a6c6900000,0x000000a6c6a00000)]
  0x0000024379691770 JavaThread "Unconstrained build operations Thread 43" [_thread_blocked, id=27548, stack(0x000000a6c6a00000,0x000000a6c6b00000)]
  0x000002437968dfc0 JavaThread "Unconstrained build operations Thread 44" [_thread_blocked, id=34560, stack(0x000000a6c6b00000,0x000000a6c6c00000)]
  0x000002437968e4d0 JavaThread "Unconstrained build operations Thread 45" [_thread_blocked, id=36368, stack(0x000000a6c6c00000,0x000000a6c6d00000)]
  0x000002437968e9e0 JavaThread "Unconstrained build operations Thread 46" [_thread_blocked, id=15476, stack(0x000000a6c6d00000,0x000000a6c6e00000)]
  0x0000024379691c80 JavaThread "Unconstrained build operations Thread 47" [_thread_blocked, id=16820, stack(0x000000a6c6e00000,0x000000a6c6f00000)]
  0x000002437968f910 JavaThread "Unconstrained build operations Thread 48" [_thread_blocked, id=37324, stack(0x000000a6c6f00000,0x000000a6c7000000)]
  0x000002437968fe20 JavaThread "Unconstrained build operations Thread 49" [_thread_blocked, id=43260, stack(0x000000a6c7000000,0x000000a6c7100000)]
  0x0000024379690330 JavaThread "Unconstrained build operations Thread 50" [_thread_blocked, id=43180, stack(0x000000a6c7100000,0x000000a6c7200000)]
  0x000002437968f400 JavaThread "Unconstrained build operations Thread 51" [_thread_blocked, id=28288, stack(0x000000a6c7200000,0x000000a6c7300000)]
  0x0000024379692190 JavaThread "Unconstrained build operations Thread 52" [_thread_blocked, id=36148, stack(0x000000a6c7300000,0x000000a6c7400000)]
=>0x0000024379691260 JavaThread "WorkerExecutor Queue" [_thread_in_vm, id=17460, stack(0x000000a6c7400000,0x000000a6c7500000)]
  0x00000243796926a0 JavaThread "RMI Scheduler(0)" daemon [_thread_blocked, id=40804, stack(0x000000a6c5d00000,0x000000a6c5e00000)]
  0x000002437968eef0 JavaThread "RMI RenewClean-[127.0.0.1:17424,org.jetbrains.kotlin.daemon.common.LoopbackNetworkInterface$ClientLoopbackSocketFactory@65d7d93d]" daemon [_thread_blocked, id=44212, stack(0x000000a6c7600000,0x000000a6c7700000)]
  0x0000024379692bb0 JavaThread "RMI GC Daemon" daemon [_thread_blocked, id=45204, stack(0x000000a6c7700000,0x000000a6c7800000)]
  0x00000243796930c0 JavaThread "RMI TCP Accept-0" daemon [_thread_in_native, id=45588, stack(0x000000a6c7800000,0x000000a6c7900000)]
  0x0000024379693ff0 JavaThread "RMI Reaper" [_thread_blocked, id=45028, stack(0x000000a6c7900000,0x000000a6c7a00000)]
  0x0000024379693ae0 JavaThread "RMI TCP Connection(idle)" daemon [_thread_blocked, id=11316, stack(0x000000a6c7a00000,0x000000a6c7b00000)]
  0x0000024379694500 JavaThread "Thread-112" [_thread_in_native, id=44192, stack(0x000000a6bf000000,0x000000a6bf100000)]

Other Threads:
  0x000002436d482010 VMThread "VM Thread" [stack: 0x000000a6be600000,0x000000a6be700000] [id=44852]
  0x000002436d6056d0 WatcherThread [stack: 0x000000a6bf400000,0x000000a6bf500000] [id=12776]
  0x000002434c6a0060 GCTaskThread "GC Thread#0" [stack: 0x000000a6be100000,0x000000a6be200000] [id=32756]
  0x0000024373416320 GCTaskThread "GC Thread#1" [stack: 0x000000a6bf800000,0x000000a6bf900000] [id=35292]
  0x0000024373128390 GCTaskThread "GC Thread#2" [stack: 0x000000a6bf900000,0x000000a6bfa00000] [id=39916]
  0x0000024373128650 GCTaskThread "GC Thread#3" [stack: 0x000000a6bfa00000,0x000000a6bfb00000] [id=32908]
  0x000002437311cfb0 GCTaskThread "GC Thread#4" [stack: 0x000000a6bfb00000,0x000000a6bfc00000] [id=37348]
  0x0000024374d6c9f0 GCTaskThread "GC Thread#5" [stack: 0x000000a6c0d00000,0x000000a6c0e00000] [id=20892]
  0x00000243735cc870 GCTaskThread "GC Thread#6" [stack: 0x000000a6c0e00000,0x000000a6c0f00000] [id=8628]
  0x00000243752f5b20 GCTaskThread "GC Thread#7" [stack: 0x000000a6c0f00000,0x000000a6c1000000] [id=41268]
  0x00000243752f60a0 GCTaskThread "GC Thread#8" [stack: 0x000000a6c1000000,0x000000a6c1100000] [id=37912]
  0x00000243752f68e0 GCTaskThread "GC Thread#9" [stack: 0x000000a6c1100000,0x000000a6c1200000] [id=32736]
  0x00000243752f52e0 GCTaskThread "GC Thread#10" [stack: 0x000000a6c1200000,0x000000a6c1300000] [id=8696]
  0x00000243752f4d60 GCTaskThread "GC Thread#11" [stack: 0x000000a6c1300000,0x000000a6c1400000] [id=29072]
  0x00000243752f55a0 GCTaskThread "GC Thread#12" [stack: 0x000000a6c1400000,0x000000a6c1500000] [id=19616]
  0x000002434c6b0ec0 ConcurrentGCThread "G1 Main Marker" [stack: 0x000000a6be200000,0x000000a6be300000] [id=1956]
  0x000002434c6b3370 ConcurrentGCThread "G1 Conc#0" [stack: 0x000000a6be300000,0x000000a6be400000] [id=30356]
  0x00000243752f5860 ConcurrentGCThread "G1 Conc#1" [stack: 0x000000a6c1500000,0x000000a6c1600000] [id=41748]
  0x00000243752f6620 ConcurrentGCThread "G1 Conc#2" [stack: 0x000000a6c1600000,0x000000a6c1700000] [id=45812]
  0x000002436d2e7310 ConcurrentGCThread "G1 Refine#0" [stack: 0x000000a6be400000,0x000000a6be500000] [id=45876]
  0x000002436d2e9710 ConcurrentGCThread "G1 Service" [stack: 0x000000a6be500000,0x000000a6be600000] [id=39596]

Threads with active compile tasks:

VM state: not at safepoint (normal execution)

VM Mutex/Monitor currently owned by a thread:  ([mutex/lock_event])
[0x000002434c63c4b0] Metaspace_lock - owner thread: 0x0000024379691260

Heap address: 0x0000000080000000, size: 2048 MB, Compressed Oops mode: 32-bit

CDS archive(s) mapped at: [0x0000024300000000-0x0000024300bb0000-0x0000024300bb0000), size 12255232, SharedBaseAddress: 0x0000024300000000, ArchiveRelocationMode: 1.
Compressed class space mapped at: 0x0000024301000000-0x000002431b000000, reserved size: 436207616
Narrow klass base: 0x0000024300000000, Narrow klass shift: 0, Narrow klass range: 0x100000000

GC Precious Log:
 CPUs: 16 total, 16 available
 Memory: 14181M
 Large Page Support: Disabled
 NUMA Support: Disabled
 Compressed Oops: Enabled (32-bit)
 Heap Region Size: 1M
 Heap Min Capacity: 8M
 Heap Initial Capacity: 222M
 Heap Max Capacity: 2G
 Pre-touch: Disabled
 Parallel Workers: 13
 Concurrent Workers: 3
 Concurrent Refinement Workers: 13
 Periodic GC: Disabled

Heap:
 garbage-first heap   total 107520K, used 73680K [0x0000000080000000, 0x0000000100000000)
  region size 1024K, 17 young (17408K), 4 survivors (4096K)
 Metaspace       used 66255K, committed 67072K, reserved 491520K
  class space    used 9257K, committed 9664K, reserved 425984K

Heap Regions: E=young(eden), S=young(survivor), O=old, HS=humongous(starts), HC=humongous(continues), CS=collection set, F=free, OA=open archive, CA=closed archive, TAMS=top-at-mark-start (previous, next)
|   0|0x0000000080000000, 0x0000000080100000, 0x0000000080100000|100%|HS|  |TAMS 0x0000000080100000, 0x0000000080000000| Complete 
|   1|0x0000000080100000, 0x0000000080200000, 0x0000000080200000|100%|HC|  |TAMS 0x0000000080200000, 0x0000000080100000| Complete 
|   2|0x0000000080200000, 0x0000000080300000, 0x0000000080300000|100%|HC|  |TAMS 0x0000000080300000, 0x0000000080200000| Complete 
|   3|0x0000000080300000, 0x0000000080400000, 0x0000000080400000|100%|HC|  |TAMS 0x0000000080400000, 0x0000000080300000| Complete 
|   4|0x0000000080400000, 0x0000000080500000, 0x0000000080500000|100%| O|  |TAMS 0x0000000080500000, 0x0000000080400000| Untracked 
|   5|0x0000000080500000, 0x0000000080600000, 0x0000000080600000|100%| O|  |TAMS 0x0000000080600000, 0x0000000080500000| Untracked 
|   6|0x0000000080600000, 0x0000000080700000, 0x0000000080700000|100%| O|  |TAMS 0x0000000080700000, 0x0000000080600000| Untracked 
|   7|0x0000000080700000, 0x0000000080800000, 0x0000000080800000|100%| O|  |TAMS 0x0000000080800000, 0x0000000080700000| Untracked 
|   8|0x0000000080800000, 0x0000000080900000, 0x0000000080900000|100%| O|  |TAMS 0x0000000080900000, 0x0000000080800000| Untracked 
|   9|0x0000000080900000, 0x0000000080a00000, 0x0000000080a00000|100%| O|  |TAMS 0x0000000080a00000, 0x0000000080900000| Untracked 
|  10|0x0000000080a00000, 0x0000000080b00000, 0x0000000080b00000|100%| O|  |TAMS 0x0000000080b00000, 0x0000000080a00000| Untracked 
|  11|0x0000000080b00000, 0x0000000080c00000, 0x0000000080c00000|100%| O|  |TAMS 0x0000000080c00000, 0x0000000080b00000| Untracked 
|  12|0x0000000080c00000, 0x0000000080d00000, 0x0000000080d00000|100%| O|  |TAMS 0x0000000080d00000, 0x0000000080c00000| Untracked 
|  13|0x0000000080d00000, 0x0000000080e00000, 0x0000000080e00000|100%| O|  |TAMS 0x0000000080e00000, 0x0000000080d00000| Untracked 
|  14|0x0000000080e00000, 0x0000000080f00000, 0x0000000080f00000|100%| O|  |TAMS 0x0000000080f00000, 0x0000000080e00000| Untracked 
|  15|0x0000000080f00000, 0x0000000081000000, 0x0000000081000000|100%| O|  |TAMS 0x0000000081000000, 0x0000000080f00000| Untracked 
|  16|0x0000000081000000, 0x0000000081100000, 0x0000000081100000|100%| O|  |TAMS 0x0000000081100000, 0x0000000081000000| Untracked 
|  17|0x0000000081100000, 0x0000000081200000, 0x0000000081200000|100%| O|  |TAMS 0x0000000081200000, 0x0000000081100000| Untracked 
|  18|0x0000000081200000, 0x0000000081300000, 0x0000000081300000|100%| O|  |TAMS 0x0000000081300000, 0x0000000081200000| Untracked 
|  19|0x0000000081300000, 0x0000000081400000, 0x0000000081400000|100%| O|  |TAMS 0x0000000081400000, 0x0000000081300000| Untracked 
|  20|0x0000000081400000, 0x0000000081500000, 0x0000000081500000|100%| O|  |TAMS 0x0000000081500000, 0x0000000081400000| Untracked 
|  21|0x0000000081500000, 0x0000000081600000, 0x0000000081600000|100%| O|  |TAMS 0x0000000081600000, 0x0000000081500000| Untracked 
|  22|0x0000000081600000, 0x0000000081700000, 0x0000000081700000|100%| O|  |TAMS 0x0000000081700000, 0x0000000081600000| Untracked 
|  23|0x0000000081700000, 0x0000000081800000, 0x0000000081800000|100%| O|  |TAMS 0x0000000081800000, 0x0000000081700000| Untracked 
|  24|0x0000000081800000, 0x0000000081900000, 0x0000000081900000|100%| O|  |TAMS 0x0000000081900000, 0x0000000081800000| Untracked 
|  25|0x0000000081900000, 0x0000000081a00000, 0x0000000081a00000|100%| O|  |TAMS 0x0000000081a00000, 0x0000000081900000| Complete 
|  26|0x0000000081a00000, 0x0000000081b00000, 0x0000000081b00000|100%| O|  |TAMS 0x0000000081b00000, 0x0000000081a00000| Untracked 
|  27|0x0000000081b00000, 0x0000000081c00000, 0x0000000081c00000|100%| O|  |TAMS 0x0000000081c00000, 0x0000000081b00000| Untracked 
|  28|0x0000000081c00000, 0x0000000081d00000, 0x0000000081d00000|100%| O|  |TAMS 0x0000000081d00000, 0x0000000081c00000| Untracked 
|  29|0x0000000081d00000, 0x0000000081e00000, 0x0000000081e00000|100%| O|  |TAMS 0x0000000081e00000, 0x0000000081d00000| Untracked 
|  30|0x0000000081e00000, 0x0000000081f00000, 0x0000000081f00000|100%| O|  |TAMS 0x0000000081f00000, 0x0000000081e00000| Untracked 
|  31|0x0000000081f00000, 0x0000000082000000, 0x0000000082000000|100%| O|  |TAMS 0x0000000082000000, 0x0000000081f00000| Untracked 
|  32|0x0000000082000000, 0x0000000082100000, 0x0000000082100000|100%| O|  |TAMS 0x0000000082100000, 0x0000000082000000| Untracked 
|  33|0x0000000082100000, 0x0000000082200000, 0x0000000082200000|100%| O|  |TAMS 0x0000000082200000, 0x0000000082100000| Untracked 
|  34|0x0000000082200000, 0x0000000082300000, 0x0000000082300000|100%| O|  |TAMS 0x0000000082300000, 0x0000000082200000| Untracked 
|  35|0x0000000082300000, 0x0000000082400000, 0x0000000082400000|100%| O|  |TAMS 0x0000000082400000, 0x0000000082300000| Untracked 
|  36|0x0000000082400000, 0x0000000082500000, 0x0000000082500000|100%| O|  |TAMS 0x0000000082500000, 0x0000000082400000| Untracked 
|  37|0x0000000082500000, 0x0000000082600000, 0x0000000082600000|100%|HS|  |TAMS 0x0000000082600000, 0x0000000082500000| Complete 
|  38|0x0000000082600000, 0x0000000082700000, 0x0000000082700000|100%|HC|  |TAMS 0x0000000082700000, 0x0000000082600000| Complete 
|  39|0x0000000082700000, 0x0000000082800000, 0x0000000082800000|100%|HS|  |TAMS 0x0000000082800000, 0x0000000082700000| Complete 
|  40|0x0000000082800000, 0x0000000082900000, 0x0000000082900000|100%|HC|  |TAMS 0x0000000082900000, 0x0000000082800000| Complete 
|  41|0x0000000082900000, 0x0000000082a00000, 0x0000000082a00000|100%|HC|  |TAMS 0x0000000082a00000, 0x0000000082900000| Complete 
|  42|0x0000000082a00000, 0x0000000082b00000, 0x0000000082b00000|100%|HC|  |TAMS 0x0000000082b00000, 0x0000000082a00000| Complete 
|  43|0x0000000082b00000, 0x0000000082c00000, 0x0000000082c00000|100%| O|  |TAMS 0x0000000082c00000, 0x0000000082b00000| Untracked 
|  44|0x0000000082c00000, 0x0000000082d00000, 0x0000000082d00000|100%| O|  |TAMS 0x0000000082d00000, 0x0000000082c00000| Untracked 
|  45|0x0000000082d00000, 0x0000000082e00000, 0x0000000082e00000|100%| O|  |TAMS 0x0000000082e00000, 0x0000000082d00000| Untracked 
|  46|0x0000000082e00000, 0x0000000082f00000, 0x0000000082f00000|100%| O|  |TAMS 0x0000000082f00000, 0x0000000082e00000| Untracked 
|  47|0x0000000082f00000, 0x0000000083000000, 0x0000000083000000|100%| O|  |TAMS 0x0000000083000000, 0x0000000082f00000| Untracked 
|  48|0x0000000083000000, 0x0000000083100000, 0x0000000083100000|100%| O|  |TAMS 0x0000000083100000, 0x0000000083000000| Untracked 
|  49|0x0000000083100000, 0x0000000083200000, 0x0000000083200000|100%| O|  |TAMS 0x0000000083200000, 0x0000000083100000| Untracked 
|  50|0x0000000083200000, 0x0000000083300000, 0x0000000083300000|100%| O|  |TAMS 0x0000000083300000, 0x0000000083200000| Untracked 
|  51|0x0000000083300000, 0x0000000083400000, 0x0000000083400000|100%| O|  |TAMS 0x0000000083400000, 0x0000000083300000| Untracked 
|  52|0x0000000083400000, 0x0000000083500000, 0x0000000083500000|100%| O|  |TAMS 0x0000000083500000, 0x0000000083400000| Untracked 
|  53|0x0000000083500000, 0x0000000083600000, 0x0000000083600000|100%| O|  |TAMS 0x0000000083600000, 0x0000000083500000| Untracked 
|  54|0x0000000083600000, 0x0000000083700000, 0x0000000083700000|100%| O|  |TAMS 0x0000000083700000, 0x0000000083600000| Untracked 
|  55|0x0000000083700000, 0x0000000083800000, 0x0000000083800000|100%| O|  |TAMS 0x0000000083800000, 0x0000000083700000| Untracked 
|  56|0x0000000083800000, 0x00000000838f4200, 0x0000000083900000| 95%| O|  |TAMS 0x00000000838bae00, 0x0000000083800000| Untracked 
|  57|0x0000000083900000, 0x0000000083900000, 0x0000000083a00000|  0%| F|  |TAMS 0x0000000083900000, 0x0000000083900000| Untracked 
|  58|0x0000000083a00000, 0x0000000083a00000, 0x0000000083b00000|  0%| F|  |TAMS 0x0000000083a00000, 0x0000000083a00000| Untracked 
|  59|0x0000000083b00000, 0x0000000083b00000, 0x0000000083c00000|  0%| F|  |TAMS 0x0000000083b00000, 0x0000000083b00000| Untracked 
|  60|0x0000000083c00000, 0x0000000083c00000, 0x0000000083d00000|  0%| F|  |TAMS 0x0000000083c00000, 0x0000000083c00000| Untracked 
|  61|0x0000000083d00000, 0x0000000083d00000, 0x0000000083e00000|  0%| F|  |TAMS 0x0000000083d00000, 0x0000000083d00000| Untracked 
|  62|0x0000000083e00000, 0x0000000083e00000, 0x0000000083f00000|  0%| F|  |TAMS 0x0000000083e00000, 0x0000000083e00000| Untracked 
|  63|0x0000000083f00000, 0x0000000083f00000, 0x0000000084000000|  0%| F|  |TAMS 0x0000000083f00000, 0x0000000083f00000| Untracked 
|  64|0x0000000084000000, 0x0000000084000000, 0x0000000084100000|  0%| F|  |TAMS 0x0000000084000000, 0x0000000084000000| Untracked 
|  65|0x0000000084100000, 0x0000000084100000, 0x0000000084200000|  0%| F|  |TAMS 0x0000000084100000, 0x0000000084100000| Untracked 
|  66|0x0000000084200000, 0x0000000084200000, 0x0000000084300000|  0%| F|  |TAMS 0x0000000084200000, 0x0000000084200000| Untracked 
|  67|0x0000000084300000, 0x0000000084300000, 0x0000000084400000|  0%| F|  |TAMS 0x0000000084300000, 0x0000000084300000| Untracked 
|  68|0x0000000084400000, 0x0000000084400000, 0x0000000084500000|  0%| F|  |TAMS 0x0000000084400000, 0x0000000084400000| Untracked 
|  69|0x0000000084500000, 0x0000000084500000, 0x0000000084600000|  0%| F|  |TAMS 0x0000000084500000, 0x0000000084500000| Untracked 
|  70|0x0000000084600000, 0x0000000084600000, 0x0000000084700000|  0%| F|  |TAMS 0x0000000084600000, 0x0000000084600000| Untracked 
|  71|0x0000000084700000, 0x0000000084800000, 0x0000000084800000|100%| S|CS|TAMS 0x0000000084700000, 0x0000000084700000| Complete 
|  72|0x0000000084800000, 0x0000000084900000, 0x0000000084900000|100%| S|CS|TAMS 0x0000000084800000, 0x0000000084800000| Complete 
|  73|0x0000000084900000, 0x0000000084a00000, 0x0000000084a00000|100%| S|CS|TAMS 0x0000000084900000, 0x0000000084900000| Complete 
|  74|0x0000000084a00000, 0x0000000084b00000, 0x0000000084b00000|100%| S|CS|TAMS 0x0000000084a00000, 0x0000000084a00000| Complete 
|  75|0x0000000084b00000, 0x0000000084b00000, 0x0000000084c00000|  0%| F|  |TAMS 0x0000000084b00000, 0x0000000084b00000| Untracked 
|  76|0x0000000084c00000, 0x0000000084c00000, 0x0000000084d00000|  0%| F|  |TAMS 0x0000000084c00000, 0x0000000084c00000| Untracked 
|  77|0x0000000084d00000, 0x0000000084d00000, 0x0000000084e00000|  0%| F|  |TAMS 0x0000000084d00000, 0x0000000084d00000| Untracked 
|  78|0x0000000084e00000, 0x0000000084e00000, 0x0000000084f00000|  0%| F|  |TAMS 0x0000000084e00000, 0x0000000084e00000| Untracked 
|  79|0x0000000084f00000, 0x0000000084f00000, 0x0000000085000000|  0%| F|  |TAMS 0x0000000084f00000, 0x0000000084f00000| Untracked 
|  80|0x0000000085000000, 0x0000000085000000, 0x0000000085100000|  0%| F|  |TAMS 0x0000000085000000, 0x0000000085000000| Untracked 
|  81|0x0000000085100000, 0x0000000085100000, 0x0000000085200000|  0%| F|  |TAMS 0x0000000085100000, 0x0000000085100000| Untracked 
|  82|0x0000000085200000, 0x0000000085200000, 0x0000000085300000|  0%| F|  |TAMS 0x0000000085200000, 0x0000000085200000| Untracked 
|  83|0x0000000085300000, 0x0000000085300000, 0x0000000085400000|  0%| F|  |TAMS 0x0000000085300000, 0x0000000085300000| Untracked 
|  84|0x0000000085400000, 0x0000000085400000, 0x0000000085500000|  0%| F|  |TAMS 0x0000000085400000, 0x0000000085400000| Untracked 
|  85|0x0000000085500000, 0x0000000085500000, 0x0000000085600000|  0%| F|  |TAMS 0x0000000085500000, 0x0000000085500000| Untracked 
|  86|0x0000000085600000, 0x0000000085600000, 0x0000000085700000|  0%| F|  |TAMS 0x0000000085600000, 0x0000000085600000| Untracked 
|  87|0x0000000085700000, 0x0000000085700000, 0x0000000085800000|  0%| F|  |TAMS 0x0000000085700000, 0x0000000085700000| Untracked 
|  88|0x0000000085800000, 0x0000000085800000, 0x0000000085900000|  0%| F|  |TAMS 0x0000000085800000, 0x0000000085800000| Untracked 
|  89|0x0000000085900000, 0x0000000085900000, 0x0000000085a00000|  0%| F|  |TAMS 0x0000000085900000, 0x0000000085900000| Untracked 
|  90|0x0000000085a00000, 0x0000000085a00000, 0x0000000085b00000|  0%| F|  |TAMS 0x0000000085a00000, 0x0000000085a00000| Untracked 
|  91|0x0000000085b00000, 0x0000000085b00000, 0x0000000085c00000|  0%| F|  |TAMS 0x0000000085b00000, 0x0000000085b00000| Untracked 
| 105|0x0000000086900000, 0x00000000869ea1c8, 0x0000000086a00000| 91%| E|  |TAMS 0x0000000086900000, 0x0000000086900000| Complete 
| 106|0x0000000086a00000, 0x0000000086b00000, 0x0000000086b00000|100%| E|CS|TAMS 0x0000000086a00000, 0x0000000086a00000| Complete 
| 107|0x0000000086b00000, 0x0000000086c00000, 0x0000000086c00000|100%| E|CS|TAMS 0x0000000086b00000, 0x0000000086b00000| Complete 
| 108|0x0000000086c00000, 0x0000000086d00000, 0x0000000086d00000|100%| E|CS|TAMS 0x0000000086c00000, 0x0000000086c00000| Complete 
| 109|0x0000000086d00000, 0x0000000086e00000, 0x0000000086e00000|100%| E|CS|TAMS 0x0000000086d00000, 0x0000000086d00000| Complete 
| 110|0x0000000086e00000, 0x0000000086f00000, 0x0000000086f00000|100%| E|CS|TAMS 0x0000000086e00000, 0x0000000086e00000| Complete 
| 111|0x0000000086f00000, 0x0000000087000000, 0x0000000087000000|100%| E|CS|TAMS 0x0000000086f00000, 0x0000000086f00000| Complete 
| 112|0x0000000087000000, 0x0000000087100000, 0x0000000087100000|100%| E|  |TAMS 0x0000000087000000, 0x0000000087000000| Complete 
| 113|0x0000000087100000, 0x0000000087200000, 0x0000000087200000|100%| E|CS|TAMS 0x0000000087100000, 0x0000000087100000| Complete 
| 114|0x0000000087200000, 0x0000000087300000, 0x0000000087300000|100%| E|CS|TAMS 0x0000000087200000, 0x0000000087200000| Complete 
| 115|0x0000000087300000, 0x0000000087400000, 0x0000000087400000|100%| E|CS|TAMS 0x0000000087300000, 0x0000000087300000| Complete 
| 116|0x0000000087400000, 0x0000000087500000, 0x0000000087500000|100%| E|CS|TAMS 0x0000000087400000, 0x0000000087400000| Complete 
| 221|0x000000008dd00000, 0x000000008de00000, 0x000000008de00000|100%| E|CS|TAMS 0x000000008dd00000, 0x000000008dd00000| Complete 

Card table byte_map: [0x0000024365b70000,0x0000024365f70000] _byte_map_base: 0x0000024365770000

Marking Bits (Prev, Next): (CMBitMap*) 0x000002434c6a05d0, (CMBitMap*) 0x000002434c6a0590
 Prev Bits: [0x0000024368370000, 0x000002436a370000)
 Next Bits: [0x0000024366370000, 0x0000024368370000)

Polling page: 0x000002434c6f0000

Metaspace:

Usage:
  Non-class:     55.66 MB used.
      Class:      9.04 MB used.
       Both:     64.70 MB used.

Virtual space:
  Non-class space:       64.00 MB reserved,      56.06 MB ( 88%) committed,  1 nodes.
      Class space:      416.00 MB reserved,       9.44 MB (  2%) committed,  1 nodes.
             Both:      480.00 MB reserved,      65.50 MB ( 14%) committed. 

Chunk freelists:
   Non-Class:  7.80 MB
       Class:  6.47 MB
        Both:  14.26 MB

MaxMetaspaceSize: 512.00 MB
CompressedClassSpaceSize: 416.00 MB
Initial GC threshold: 21.00 MB
Current GC threshold: 105.44 MB
CDS: on
MetaspaceReclaimPolicy: balanced
 - commit_granule_bytes: 65536.
 - commit_granule_words: 8192.
 - virtual_space_node_default_size: 8388608.
 - enlarge_chunks_in_place: 1.
 - new_chunks_are_fully_committed: 0.
 - uncommit_free_chunks: 1.
 - use_allocation_guard: 0.
 - handle_deallocations: 1.


Internal statistics:

num_allocs_failed_limit: 6.
num_arena_births: 966.
num_arena_deaths: 0.
num_vsnodes_births: 2.
num_vsnodes_deaths: 0.
num_space_committed: 1048.
num_space_uncommitted: 0.
num_chunks_returned_to_freelist: 6.
num_chunks_taken_from_freelist: 3699.
num_chunk_merges: 6.
num_chunk_splits: 2419.
num_chunks_enlarged: 1534.
num_inconsistent_stats: 0.

CodeHeap 'non-profiled nmethods': size=119168Kb used=4872Kb max_used=4872Kb free=114295Kb
 bounds [0x000002435d330000, 0x000002435d800000, 0x0000024364790000]
CodeHeap 'profiled nmethods': size=119104Kb used=18136Kb max_used=18136Kb free=100968Kb
 bounds [0x0000024355790000, 0x0000024356950000, 0x000002435cbe0000]
CodeHeap 'non-nmethods': size=7488Kb used=2391Kb max_used=4136Kb free=5096Kb
 bounds [0x000002435cbe0000, 0x000002435cff0000, 0x000002435d330000]
 total_blobs=9753 nmethods=8831 adapters=834
 compilation: enabled
              stopped_count=0, restarted_count=0
 full_count=0

Compilation events (20 events):
Event: 40.020 Thread 0x000002436d4b1d70 9541       3       org.gradle.internal.logging.text.AbstractLineChoppingStyledTextOutput$1::execute (9 bytes)
Event: 40.021 Thread 0x000002436d4b1d70 nmethod 9541 0x0000024356944490 code [0x0000024356944640, 0x0000024356944868]
Event: 40.028 Thread 0x000002436d4b1d70 9542       3       org.gradle.internal.serialize.kryo.KryoBackedEncoder::writeLong (9 bytes)
Event: 40.029 Thread 0x000002436d4b1d70 nmethod 9542 0x0000024356944910 code [0x0000024356944ac0, 0x0000024356944c28]
Event: 40.029 Thread 0x000002436d4b1d70 9543       3       com.esotericsoftware.kryo.io.Output::writeLong (162 bytes)
Event: 40.029 Thread 0x000002436d4b1d70 nmethod 9543 0x0000024356944d10 code [0x0000024356944ec0, 0x00000243569451c8]
Event: 40.038 Thread 0x000002436d4b1d70 9544       1       sun.security.provider.DigestBase::engineGetDigestLength (5 bytes)
Event: 40.038 Thread 0x000002436d4b1d70 nmethod 9544 0x000002435d7ee990 code [0x000002435d7eeb20, 0x000002435d7eebf8]
Event: 40.041 Thread 0x000002436d4b1d70 9545   !   3       java.io.Writer::write (52 bytes)
Event: 40.042 Thread 0x000002436d4b1d70 nmethod 9545 0x0000024356945390 code [0x0000024356945560, 0x00000243569459a8]
Event: 40.042 Thread 0x000002436d4b1d70 9546       3       org.apache.groovy.io.StringBuilderWriter::write (16 bytes)
Event: 40.042 Thread 0x000002436d4b1d70 nmethod 9546 0x0000024356945b90 code [0x0000024356945d40, 0x0000024356945f28]
Event: 40.043 Thread 0x000002436d49d7c0 9547       4       java.lang.AbstractStringBuilder::append (33 bytes)
Event: 40.067 Thread 0x000002436d49d7c0 nmethod 9547 0x000002435d7eec90 code [0x000002435d7eee40, 0x000002435d7ef6d8]
Event: 40.067 Thread 0x000002436d49d7c0 9548   !   4       java.io.Writer::write (52 bytes)
Event: 40.085 Thread 0x000002436d49d7c0 nmethod 9548 0x000002435d7efb10 code [0x000002435d7efcc0, 0x000002435d7f07f8]
Event: 40.086 Thread 0x000002436d49d7c0 9549       4       org.apache.groovy.io.StringBuilderWriter::write (16 bytes)
Event: 40.109 Thread 0x000002436d49d7c0 nmethod 9549 0x000002435d7f0d10 code [0x000002435d7f0ec0, 0x000002435d7f1778]
Event: 40.109 Thread 0x000002436d49d7c0 9550       4       java.lang.Character::isLetterOrDigit (5 bytes)
Event: 40.111 Thread 0x000002436d49d7c0 nmethod 9550 0x000002435d7f1c90 code [0x000002435d7f1e20, 0x000002435d7f1f18]

GC Heap History (20 events):
Event: 25.260 GC heap before
{Heap before GC invocations=17 (full 0):
 garbage-first heap   total 81920K, used 65985K [0x0000000080000000, 0x0000000100000000)
  region size 1024K, 22 young (22528K), 4 survivors (4096K)
 Metaspace       used 48315K, committed 48960K, reserved 491520K
  class space    used 6746K, committed 7040K, reserved 425984K
}
Event: 25.265 GC heap after
{Heap after GC invocations=18 (full 0):
 garbage-first heap   total 81920K, used 48543K [0x0000000080000000, 0x0000000100000000)
  region size 1024K, 1 young (1024K), 1 survivors (1024K)
 Metaspace       used 48315K, committed 48960K, reserved 491520K
  class space    used 6746K, committed 7040K, reserved 425984K
}
Event: 25.920 GC heap before
{Heap before GC invocations=19 (full 0):
 garbage-first heap   total 86016K, used 66975K [0x0000000080000000, 0x0000000100000000)
  region size 1024K, 19 young (19456K), 1 survivors (1024K)
 Metaspace       used 50195K, committed 50816K, reserved 491520K
  class space    used 7004K, committed 7296K, reserved 425984K
}
Event: 25.923 GC heap after
{Heap after GC invocations=20 (full 0):
 garbage-first heap   total 86016K, used 49558K [0x0000000080000000, 0x0000000100000000)
  region size 1024K, 2 young (2048K), 2 survivors (2048K)
 Metaspace       used 50195K, committed 50816K, reserved 491520K
  class space    used 7004K, committed 7296K, reserved 425984K
}
Event: 26.562 GC heap before
{Heap before GC invocations=20 (full 0):
 garbage-first heap   total 86016K, used 70038K [0x0000000080000000, 0x0000000100000000)
  region size 1024K, 22 young (22528K), 2 survivors (2048K)
 Metaspace       used 52907K, committed 53568K, reserved 491520K
  class space    used 7381K, committed 7680K, reserved 425984K
}
Event: 26.566 GC heap after
{Heap after GC invocations=21 (full 0):
 garbage-first heap   total 86016K, used 50530K [0x0000000080000000, 0x0000000100000000)
  region size 1024K, 3 young (3072K), 3 survivors (3072K)
 Metaspace       used 52907K, committed 53568K, reserved 491520K
  class space    used 7381K, committed 7680K, reserved 425984K
}
Event: 27.298 GC heap before
{Heap before GC invocations=22 (full 0):
 garbage-first heap   total 92160K, used 68962K [0x0000000080000000, 0x0000000100000000)
  region size 1024K, 22 young (22528K), 3 survivors (3072K)
 Metaspace       used 54811K, committed 55488K, reserved 491520K
  class space    used 7604K, committed 7936K, reserved 425984K
}
Event: 27.302 GC heap after
{Heap after GC invocations=23 (full 0):
 garbage-first heap   total 92160K, used 52463K [0x0000000080000000, 0x0000000100000000)
  region size 1024K, 3 young (3072K), 3 survivors (3072K)
 Metaspace       used 54811K, committed 55488K, reserved 491520K
  class space    used 7604K, committed 7936K, reserved 425984K
}
Event: 27.338 GC heap before
{Heap before GC invocations=23 (full 0):
 garbage-first heap   total 92160K, used 53487K [0x0000000080000000, 0x0000000100000000)
  region size 1024K, 4 young (4096K), 3 survivors (3072K)
 Metaspace       used 54815K, committed 55488K, reserved 491520K
  class space    used 7604K, committed 7936K, reserved 425984K
}
Event: 27.341 GC heap after
{Heap after GC invocations=24 (full 0):
 garbage-first heap   total 92160K, used 52588K [0x0000000080000000, 0x0000000100000000)
  region size 1024K, 1 young (1024K), 1 survivors (1024K)
 Metaspace       used 54815K, committed 55488K, reserved 491520K
  class space    used 7604K, committed 7936K, reserved 425984K
}
Event: 28.211 GC heap before
{Heap before GC invocations=24 (full 0):
 garbage-first heap   total 92160K, used 75116K [0x0000000080000000, 0x0000000100000000)
  region size 1024K, 23 young (23552K), 1 survivors (1024K)
 Metaspace       used 56972K, committed 57728K, reserved 491520K
  class space    used 7916K, committed 8256K, reserved 425984K
}
Event: 28.215 GC heap after
{Heap after GC invocations=25 (full 0):
 garbage-first heap   total 92160K, used 53518K [0x0000000080000000, 0x0000000100000000)
  region size 1024K, 2 young (2048K), 2 survivors (2048K)
 Metaspace       used 56972K, committed 57728K, reserved 491520K
  class space    used 7916K, committed 8256K, reserved 425984K
}
Event: 28.734 GC heap before
{Heap before GC invocations=26 (full 0):
 garbage-first heap   total 94208K, used 75022K [0x0000000080000000, 0x0000000100000000)
  region size 1024K, 23 young (23552K), 2 survivors (2048K)
 Metaspace       used 58177K, committed 58880K, reserved 491520K
  class space    used 8122K, committed 8448K, reserved 425984K
}
Event: 28.739 GC heap after
{Heap after GC invocations=27 (full 0):
 garbage-first heap   total 94208K, used 55363K [0x0000000080000000, 0x0000000100000000)
  region size 1024K, 3 young (3072K), 3 survivors (3072K)
 Metaspace       used 58177K, committed 58880K, reserved 491520K
  class space    used 8122K, committed 8448K, reserved 425984K
}
Event: 29.665 GC heap before
{Heap before GC invocations=27 (full 0):
 garbage-first heap   total 94208K, used 76867K [0x0000000080000000, 0x0000000100000000)
  region size 1024K, 24 young (24576K), 3 survivors (3072K)
 Metaspace       used 59540K, committed 60288K, reserved 491520K
  class space    used 8283K, committed 8640K, reserved 425984K
}
Event: 29.670 GC heap after
{Heap after GC invocations=28 (full 0):
 garbage-first heap   total 94208K, used 58182K [0x0000000080000000, 0x0000000100000000)
  region size 1024K, 3 young (3072K), 3 survivors (3072K)
 Metaspace       used 59540K, committed 60288K, reserved 491520K
  class space    used 8283K, committed 8640K, reserved 425984K
}
Event: 30.470 GC heap before
{Heap before GC invocations=29 (full 0):
 garbage-first heap   total 102400K, used 75590K [0x0000000080000000, 0x0000000100000000)
  region size 1024K, 21 young (21504K), 3 survivors (3072K)
 Metaspace       used 61317K, committed 62016K, reserved 491520K
  class space    used 8567K, committed 8896K, reserved 425984K
}
Event: 30.477 GC heap after
{Heap after GC invocations=30 (full 0):
 garbage-first heap   total 102400K, used 60338K [0x0000000080000000, 0x0000000100000000)
  region size 1024K, 3 young (3072K), 3 survivors (3072K)
 Metaspace       used 61317K, committed 62016K, reserved 491520K
  class space    used 8567K, committed 8896K, reserved 425984K
}
Event: 31.422 GC heap before
{Heap before GC invocations=30 (full 0):
 garbage-first heap   total 102400K, used 81842K [0x0000000080000000, 0x0000000100000000)
  region size 1024K, 25 young (25600K), 3 survivors (3072K)
 Metaspace       used 63880K, committed 64640K, reserved 491520K
  class space    used 8881K, committed 9280K, reserved 425984K
}
Event: 31.428 GC heap after
{Heap after GC invocations=31 (full 0):
 garbage-first heap   total 102400K, used 62416K [0x0000000080000000, 0x0000000100000000)
  region size 1024K, 4 young (4096K), 4 survivors (4096K)
 Metaspace       used 63880K, committed 64640K, reserved 491520K
  class space    used 8881K, committed 9280K, reserved 425984K
}

Dll operation events (15 events):
Event: 0.016 Loaded shared library C:\Program Files\Eclipse Adoptium\jdk-17.0.19.10-hotspot\bin\java.dll
Event: 0.043 Loaded shared library C:\Program Files\Eclipse Adoptium\jdk-17.0.19.10-hotspot\bin\jsvml.dll
Event: 0.132 Loaded shared library C:\Program Files\Eclipse Adoptium\jdk-17.0.19.10-hotspot\bin\net.dll
Event: 0.135 Loaded shared library C:\Program Files\Eclipse Adoptium\jdk-17.0.19.10-hotspot\bin\nio.dll
Event: 0.144 Loaded shared library C:\Program Files\Eclipse Adoptium\jdk-17.0.19.10-hotspot\bin\zip.dll
Event: 0.521 Loaded shared library C:\Program Files\Eclipse Adoptium\jdk-17.0.19.10-hotspot\bin\jimage.dll
Event: 0.660 Loaded shared library C:\Program Files\Eclipse Adoptium\jdk-17.0.19.10-hotspot\bin\verify.dll
Event: 1.029 Loaded shared library C:\Users\Albin\.gradle\native\68d5fa5c4cc2d200863cafc0d521ce42e7d3e7ee720ec0a83991735586a16f82\windows-amd64\native-platform.dll
Event: 1.039 Loaded shared library C:\Users\Albin\.gradle\native\e376f236ea51e6404a007f0833ffe2c6e607c4080706a723a18a27aeea778392\windows-amd64\native-platform-file-events.dll
Event: 2.628 Loaded shared library C:\Program Files\Eclipse Adoptium\jdk-17.0.19.10-hotspot\bin\management.dll
Event: 2.634 Loaded shared library C:\Program Files\Eclipse Adoptium\jdk-17.0.19.10-hotspot\bin\management_ext.dll
Event: 3.076 Loaded shared library C:\Program Files\Eclipse Adoptium\jdk-17.0.19.10-hotspot\bin\extnet.dll
Event: 3.794 Loaded shared library C:\Program Files\Eclipse Adoptium\jdk-17.0.19.10-hotspot\bin\sunmscapi.dll
Event: 31.788 Loaded shared library C:\Users\Albin\AppData\Local\Temp\native-platform14926958433743045950dir\native-platform.dll
Event: 33.148 Loaded shared library C:\Program Files\Eclipse Adoptium\jdk-17.0.19.10-hotspot\bin\rmi.dll

Deoptimization events (20 events):
Event: 33.353 Thread 0x0000024379693ae0 Uncommon trap: trap_request=0xffffffde fr.pc=0x000002435d3eaeec relative=0x000000000000014c
Event: 33.353 Thread 0x0000024379693ae0 Uncommon trap: reason=class_check action=maybe_recompile pc=0x000002435d3eaeec method=java.lang.reflect.Array.newInstance(Ljava/lang/Class;I)Ljava/lang/Object; @ 2 c2
Event: 33.353 Thread 0x0000024379693ae0 DEOPT PACKING pc=0x000002435d3eaeec sp=0x000000a6c7afe010
Event: 33.353 Thread 0x0000024379693ae0 DEOPT UNPACKING pc=0x000002435cc369a3 sp=0x000000a6c7afdfa8 mode 2
Event: 33.354 Thread 0x0000024379693ae0 Uncommon trap: trap_request=0xffffffc6 fr.pc=0x000002435d6b6ba8 relative=0x0000000000000c28
Event: 33.354 Thread 0x0000024379693ae0 Uncommon trap: reason=bimorphic_or_optimized_type_check action=maybe_recompile pc=0x000002435d6b6ba8 method=java.util.Hashtable.put(Ljava/lang/Object;Ljava/lang/Object;)Ljava/lang/Object; @ 18 c2
Event: 33.354 Thread 0x0000024379693ae0 DEOPT PACKING pc=0x000002435d6b6ba8 sp=0x000000a6c7afe560
Event: 33.354 Thread 0x0000024379693ae0 DEOPT UNPACKING pc=0x000002435cc369a3 sp=0x000000a6c7afe528 mode 2
Event: 33.354 Thread 0x0000024379693ae0 Uncommon trap: trap_request=0xffffffc6 fr.pc=0x000002435d6b6ba8 relative=0x0000000000000c28
Event: 33.354 Thread 0x0000024379693ae0 Uncommon trap: reason=bimorphic_or_optimized_type_check action=maybe_recompile pc=0x000002435d6b6ba8 method=java.util.Hashtable.put(Ljava/lang/Object;Ljava/lang/Object;)Ljava/lang/Object; @ 18 c2
Event: 33.354 Thread 0x0000024379693ae0 DEOPT PACKING pc=0x000002435d6b6ba8 sp=0x000000a6c7afe560
Event: 33.354 Thread 0x0000024379693ae0 DEOPT UNPACKING pc=0x000002435cc369a3 sp=0x000000a6c7afe528 mode 2
Event: 39.992 Thread 0x0000024379691260 Uncommon trap: trap_request=0xffffff45 fr.pc=0x000002435d49b30c relative=0x00000000000023ac
Event: 39.992 Thread 0x0000024379691260 Uncommon trap: reason=unstable_if action=reinterpret pc=0x000002435d49b30c method=org.gradle.internal.logging.text.AbstractLineChoppingStyledTextOutput$2.execute(Lorg/gradle/internal/logging/text/AbstractLineChoppingStyledTextOutput$StateContext;)V @ 34 c
Event: 39.992 Thread 0x0000024379691260 DEOPT PACKING pc=0x000002435d49b30c sp=0x000000a6c74fcff0
Event: 39.992 Thread 0x0000024379691260 DEOPT UNPACKING pc=0x000002435cc369a3 sp=0x000000a6c74fce78 mode 2
Event: 40.020 Thread 0x0000024379691260 Uncommon trap: trap_request=0xffffff45 fr.pc=0x000002435d4697b8 relative=0x0000000000000538
Event: 40.020 Thread 0x0000024379691260 Uncommon trap: reason=unstable_if action=reinterpret pc=0x000002435d4697b8 method=org.gradle.internal.logging.text.AbstractLineChoppingStyledTextOutput$2.execute(Lorg/gradle/internal/logging/text/AbstractLineChoppingStyledTextOutput$StateContext;)V @ 34 c
Event: 40.020 Thread 0x0000024379691260 DEOPT PACKING pc=0x000002435d4697b8 sp=0x000000a6c74fcfe0
Event: 40.020 Thread 0x0000024379691260 DEOPT UNPACKING pc=0x000002435cc369a3 sp=0x000000a6c74fce68 mode 2

Classes loaded (20 events):
Event: 33.278 Loading class sun/rmi/transport/DGCAckHandler$1
Event: 33.279 Loading class sun/rmi/transport/DGCAckHandler$1 done
Event: 33.337 Loading class sun/rmi/transport/tcp/TCPTransport$ConnectionHandler
Event: 33.337 Loading class sun/rmi/transport/tcp/TCPTransport$ConnectionHandler done
Event: 33.350 Loading class sun/rmi/transport/Transport$1
Event: 33.351 Loading class sun/rmi/transport/Transport$1 done
Event: 33.353 Loading class sun/rmi/transport/DGCImpl$LeaseInfo
Event: 33.353 Loading class sun/rmi/transport/DGCImpl$LeaseInfo done
Event: 33.353 Loading class sun/rmi/transport/DGCImpl$1
Event: 33.354 Loading class sun/rmi/transport/DGCImpl$1 done
Event: 33.354 Loading class sun/rmi/transport/SequenceEntry
Event: 33.354 Loading class sun/rmi/transport/SequenceEntry done
Event: 39.987 Loading class sun/net/ConnectionResetException
Event: 39.987 Loading class sun/net/ConnectionResetException done
Event: 39.989 Loading class java/lang/Throwable$WrappedPrintWriter
Event: 39.989 Loading class java/lang/Throwable$PrintStreamOrWriter
Event: 39.990 Loading class java/lang/Throwable$PrintStreamOrWriter done
Event: 39.990 Loading class java/lang/Throwable$WrappedPrintWriter done
Event: 39.991 Loading class java/lang/StackTraceElement$HashedModules
Event: 39.991 Loading class java/lang/StackTraceElement$HashedModules done

Classes unloaded (0 events):
No events

Classes redefined (0 events):
No events

Internal exceptions (20 events):
Event: 33.127 Thread 0x0000024379691260 Exception <a 'java/lang/NoSuchMethodError'{0x0000000086c54c90}: static Lorg/jetbrains/kotlin/daemon/common/LoopbackNetworkInterface$ClientLoopbackSocketFactory;.<clinit>()V> (0x0000000086c54c90) 
thrown [s\src\hotspot\share\prims\jni.cpp, line 1112]
Event: 33.144 Thread 0x0000024379691260 Exception <a 'java/lang/NoSuchMethodError'{0x0000000086c9c2e8}: 'java.lang.Object java.lang.invoke.Invokers$Holder.linkToTargetMethod(java.lang.Object, int, java.lang.Object, java.lang.Object, java.lang.Object)'> (0x0000000086c9c2e8) 
thrown [s\src\hotspot\share\interpreter\linkResolver.cpp, line 759]
Event: 33.155 Thread 0x0000024379691260 Exception <a 'java/lang/NoSuchMethodError'{0x0000000086cae588}: static [Ljava/rmi/server/ObjID;.<clinit>()V> (0x0000000086cae588) 
thrown [s\src\hotspot\share\prims\jni.cpp, line 1112]
Event: 33.161 Thread 0x0000024379691260 Exception <a 'java/lang/NoSuchMethodError'{0x0000000086cd1300}: static [B.<clinit>()V> (0x0000000086cd1300) 
thrown [s\src\hotspot\share\prims\jni.cpp, line 1112]
Event: 33.177 Thread 0x000002437968eef0 Exception <a 'java/lang/InterruptedException'{0x0000000086cdc5b8}> (0x0000000086cdc5b8) 
thrown [s\src\hotspot\share\runtime\objectMonitor.cpp, line 1658]
Event: 33.178 Thread 0x000002437968eef0 Exception <a 'java/lang/NoSuchMethodError'{0x0000000086cdda18}: 'java.lang.Object java.lang.invoke.DirectMethodHandle$Holder.invokeSpecial(java.lang.Object, java.lang.Object, int, java.lang.Object, long)'> (0x0000000086cdda18) 
thrown [s\src\hotspot\share\interpreter\linkResolver.cpp, line 759]
Event: 33.179 Thread 0x000002437968eef0 Exception <a 'java/lang/NoSuchMethodError'{0x0000000086cea710}: 'java.lang.Object java.lang.invoke.DirectMethodHandle$Holder.newInvokeSpecial(java.lang.Object, java.lang.Object, int, java.lang.Object, long)'> (0x0000000086cea710) 
thrown [s\src\hotspot\share\interpreter\linkResolver.cpp, line 759]
Event: 33.205 Thread 0x0000024379691260 Exception <a 'java/lang/NoSuchMethodError'{0x0000000086b16810}: static Lorg/jetbrains/kotlin/daemon/common/CompileService$CallResult;.<clinit>()V> (0x0000000086b16810) 
thrown [s\src\hotspot\share\prims\jni.cpp, line 1112]
Event: 33.206 Thread 0x0000024379691260 Exception <a 'java/lang/NoSuchMethodError'{0x0000000086b225a8}: static Lorg/jetbrains/kotlin/daemon/common/CompileService$CallResult$Good;.<clinit>()V> (0x0000000086b225a8) 
thrown [s\src\hotspot\share\prims\jni.cpp, line 1112]
Event: 33.208 Thread 0x0000024379691260 Exception <a 'java/lang/NoSuchMethodError'{0x0000000086b2f8a0}: static Lorg/jetbrains/kotlin/daemon/common/DaemonJVMOptions;.<clinit>()V> (0x0000000086b2f8a0) 
thrown [s\src\hotspot\share\prims\jni.cpp, line 1112]
Event: 33.221 Thread 0x0000024379691260 Exception <a 'java/lang/NoSuchMethodError'{0x0000000086b46778}: static Lorg/jetbrains/kotlin/daemon/common/CompileService$CallResult$Ok;.<clinit>()V> (0x0000000086b46778) 
thrown [s\src\hotspot\share\prims\jni.cpp, line 1112]
Event: 33.263 Thread 0x0000024379691260 Exception <a 'java/lang/NoSuchMethodError'{0x0000000086a1cf08}: static [Ljava/lang/Integer;.<clinit>()V> (0x0000000086a1cf08) 
thrown [s\src\hotspot\share\prims\jni.cpp, line 1112]
Event: 39.987 Thread 0x0000024379693ae0 Exception <a 'sun/net/ConnectionResetException'{0x0000000086ad20a0}: Connection reset> (0x0000000086ad20a0) 
thrown [s\src\hotspot\share\prims\jni.cpp, line 535]
Event: 39.987 Thread 0x0000024379691260 Exception <a 'sun/net/ConnectionResetException'{0x0000000086a9f568}: Connection reset> (0x0000000086a9f568) 
thrown [s\src\hotspot\share\prims\jni.cpp, line 535]
Event: 39.996 Thread 0x0000024379691260 Exception <a 'java/net/ConnectException'{0x000000008692d790}: Connection refused: connect> (0x000000008692d790) 
thrown [s\src\hotspot\share\prims\jni.cpp, line 535]
Event: 39.996 Thread 0x0000024379691260 Exception <a 'java/net/SocketException'{0x000000008692dd70}: Socket is not connected: shutdown> (0x000000008692dd70) 
thrown [s\src\hotspot\share\prims\jni.cpp, line 535]
Event: 40.008 Thread 0x0000024379691260 Exception <a 'java/net/ConnectException'{0x000000008692e848}: Connection refused: connect> (0x000000008692e848) 
thrown [s\src\hotspot\share\prims\jni.cpp, line 535]
Event: 40.008 Thread 0x0000024379691260 Exception <a 'java/net/SocketException'{0x000000008692ee28}: Socket is not connected: shutdown> (0x000000008692ee28) 
thrown [s\src\hotspot\share\prims\jni.cpp, line 535]
Event: 40.019 Thread 0x0000024379691260 Exception <a 'java/net/ConnectException'{0x0000000086931240}: Connection refused: connect> (0x0000000086931240) 
thrown [s\src\hotspot\share\prims\jni.cpp, line 535]
Event: 40.019 Thread 0x0000024379691260 Exception <a 'java/net/SocketException'{0x0000000086931820}: Socket is not connected: shutdown> (0x0000000086931820) 
thrown [s\src\hotspot\share\prims\jni.cpp, line 535]

VM Operations (20 events):
Event: 31.078 Executing VM operation: ICBufferFull
Event: 31.079 Executing VM operation: ICBufferFull done
Event: 31.422 Executing VM operation: G1CollectForAllocation
Event: 31.428 Executing VM operation: G1CollectForAllocation done
Event: 31.480 Executing VM operation: G1PauseRemark
Event: 31.488 Executing VM operation: G1PauseRemark done
Event: 31.513 Executing VM operation: G1PauseCleanup
Event: 31.514 Executing VM operation: G1PauseCleanup done
Event: 31.636 Executing VM operation: HandshakeAllThreads
Event: 31.636 Executing VM operation: HandshakeAllThreads done
Event: 31.642 Executing VM operation: HandshakeAllThreads
Event: 31.642 Executing VM operation: HandshakeAllThreads done
Event: 31.683 Executing VM operation: HandshakeAllThreads
Event: 31.683 Executing VM operation: HandshakeAllThreads done
Event: 32.683 Executing VM operation: Cleanup
Event: 32.684 Executing VM operation: Cleanup done
Event: 33.687 Executing VM operation: Cleanup
Event: 33.687 Executing VM operation: Cleanup done
Event: 35.688 Executing VM operation: Cleanup
Event: 35.688 Executing VM operation: Cleanup done

Memory protections (0 events):
No events

Nmethod flushes (20 events):
Event: 21.281 Thread 0x000002436d4c4280 flushing  nmethod 0x0000024355f39490
Event: 21.281 Thread 0x000002436d4c4280 flushing  nmethod 0x0000024355f3d410
Event: 21.281 Thread 0x000002436d4c4280 flushing  nmethod 0x0000024355f4ae10
Event: 21.281 Thread 0x000002436d4c4280 flushing  nmethod 0x0000024355f6eb90
Event: 21.281 Thread 0x000002436d4c4280 flushing  nmethod 0x0000024355f70890
Event: 21.281 Thread 0x000002436d4c4280 flushing  nmethod 0x0000024355f80e90
Event: 21.281 Thread 0x000002436d4c4280 flushing  nmethod 0x0000024355f81b90
Event: 21.281 Thread 0x000002436d4c4280 flushing  nmethod 0x0000024355f82990
Event: 21.281 Thread 0x000002436d4c4280 flushing  nmethod 0x0000024355f83410
Event: 21.281 Thread 0x000002436d4c4280 flushing  nmethod 0x0000024355f83e10
Event: 21.281 Thread 0x000002436d4c4280 flushing  nmethod 0x0000024355f88690
Event: 21.281 Thread 0x000002436d4c4280 flushing  nmethod 0x0000024355f97a90
Event: 21.282 Thread 0x000002436d4c4280 flushing  nmethod 0x0000024356002910
Event: 21.283 Thread 0x000002436d4c4280 flushing  nmethod 0x000002435600a690
Event: 21.283 Thread 0x000002436d4c4280 flushing  nmethod 0x0000024356038e90
Event: 21.283 Thread 0x000002436d4c4280 flushing  nmethod 0x0000024356070c90
Event: 21.283 Thread 0x000002436d4c4280 flushing  nmethod 0x0000024356071010
Event: 21.283 Thread 0x000002436d4c4280 flushing  nmethod 0x00000243560e2810
Event: 21.283 Thread 0x000002436d4c4280 flushing  nmethod 0x00000243560ef810
Event: 27.850 Thread 0x000002436d4c4280 flushing  nmethod 0x0000024355ca0690

Events (20 events):
Event: 30.530 Thread 0x00000243781a5620 Thread exited: 0x00000243781a5620
Event: 30.530 Thread 0x00000243781a50d0 Thread exited: 0x00000243781a50d0
Event: 30.734 Thread 0x00000243781a6b60 Thread added: 0x00000243781a4630
Event: 31.081 Thread 0x00000243777a3ef0 Thread added: 0x0000024379692190
Event: 31.478 Thread 0x00000243777a3ef0 Thread added: 0x0000024379691260
Event: 31.555 Thread 0x000002436d49d7c0 Thread added: 0x00000243781a50d0
Event: 31.813 Thread 0x0000024379691260 Thread added: 0x000002437968eef0
Event: 32.561 Thread 0x00000243781a40e0 Thread exited: 0x00000243781a40e0
Event: 32.700 Thread 0x00000243781a50d0 Thread exited: 0x00000243781a50d0
Event: 32.953 Thread 0x000002437968eef0 Thread exited: 0x000002437968eef0
Event: 32.994 Thread 0x00000243781a4630 Thread exited: 0x00000243781a4630
Event: 33.130 Thread 0x0000024379691260 Thread added: 0x00000243796926a0
Event: 33.145 Thread 0x0000024379691260 Thread added: 0x000002437968eef0
Event: 33.150 Thread 0x0000024379691260 Thread added: 0x0000024379692bb0
Event: 33.252 Thread 0x0000024379691260 Thread added: 0x00000243796930c0
Event: 33.253 Thread 0x0000024379691260 Thread added: 0x0000024379693ff0
Event: 33.338 Thread 0x00000243796930c0 Thread added: 0x0000024379693ae0
Event: 38.703 Thread 0x00000243781a7b50 Thread exited: 0x00000243781a7b50
Event: 39.992 Thread 0x00000243781a6b60 Thread exited: 0x00000243781a6b60
Event: 40.069 Thread 0x0000024379691260 Thread added: 0x0000024379694500


Dynamic libraries:
0x00007ff72f8a0000 - 0x00007ff72f8ae000 	C:\Program Files\Eclipse Adoptium\jdk-17.0.19.10-hotspot\bin\java.exe
0x00007ffd713e0000 - 0x00007ffd71646000 	C:\WINDOWS\SYSTEM32\ntdll.dll
0x00007ffd70af0000 - 0x00007ffd70bb9000 	C:\WINDOWS\System32\KERNEL32.DLL
0x00007ffd6e940000 - 0x00007ffd6ed3a000 	C:\WINDOWS\System32\KERNELBASE.dll
0x00007ffd6e7f0000 - 0x00007ffd6e93c000 	C:\WINDOWS\System32\ucrtbase.dll
0x00007ffd5e410000 - 0x00007ffd5e42e000 	C:\Program Files\Eclipse Adoptium\jdk-17.0.19.10-hotspot\bin\VCRUNTIME140.dll
0x00007ffd61750000 - 0x00007ffd61768000 	C:\Program Files\Eclipse Adoptium\jdk-17.0.19.10-hotspot\bin\jli.dll
0x00007ffd6f1d0000 - 0x00007ffd6f397000 	C:\WINDOWS\System32\USER32.dll
0x00007ffd52c50000 - 0x00007ffd52ee2000 	C:\WINDOWS\WinSxS\amd64_microsoft.windows.common-controls_6595b64144ccf1df_6.0.26100.8521_none_3e08b75ce33403b3\COMCTL32.dll
0x00007ffd6eea0000 - 0x00007ffd6eec7000 	C:\WINDOWS\System32\win32u.dll
0x00007ffd6fcc0000 - 0x00007ffd6fd69000 	C:\WINDOWS\System32\msvcrt.dll
0x00007ffd6f3a0000 - 0x00007ffd6f3cb000 	C:\WINDOWS\System32\GDI32.dll
0x00007ffd6ef90000 - 0x00007ffd6f0bb000 	C:\WINDOWS\System32\gdi32full.dll
0x00007ffd6edf0000 - 0x00007ffd6ee93000 	C:\WINDOWS\System32\msvcp_win.dll
0x00007ffd703e0000 - 0x00007ffd70412000 	C:\WINDOWS\System32\IMM32.DLL
0x00007ffd40410000 - 0x00007ffd4041c000 	C:\Program Files\Eclipse Adoptium\jdk-17.0.19.10-hotspot\bin\vcruntime140_1.dll
0x00007ffd059e0000 - 0x00007ffd05a6d000 	C:\Program Files\Eclipse Adoptium\jdk-17.0.19.10-hotspot\bin\msvcp140.dll
0x00007ffcd2600000 - 0x00007ffcd326c000 	C:\Program Files\Eclipse Adoptium\jdk-17.0.19.10-hotspot\bin\server\jvm.dll
0x00007ffd70bd0000 - 0x00007ffd70c86000 	C:\WINDOWS\System32\ADVAPI32.dll
0x00007ffd71280000 - 0x00007ffd7132a000 	C:\WINDOWS\System32\sechost.dll
0x00007ffd71160000 - 0x00007ffd71278000 	C:\WINDOWS\System32\RPCRT4.dll
0x00007ffd70590000 - 0x00007ffd70610000 	C:\WINDOWS\System32\WS2_32.dll
0x00007ffd6e4d0000 - 0x00007ffd6e52e000 	C:\WINDOWS\SYSTEM32\POWRPROF.dll
0x00007ffd65fd0000 - 0x00007ffd66006000 	C:\WINDOWS\SYSTEM32\WINMM.dll
0x00007ffd676e0000 - 0x00007ffd676eb000 	C:\WINDOWS\SYSTEM32\VERSION.dll
0x00007ffd6e4b0000 - 0x00007ffd6e4c4000 	C:\WINDOWS\SYSTEM32\UMPDC.dll
0x00007ffd6d400000 - 0x00007ffd6d41b000 	C:\WINDOWS\SYSTEM32\kernel.appcore.dll
0x00007ffd401e0000 - 0x00007ffd401ea000 	C:\Program Files\Eclipse Adoptium\jdk-17.0.19.10-hotspot\bin\jimage.dll
0x00007ffd6ba30000 - 0x00007ffd6bc72000 	C:\WINDOWS\SYSTEM32\DBGHELP.DLL
0x00007ffd70620000 - 0x00007ffd709a3000 	C:\WINDOWS\System32\combase.dll
0x00007ffd70490000 - 0x00007ffd70569000 	C:\WINDOWS\System32\OLEAUT32.dll
0x00007ffd54200000 - 0x00007ffd5423b000 	C:\WINDOWS\SYSTEM32\dbgcore.DLL
0x00007ffd6ed40000 - 0x00007ffd6ede8000 	C:\WINDOWS\System32\bcryptPrimitives.dll
0x00007ffd38120000 - 0x00007ffd38145000 	C:\Program Files\Eclipse Adoptium\jdk-17.0.19.10-hotspot\bin\java.dll
0x00007ffd003d0000 - 0x00007ffd004a7000 	C:\Program Files\Eclipse Adoptium\jdk-17.0.19.10-hotspot\bin\jsvml.dll
0x00007ffd6f3d0000 - 0x00007ffd6fb54000 	C:\WINDOWS\System32\SHELL32.dll
0x00007ffd6c230000 - 0x00007ffd6cab0000 	C:\WINDOWS\SYSTEM32\windows.storage.dll
0x00007ffd702e0000 - 0x00007ffd703d6000 	C:\WINDOWS\System32\SHCORE.dll
0x00007ffd70420000 - 0x00007ffd70487000 	C:\WINDOWS\System32\shlwapi.dll
0x00007ffd6e590000 - 0x00007ffd6e5b9000 	C:\WINDOWS\SYSTEM32\profapi.dll
0x00007ffd373f0000 - 0x00007ffd3740a000 	C:\Program Files\Eclipse Adoptium\jdk-17.0.19.10-hotspot\bin\net.dll
0x00007ffd661d0000 - 0x00007ffd662f9000 	C:\WINDOWS\SYSTEM32\WINHTTP.dll
0x00007ffd6d970000 - 0x00007ffd6d9dc000 	C:\WINDOWS\system32\mswsock.dll
0x00007ffd36980000 - 0x00007ffd36996000 	C:\Program Files\Eclipse Adoptium\jdk-17.0.19.10-hotspot\bin\nio.dll
0x00007ffd36960000 - 0x00007ffd36978000 	C:\Program Files\Eclipse Adoptium\jdk-17.0.19.10-hotspot\bin\zip.dll
0x00007ffd3fcb0000 - 0x00007ffd3fcc0000 	C:\Program Files\Eclipse Adoptium\jdk-17.0.19.10-hotspot\bin\verify.dll
0x00007ffd46e40000 - 0x00007ffd46e67000 	C:\Users\Albin\.gradle\native\68d5fa5c4cc2d200863cafc0d521ce42e7d3e7ee720ec0a83991735586a16f82\windows-amd64\native-platform.dll
0x00007ffcee880000 - 0x00007ffcee9c4000 	C:\Users\Albin\.gradle\native\e376f236ea51e6404a007f0833ffe2c6e607c4080706a723a18a27aeea778392\windows-amd64\native-platform-file-events.dll
0x00007ffd3fab0000 - 0x00007ffd3faba000 	C:\Program Files\Eclipse Adoptium\jdk-17.0.19.10-hotspot\bin\management.dll
0x00007ffd3c6a0000 - 0x00007ffd3c6ac000 	C:\Program Files\Eclipse Adoptium\jdk-17.0.19.10-hotspot\bin\management_ext.dll
0x00007ffd71330000 - 0x00007ffd71338000 	C:\WINDOWS\System32\PSAPI.DLL
0x00007ffd6dc50000 - 0x00007ffd6dc6b000 	C:\WINDOWS\SYSTEM32\CRYPTSP.dll
0x00007ffd6d360000 - 0x00007ffd6d399000 	C:\WINDOWS\system32\rsaenh.dll
0x00007ffd6da20000 - 0x00007ffd6da53000 	C:\WINDOWS\SYSTEM32\USERENV.dll
0x00007ffd6e560000 - 0x00007ffd6e58a000 	C:\WINDOWS\SYSTEM32\bcrypt.dll
0x00007ffd6dc70000 - 0x00007ffd6dc7c000 	C:\WINDOWS\SYSTEM32\CRYPTBASE.dll
0x00007ffd6cdd0000 - 0x00007ffd6ce03000 	C:\WINDOWS\SYSTEM32\IPHLPAPI.DLL
0x00007ffd70bc0000 - 0x00007ffd70bca000 	C:\WINDOWS\System32\NSI.dll
0x00007ffd666c0000 - 0x00007ffd666dd000 	C:\WINDOWS\SYSTEM32\dhcpcsvc6.DLL
0x00007ffd65fa0000 - 0x00007ffd65fc5000 	C:\WINDOWS\SYSTEM32\dhcpcsvc.DLL
0x00007ffd6ce10000 - 0x00007ffd6cf5a000 	C:\WINDOWS\SYSTEM32\DNSAPI.dll
0x00007ffd6d770000 - 0x00007ffd6d77d000 	C:\WINDOWS\SYSTEM32\DSPARSE.dll
0x00007ffd3bb60000 - 0x00007ffd3bb69000 	C:\Program Files\Eclipse Adoptium\jdk-17.0.19.10-hotspot\bin\extnet.dll
0x00007ffd3aa70000 - 0x00007ffd3aa7e000 	C:\Program Files\Eclipse Adoptium\jdk-17.0.19.10-hotspot\bin\sunmscapi.dll
0x00007ffd6e670000 - 0x00007ffd6e7e8000 	C:\WINDOWS\System32\CRYPT32.dll
0x00007ffd6de70000 - 0x00007ffd6dea0000 	C:\WINDOWS\SYSTEM32\ncrypt.dll
0x00007ffd6de20000 - 0x00007ffd6de5f000 	C:\WINDOWS\SYSTEM32\NTASN1.dll
0x00007ffd31af0000 - 0x00007ffd31af8000 	C:\WINDOWS\system32\wshunix.dll
0x00007ffd2def0000 - 0x00007ffd2df0e000 	C:\Users\Albin\AppData\Local\Temp\native-platform14926958433743045950dir\native-platform.dll
0x00007ffd380e0000 - 0x00007ffd380e7000 	C:\Program Files\Eclipse Adoptium\jdk-17.0.19.10-hotspot\bin\rmi.dll

dbghelp: loaded successfully - version: 4.0.5 - missing functions: none
symbol engine: initialized successfully - sym options: 0x614 - pdb path: .;C:\Program Files\Eclipse Adoptium\jdk-17.0.19.10-hotspot\bin;C:\WINDOWS\SYSTEM32;C:\WINDOWS\WinSxS\amd64_microsoft.windows.common-controls_6595b64144ccf1df_6.0.26100.8521_none_3e08b75ce33403b3;C:\Program Files\Eclipse Adoptium\jdk-17.0.19.10-hotspot\bin\server;C:\Users\Albin\.gradle\native\68d5fa5c4cc2d200863cafc0d521ce42e7d3e7ee720ec0a83991735586a16f82\windows-amd64;C:\Users\Albin\.gradle\native\e376f236ea51e6404a007f0833ffe2c6e607c4080706a723a18a27aeea778392\windows-amd64;C:\Users\Albin\AppData\Local\Temp\native-platform14926958433743045950dir

VM Arguments:
jvm_args: -XX:MaxMetaspaceSize=512m --add-opens=java.base/java.util=ALL-UNNAMED --add-opens=java.base/java.lang=ALL-UNNAMED --add-opens=java.base/java.lang.invoke=ALL-UNNAMED --add-opens=java.prefs/java.util.prefs=ALL-UNNAMED --add-opens=java.base/java.nio.charset=ALL-UNNAMED --add-opens=java.base/java.net=ALL-UNNAMED --add-opens=java.base/java.util.concurrent.atomic=ALL-UNNAMED -Xmx2048m -Dfile.encoding=windows-1252 -Duser.country=FR -Duser.language=fr -Duser.variant 
java_command: org.gradle.launcher.daemon.bootstrap.GradleDaemon 8.0.1
java_class_path (initial): C:\Users\Albin\.gradle\wrapper\dists\gradle-8.0.1-all\aro4hu1c3oeioove7l0i4i14o\gradle-8.0.1\lib\gradle-launcher-8.0.1.jar
Launcher Type: SUN_STANDARD

[Global flags]
     intx CICompilerCount                          = 12                                        {product} {ergonomic}
   size_t CompressedClassSpaceSize                 = 436207616                                 {product} {ergonomic}
     uint ConcGCThreads                            = 3                                         {product} {ergonomic}
     uint G1ConcRefinementThreads                  = 13                                        {product} {ergonomic}
   size_t G1HeapRegionSize                         = 1048576                                   {product} {ergonomic}
    uintx GCDrainStackTargetSize                   = 64                                        {product} {ergonomic}
   size_t InitialHeapSize                          = 232783872                                 {product} {ergonomic}
   size_t MarkStackSize                            = 4194304                                   {product} {ergonomic}
   size_t MaxHeapSize                              = 2147483648                                {product} {command line}
   size_t MaxMetaspaceSize                         = 536870912                                 {product} {command line}
   size_t MaxNewSize                               = 1287651328                                {product} {ergonomic}
   size_t MinHeapDeltaBytes                        = 1048576                                   {product} {ergonomic}
   size_t MinHeapSize                              = 8388608                                   {product} {ergonomic}
    uintx NonNMethodCodeHeapSize                   = 7602480                                {pd product} {ergonomic}
    uintx NonProfiledCodeHeapSize                  = 122027880                              {pd product} {ergonomic}
    uintx ProfiledCodeHeapSize                     = 122027880                              {pd product} {ergonomic}
    uintx ReservedCodeCacheSize                    = 251658240                              {pd product} {ergonomic}
     bool SegmentedCodeCache                       = true                                      {product} {ergonomic}
   size_t SoftMaxHeapSize                          = 2147483648                             {manageable} {ergonomic}
     bool UseCompressedClassPointers               = true                           {product lp64_product} {ergonomic}
     bool UseCompressedOops                        = true                           {product lp64_product} {ergonomic}
     bool UseG1GC                                  = true                                      {product} {ergonomic}
     bool UseLargePagesIndividualAllocation        = false                                  {pd product} {ergonomic}

Logging:
Log output configuration:
 #0: stdout all=warning uptime,level,tags
 #1: stderr all=off uptime,level,tags

Environment Variables:
JAVA_HOME=C:\Program Files\Eclipse Adoptium\jdk-17.0.19.10-hotspot
CLASSPATH=C:\Users\Albin\Documents\EPSI\E5\inexia-connect\mobile\android\\gradle\wrapper\gradle-wrapper.jar
PATH=C:\Program Files\Eclipse Adoptium\jdk-17.0.19.10-hotspot\bin;C:\Program Files\Eclipse Adoptium\jdk-17.0.19.10-hotspot\bin;C:\Users\Albin\AppData\Local\cloud-code\installer\google-cloud-sdk\bin;c:\Users\Albin\AppData\Roaming\Code\User\globalStorage\github.copilot-chat\debugCommand;c:\Users\Albin\AppData\Roaming\Code\User\globalStorage\github.copilot-chat\copilotCli;C:\Program Files (x86)\VMware\VMware Workstation\bin\;C:\Python313\Scripts\;C:\Python313\;c:\Users\Albin\AppData\Local\Programs\cursor\resources\app\bin;C:\Users\Albin\AppData\Local\Programs\Opera;C:\Program Files\Eclipse Adoptium\jdk-21.0.4.7-hotspot\bin;C:\Windows\system32;C:\Windows;C:\Windows\System32\Wbem;C:\Windows\System32\WindowsPowerShell\v1.0\;C:\Windows\System32\OpenSSH\;C:\Program Files\dotnet\;C:\Program Files\Git\cmd;C:\Program Files (x86)\dotnet\;C:\Users\Albin\AppData\Local\Microsoft\WindowsApps;C:\Users\Albin\.dotnet\tools;C:\Program Files\JetBrains\PhpStorm 2024.2.3\bin;C:\Users\Albin\AppData\Local\GitHubDesktop\bin;C:\Program Files\nodejs\;C:\ProgramData\chocolatey\bin;C:\WINDOWS\system32;C:\WINDOWS;C:\WINDOWS\System32\Wbem;C:\WINDOWS\System32\WindowsPowerShell\v1.0\;C:\WINDOWS\System32\OpenSSH\;C:\Users\Albin\.platformio\penv\Scripts;;C:\Program Files\Docker\Docker\resources\bin;C:\Program Files\OpenSSL-Win64\bin;C:\Users\Albin\AppData\Local\Microsoft\WindowsApps;C:\Users\Albin\AppData\Local\Programs\Microsoft VS Code\bin;C:\Users\Albin\.dotnet\tools;C:\Program Files\JetBrains\PhpStorm 2024.2.3\bin;C:\Users\Albin\AppData\Local\GitHubDesktop\bin;C:\Users\Albin\AppData\Local\Programs\cursor\resources\app\bin;C:\Users\Albin\AppData\Roaming\npm;C:\Users\Albin\AppData\Local\JetBrains\Toolbox\scripts;C:\Users\Albin\.dotnet\tools;C:\src\flutter\bin;;C:\Users\Albin\AppData\Local\Microsoft\WindowsApps
USERNAME=Albin
LANG=en_US.UTF-8
OS=Windows_NT
PROCESSOR_IDENTIFIER=AMD64 Family 23 Model 104 Stepping 1, AuthenticAMD
TMP=C:\Users\Albin\AppData\Local\Temp
TEMP=C:\Users\Albin\AppData\Local\Temp



Periodic native trim disabled


---------------  S Y S T E M  ---------------

OS:
 Windows 11 , 64 bit Build 26100 (10.0.26100.8521)
OS uptime: 5 days 7:38 hours
Hyper-V role detected

CPU: total 16 (initial active 16) (16 cores per cpu, 2 threads per core) family 23 model 104 stepping 1 microcode 0x8608103, cx8, cmov, fxsr, ht, mmx, 3dnowpref, sse, sse2, sse3, ssse3, sse4a, sse4.1, sse4.2, popcnt, lzcnt, tsc, tscinvbit, avx, avx2, aes, clmul, bmi1, bmi2, adx, sha, fma, vzeroupper, clflush, clflushopt, hv
Processor Information for all 16 processors :
  Max Mhz: 1801, Current Mhz: 1801, Mhz Limit: 1801

Memory: 4k page, system-wide physical 14181M (2191M free)
TotalPageFile size 41493M (AvailPageFile size 345M)
current process WorkingSet (physical memory assigned to process): 291M, peak: 336M
current process commit charge ("private bytes"): 353M, peak: 428M

vm_info: OpenJDK 64-Bit Server VM (17.0.19+10) for windows-amd64 JRE (17.0.19+10), built on Apr 25 2026 08:04:44 by "admin" with MS VC++ 17.12 (VS2022)

END.
